021000221010	0.551211	3
112202012000	1.674081	2
212202202100	0.605220	2
010100000241	0.587076	3
000200200122	0.867535	0
204040114244	0.791800	2
120002201010	0.747309	0
210220211010	3.049982	0
040410440420	0.041289	2
100021200002	0.991604	0
000202120100	0.165262	0
100020000222	0.749056	0
002020220000	0.749472	0
010211210102	0.523611	0
212233211333	1069.002687	0
020100010202	0.547347	0
212011001112	0.546356	3
000000100001	1.380525	0
021110320202	0.671979	3
100120010002	0.883500	3
211002102021	1.597615	0
000220010210	1.869260	0
011102122000	0.629690	3
200002000000	1.558444	0
022011020002	0.800017	2
202020221010	0.439879	2
010010020002	0.563899	0
100002022000	1.307640	0
011012001121	0.839582	3
332220333200	1.901007	1
001012000221	0.537773	0
121020222211	0.849968	0
000100000000	0.033074	0
102102002010	4.088772	0
010000211010	1.000681	0
220002121020	0.726080	1
011002110102	0.610145	3
220001000240	0.476205	2
212012201000	1.536826	0
020201211202	0.779836	0
100212000141	0.218333	3
010012120002	0.723140	3
100002000202	0.380668	0
000001210000	4.001834	0
202020001211	0.724396	2
021110021200	0.704960	3
000122110201	0.505541	3
201020012010	5.822288	0
200210001011	0.663094	2
000001001200	0.540247	0
101020202110	0.710064	0
101121042112	0.437297	3
220000121020	0.173975	0
100010020040	0.395383	0
002202000111	0.529566	2
000010042001	0.484848	0
201202121110	0.859989	1
100000220003	0.152609	0
112102222111	0.796781	2
100002010000	2.135793	0
004140114144	0.119237	2
212110221220	0.702157	3
211200001003	4.040669	0
000002300212	0.133731	0
102100102012	0.762106	0
101120122220	0.776143	3
220000010243	0.821075	0
120100200010	0.998092	0
210121121202	0.867413	2
212102120003	0.548422	2
022010200003	0.801838	0
110200222000	0.802432	0
020211110112	0.737333	2
221210112220	0.438408	1
200010020100	0.761980	3
022210210211	0.672913	1
022200110000	0.626353	2
211000002010	2.093264	0
014142124145	0.539609	1
001000010021	0.743033	0
200211300222	3.117794	2
100201100201	0.597983	3
001010101022	0.501919	3
012011041020	0.374538	3
010000112000	0.649482	0
200201110240	2.475220	0
111021002012	0.607811	3
012000120003	1.872180	0
211020200000	10.159123	0
002201000101	14.035437	0
001020042020	1.761087	0
042410540400	0.179293	2
020200122003	0.643704	0
004040024245	0.548950	0
010002002010	4.062200	0
041421442412	532.220604	0
120020210000	23.244807	0
010002000102	0.512741	0
022010000100	2.825384	0
010021000112	0.437199	0
110212221122	0.547009	3
120010000200	1.061420	0
000210112102	0.786550	0
200010221000	0.797065	0
021033120333	0.779053	1
200202021111	1.224566	1
000102200203	163.571697	0
010220210200	5.050604	0
022102000011	2.108698	0
221100122000	0.095456	0
211000201002	4.609692	0
212000221100	0.515640	3
200020011010	2.179222	0
002110040010	0.927928	0
100121002202	0.381431	3
200011200102	0.741401	2
002100100100	1.502817	0
211010202220	0.975586	0
012233201333	8.199831	0
112200221012	0.818337	0
000200120110	1.396611	0
020120100021	0.726734	0
000012011000	6.591054	0
142410442420	77.003287	0
120210201122	0.869874	3
201100002200	1.191400	0
201001021202	0.765356	0
202010000010	0.663351	0
010000020201	1.047596	0
212002121203	1.340257	2
002022300021	0.643629	2
120100000202	23.887463	0
120012200021	0.708699	0
202200221020	5.372687	1
101202122102	0.756736	1
202100020000	0.775907	2
010001112000	0.774466	3
200110010102	0.936597	3
102220000011	0.272897	2
200120000122	0.824209	1
201120001021	11.303187	0
201100020002	1.649374	0
004142014244	0.220594	2
000011222112	0.297869	3
330112353102	0.552640	3
212010220020	0.637753	0
004040104244	0.054376	0
000020010210	0.529948	0
020000010102	1.749858	0
201020101020	26.411294	0
021011000121	0.664685	1
000012010102	0.724932	0
102100002000	0.719902	0
202212011111	2.673304	2
102100002001	1.275043	0
012220002012	0.582905	1
210201200000	50.996189	0
002200000101	2.845538	0
200100201023	0.757715	3
200211110002	0.851019	2
022110010200	3.696196	0
001002300210	0.641353	3
010000202001	0.346043	0
021120000020	21.778164	0
012002022100	0.809007	2
001021300200	0.847022	0
100210000120	0.608603	3
200020300020	0.824163	0
040421442400	7.727485	0
012001020003	0.665793	3
100202002111	0.702954	2
100102201200	0.745645	0
110021002000	0.617346	3
201000010000	0.793945	0
000102300110	0.494603	0
220210112003	0.717409	1
210001120020	0.748567	0
112212212112	73.440365	0
200102001200	18.521684	0
000000001220	2.040169	0
100102000100	0.443607	0
112022211001	0.765148	1
011222022111	0.800140	3
004142014045	0.896121	2
120120101001	11.567084	0
000011222012	0.417652	3
102120202210	0.708307	3
120122212200	0.984757	0
010011201122	0.702906	3
020000011002	6.049001	0
220221010222	0.690411	1
200200102000	3.451048	0
100110020200	0.719608	0
010200000122	1.168188	0
000000202003	0.052626	0
012211020112	11.000302	0
000001100001	0.526019	0
220102010100	1.177317	0
012001002022	0.578504	3
001002010040	0.710094	0
101020202010	0.186355	0
102002101020	3.287603	0
200211022212	2.027803	1
210022102210	1.293002	1
020000000243	4.817772	0
212102121021	0.855939	1
221002120200	0.948588	1
111220002023	0.843727	2
101001122022	0.682727	3
012010242011	0.821430	3
111120220220	0.850290	1
100122040003	0.956449	3
020002000110	11.126043	0
100100012200	1.120683	0
200202010122	0.866980	2
122021002012	3.027720	0
000201010220	26.753938	0
000101211200	0.615119	3
002021040010	0.444995	0
020011001212	0.725076	2
112001241022	0.666567	3
212102220020	0.626604	1
020000010100	0.626945	0
330200353122	0.877824	3
000110200112	0.791852	0
002001002212	0.760071	0
220101010140	0.835950	2
010210022002	1.622536	0
021212000101	0.693044	1
222201111210	0.712277	1
111201200140	0.713500	3
020000120200	2.543800	0
001021040012	41.427290	0
200121010200	0.749686	2
010001100240	0.273925	0
011020210000	0.504456	0
100211100002	0.701583	3
014241004244	119.173355	0
021220210111	0.737222	2
120020210200	5.228919	0
112100221200	0.738141	2
002001020010	1.419936	0
010210000200	1.621254	0
120211220122	0.680590	3
020021000100	16.562989	0
110012120043	0.574950	3
112002201021	0.723868	1
101001022220	0.842695	3
330021333140	1.057393	3
200000000122	3.624371	0
200022000021	0.726975	1
100112002200	4.140149	0
022110022212	4.200412	0
010100222040	0.764261	0
000122002201	0.753316	0
122121111212	1.738694	0
000022340121	0.871984	0
000200120022	0.775404	0
012011220112	0.704707	3
000222012021	0.828348	2
020102010001	1.647193	0
100020020201	0.759427	0
101001220000	0.844661	3
210000001210	1.160540	0
202121101212	0.724281	1
201000020100	1.122081	0
022100000011	1.090512	0
112000200013	1.032408	0
122020200010	12.814516	0
001000000211	0.781398	0
000000101022	0.905202	0
200210000210	0.884103	2
000200010243	1.631449	0
122000002000	91.681706	0
010211211202	1.304308	3
002022301011	0.720280	2
212102120110	1.006512	2
220200111100	0.643184	2
002100120003	0.859204	0
000001021112	0.687631	0
212111220210	0.671751	1
001133	0.979814	1
021220012110	1.552436	2
012012020000	3.869767	0
120112112112	0.778717	0
022000100010	3.678243	0
020020020003	0.632355	0
210200111040	0.895047	0
101000222023	0.868905	3
020000020002	5.040415	0
114041204044	0.543264	3
200201112102	0.878218	0
212010221010	0.579013	0
121120102003	0.742900	0
201000221000	1.860183	0
001012300202	0.687124	3
002200010140	0.799267	0
040412441400	0.827672	2
002100040000	1.397564	0
021001002021	0.483216	3
201120000011	4.779703	0
222000121022	0.653757	2
220110120112	0.704037	3
210000140010	1.645440	0
012010040010	0.925820	0
120100220140	45.588360	0
351400	0.623320	2
011002200040	0.611506	3
120211012202	0.820131	3
010202111100	0.758857	3
021211212122	0.681059	1
110020222000	0.783549	2
101002002222	0.821364	2
000000000241	3.892453	0
102000111200	1.357680	0
000201200010	10.945261	0
101122200001	0.823255	3
330022333121	0.011516	1
102002	8.288803	0
000010201100	0.842730	0
022211221212	1.030023	1
120002110240	1.055420	0
112102201203	3.422401	2
001021000001	7.611695	0
000221001001	11.349945	0
000002110202	0.610024	0
121220012000	1.000985	2
002100002022	2.272293	0
000222002101	0.499702	2
110112221001	1.165715	3
330220333102	3.631673	1
101122002221	0.206310	3
100220221003	1.505262	2
011020222012	0.827192	0
001001021022	0.614199	0
200102101240	1.084309	0
201211301222	0.781664	2
012000002012	0.916077	0
120212210202	0.691746	3
210200120100	18.064731	0
210200210001	2.196970	0
000210001000	0.320424	3
041400441403	0.034419	2
000100120201	0.820299	0
001212320121	0.888914	2
142400442412	25.097844	0
110002220240	0.648039	2
021020110100	3.031239	0
010211120000	1.316900	3
122000101002	6.218754	0
210222221101	0.811722	2
020012221001	0.840860	0
112002002010	1.868540	2
012100020010	0.728292	2
201012001023	0.851537	0
014240204244	0.883484	1
020012000102	5.081003	0
000121000101	0.611692	0
200102000241	1.375169	0
200221000112	3.882008	0
112200210200	1.752728	0
211212002022	1.539495	0
002002	7.001614	0
112000200003	0.225450	0
001210300222	0.868782	2
241420442410	0.371796	1
200211300002	0.136144	2
100212001100	0.726588	3
000022010021	0.295640	0
001000142012	1.286066	0
022002010100	1.608342	0
201202012102	1.043214	2
102100002210	1.041032	0
010200010122	0.759840	0
220001112020	0.810180	2
222001101200	0.776351	1
011220110010	1.004480	0
000120002211	0.871339	0
020200000110	0.803711	0
014040014144	0.354489	2
221001122102	0.747276	3
000000040101	0.592186	0
210212000122	0.914101	0
200011202012	0.553091	2
210021120001	0.794092	0
330201333101	4.848605	3
121100100200	2.112298	0
020112010202	1.396349	0
100010002112	0.443617	0
211001222010	0.690831	0
021101012222	0.772908	3
000020102210	1.139182	0
022010102210	0.852472	0
210210000040	12.446209	0
000120020022	0.545118	0
020100020043	0.163796	0
212001201003	0.727926	3
110212210141	0.607912	3
022020010201	0.791319	2
200022002211	1.916180	1
020212210202	0.767291	2
021002100002	1.296271	2
000101100240	0.263005	3
210110120100	0.730126	3
100011102002	0.813413	3
002210002012	7.948892	0
212021201002	0.678734	3
000201310201	0.873608	0
201101021200	0.688994	3
010200011020	4.066361	0
010112020101	0.822338	0
202100121003	0.796350	2
201100102010	0.582885	3
201201221200	1.031940	0
102120002020	0.545426	3
010000020010	0.442412	0
010212220101	0.782636	0
212101021200	0.823730	1
002121300102	0.582741	2
010100220042	0.838378	0
020210000122	0.750996	2
102020001011	0.526192	0
000002000220	0.392157	0
100002220003	0.854471	0
002002001222	1.422552	0
210210210202	13.614685	0
210102021040	1.192982	0
001110000001	0.853348	3
102210002102	9.665158	0
020033041333	0.544994	2
210202101100	4.077793	0
011200020140	1.155205	0
100000101022	0.825804	0
000212000112	0.190617	3
102012211001	0.838997	0
010011200002	0.849272	3
332211333102	5206.717325	0
104140004045	0.335993	3
330020353020	0.114998	2
001110041022	0.680349	3
120000222013	0.756534	0
202210021000	0.395823	1
201022002121	10.687771	0
002001202010	0.814882	0
012000241000	0.638601	0
020000102100	1.340731	0
042401540402	1.642694	2
011121220202	0.796327	3
202010042011	0.823871	3
110211212122	0.640621	3
002001200102	0.698903	3
012102320100	0.778058	2
100110110140	0.763999	0
021222010111	0.744930	1
220033221333	0.391520	1
120200211200	0.349641	3
000211000200	0.746984	0
001010041122	0.089144	3
210102220140	0.633244	0
022000000112	13.329492	0
041400440421	0.435928	2
000111200200	0.732708	2
110102221202	0.640309	2
020002010022	1.391839	0
000100202001	0.951949	0
010012002002	7.722335	0
221010141021	0.605736	2
112001210000	0.655020	3
010200200001	6.281666	0
100102112100	0.905584	0
102121012212	0.287689	3
112002211012	1.574024	1
200100000220	0.803410	0
121110002122	0.950339	3
010002000010	0.422284	0
000001000141	0.670467	0
210000100011	0.736055	0
010100000001	0.548963	3
221200112003	0.218357	2
022210000021	1.164343	2
000100000101	0.179674	0
000033042333	0.008364	3
010101120101	0.899531	2
122200211010	52.389915	0
020120100043	0.294194	0
122210210200	6.830348	0
001001102012	0.616096	0
212021041002	0.795642	3
101221	18.384635	0
121110200022	0.885345	3
002002001212	1.808576	0
102112222012	25.696848	0
100200002000	0.287207	0
011102222100	0.758009	3
020101110202	0.447723	0
002202000010	1.181598	2
002021001202	0.657207	0
200011042012	0.473488	2
000001210101	2.535617	0
000211001002	0.623413	3
210122120211	1.154010	2
220021000201	1.002271	2
100012010022	0.809329	0
110211212112	0.577731	3
012012001010	6.504625	0
014042024244	0.446409	1
110000000003	0.574583	0
201201111200	2.550820	0
120000222023	1.228027	0
202210011000	1.153575	2
002001202020	0.650934	0
211010201020	0.543453	0
210100222100	0.695558	3
121001100140	0.644479	3
111012002020	0.875557	1
020011100112	0.470437	2
220000102013	0.410200	0
022122021011	2.112220	2
011102221220	0.741066	3
221110122022	0.718159	3
100122042101	0.325271	3
222120121010	0.618592	1
014240014245	3.006605	1
110202221100	0.695172	2
110121221222	0.811988	1
041412442420	0.760710	1
000120020020	0.823739	0
120010211020	0.410274	0
020000111200	1.814658	0
221201112140	0.564595	3
121001002011	0.855284	3
210202110110	1.038486	0
200001100012	1.011855	0
002202001112	1.501246	1
000100110120	0.841061	0
000211200102	0.598626	0
040401540411	0.712256	3
100211221212	0.858485	3
001122040001	0.654754	0
012012000112	6.345335	0
121120102110	11.641197	0
042400540422	0.815427	2
001202001110	0.649369	2
020101110000	0.530429	0
004240014044	2.066652	1
200020300201	0.732832	0
001201300102	0.728732	0
121022120000	0.949611	1
121101220201	0.577842	3
021120000201	1.201929	0
010001102002	0.782881	3
041400440412	0.183272	2
121033002333	0.891215	1
200010000140	0.688811	3
100000100010	0.225154	0
102200002112	100.458699	0
022201311200	1.214601	2
002010221020	1.821694	0
022011020202	1.000212	2
200020110010	0.991506	0
202102201220	3.190422	1
012210010020	5.598346	0
012102042203	9.941841	2
000022010011	1.777114	0
201210	4.156796	2
012220210000	1.844106	2
330202333122	0.508260	2
110210201000	0.517081	3
220000110240	0.704253	0
002210010210	1.863263	0
200120002211	0.677611	1
210120021000	0.727157	2
220110101000	0.764946	3
222000122013	0.673072	2
000010002222	0.655095	0
212011141022	0.466310	3
200200011140	1.293576	0
000120020012	0.764947	0
200001000111	1.073532	0
212000	1.014007	0
112102222010	0.505948	2
100112020222	0.778627	0
101220222112	1.798346	1
000212000121	0.400813	0
001010000022	0.073450	0
000200002110	3.177555	0
021020002001	1.074216	0
110002202000	0.342382	2
001000010120	0.801154	0
202002111201	0.745576	2
010000020020	0.489364	0
002000010122	0.794088	0
001001110000	0.710167	0
101000002201	0.710785	3
212002212003	4.261928	2
000020110012	1.100334	0
201010022221	0.838889	3
020212010100	0.582049	2
021001300222	0.792496	3
021033002333	0.619664	1
212210101120	2.944651	0
041401440412	0.085454	3
002100201020	0.587399	0
002200000000	8.090826	0
011000222023	0.884507	0
100220022003	1.472686	2
221010002020	0.335584	2
010210000100	0.749167	0
002000301002	1.493556	0
002002320001	17.322640	0
021221112220	1.967546	0
002211200112	1.534601	0
002100200000	0.421445	0
010021200001	0.803716	0
022211000012	1.119976	2
000112110241	1.000246	0
120211210012	0.760002	3
022211300112	1.538452	2
020200000003	0.198602	0
201220001211	0.848127	0
112021001212	0.560524	3
000011021122	0.704410	3
010110120040	0.701176	3
112220212112	0.449413	1
110000210221	0.712152	3
110010210200	0.670544	3
201000111000	3.178985	0
201011001022	0.232449	2
100210000021	0.727393	3
221101112200	0.421038	3
201012002122	54.736237	0
001001200222	0.692302	0
010000202100	0.541879	0
200211210102	0.806416	1
000011002222	0.782838	0
011211222122	0.947090	3
200000000111	1.587312	0
012000002022	0.761331	0
012001200010	0.461080	3
212202211010	1.417960	2
004241224244	30.242592	0
120000102103	0.534230	0
001022000022	0.477453	0
122020040010	0.820030	0
101001002201	0.630507	3
020012000201	6.467064	0
001101220240	0.595802	3
212021001010	0.202307	3
002120000102	0.802664	2
120033201333	0.229046	3
002120002010	0.419528	2
022120021001	0.835784	2
222012101112	1.952017	2
102100042020	1.411345	0
001220220000	25.287045	0
002220202010	0.748435	2
021101022000	0.828261	3
001122101121	0.804190	3
200022000011	0.735913	2
002000102010	9.604082	0
021112010220	1.086325	0
020121212201	1.018923	0
000020100010	1.079099	0
012001042002	0.583281	3
202010000020	0.204129	0
140400442410	0.026893	3
000100100202	0.461448	0
122020102210	2.992528	0
201010000022	0.196089	0
101000100003	0.748674	3
330010333200	0.071128	3
211210210220	20.241387	0
211100222200	0.879143	0
200110001102	0.826815	3
204240004044	0.739035	1
000001101002	0.752613	0
000010240000	0.509948	0
112001200100	0.720474	3
100002100000	0.540885	0
111102222100	0.837802	1
210011020102	0.782187	3
010000041010	0.505428	0
211100021100	1.159642	3
100121200201	0.625758	3
010102100140	0.535620	3
212001201200	0.508277	3
120100110140	44.771388	0
000202002100	2.862396	0
201010010022	0.793905	0
021021001101	42.331275	0
211010102021	0.898453	3
010102021100	0.686133	3
000000100220	0.735238	0
002220011010	2.353042	2
000000022140	2.864836	0
020000100240	0.584098	0
120022000101	0.839313	2
201212021121	0.914569	1
000210000140	0.174881	0
010212010112	0.481201	3
200201020000	8.266281	0
002102212100	4.270110	0
211200020000	15.288992	0
022000112212	1.408639	0
200210002110	1.130187	2
021220211112	1.137363	1
001211000222	0.696713	2
122120002211	4.795137	0
222000121012	0.743958	2
020101010211	0.772849	3
100121002200	0.328443	3
020020300121	1.016605	0
222110121220	0.600250	3
020020120000	3.087516	0
101211002121	0.838842	1
202212011122	5.160368	2
000000012100	0.287282	0
022120110210	4.210808	2
201210202021	6.494592	1
000002121100	0.791031	0
011122222121	0.665506	3
022212000110	0.852540	2
100210020102	0.749794	3
021120	16.957034	0
010100122140	0.260858	3
020202110101	0.671402	2
210012020020	2.017403	0
002022001010	0.754906	2
201212011120	0.844957	2
011102120200	0.498037	3
102021211212	0.577772	3
010200002000	20.671578	0
021101012100	0.707456	3
022000002221	1.498429	0
010100202000	0.797966	0
021201212100	0.647309	3
000020000212	0.429595	0
212010221111	0.725549	3
102002101010	4.960561	0
001002020040	0.282512	0
112111	0.398638	1
101020202020	0.450200	0
012002002001	1.070267	2
102000022020	2.348060	0
200110010140	0.872925	3
101020101211	0.690707	3
222110101011	0.745920	3
000220300022	2.431209	0
200020021000	4.138486	0
220100010003	0.777511	3
021201211220	0.263426	3
201000200043	0.844931	0
001202	0.129816	2
041401441422	0.062341	3
000220101100	4.843247	0
332020333110	0.327558	2
102120040011	0.260405	3
014141114244	0.897157	1
110121220201	0.696415	1
110100020041	0.776234	2
201212010022	1.108775	2
211000102002	24.743153	0
102121122211	0.658928	3
000000000022	0.154133	0
000133102333	0.314110	2
121002002020	0.801077	2
000011020112	0.169802	3
000002000140	0.033666	0
022211210222	0.846755	1
221110102122	0.689929	3
100012210101	0.843523	0
002001000011	0.238604	0
000000012040	0.162722	0
010000000101	0.278473	0
110001200020	0.458510	3
200012001001	1.118653	0
100010202001	0.640085	0
330200333000	0.016815	3
102122122111	0.387938	3
000100021201	2.865248	0
020000210200	0.502374	0
120100120040	25.075616	0
100102202110	0.860571	0
020021010040	0.587823	0
012212010102	7.328133	0
351420353411	1.015820	1
100100120020	0.755587	0
001202002102	0.665910	2
010001122000	0.529926	3
200120002000	0.870451	1
100102210240	0.212814	0
222000112003	0.824331	2
120101212212	0.816266	3
000002022003	2.300072	0
122122000211	3.416310	0
110021201022	0.198129	3
201001222200	0.833426	0
000020020210	0.879759	0
110000221222	0.834277	3
212010210020	0.753736	3
010120	0.132531	2
241400442420	0.348697	2
330022333020	0.176168	1
021112110022	1.217901	0
220000002010	0.797015	0
220012000021	2.220875	2
001002300220	0.553946	3
010202010100	0.183884	0
021200212201	0.635382	2
100101202010	0.778641	3
211122	25.291352	0
212011141002	0.715557	3
200212100002	0.827390	2
022210012010	1.058479	1
201002042000	0.356218	0
200020300010	0.720480	0
000010020040	0.720821	0
002021000102	0.637161	3
002021300002	1.838048	0
001000142001	1.943521	0
021120000010	9.840607	0
020020012210	1.535951	0
022210010102	1.382773	2
100000012010	2.173306	0
002112000112	4.411198	0
102020112112	0.657279	3
021001012021	0.757066	3
020012220002	0.733951	0
100101220212	0.789947	3
120210212222	0.809795	3
201100011100	1.191254	3
001021000100	35.570129	0
202010001212	0.469002	0
021220200010	0.726341	2
001121000202	0.865929	0
212012041000	1.424756	0
001020040021	2.301439	0
001120020211	0.732582	0
120000211203	1.130398	0
001120340000	0.660713	3
000002301000	0.365602	0
100000210003	0.280065	0
210200012000	19.745769	0
022101000201	0.860165	2
100010020002	0.333614	0
022011122112	1.038893	1
000200120003	6.039406	0
330201333000	132.026698	3
221100101001	0.708248	3
010001300001	0.765895	0
010001000101	0.169400	0
021011	0.160858	1
020100200100	1.856556	0
202100021000	0.441261	2
102102222000	0.732720	0
110200212000	0.266407	0
210200210220	98.936094	0
211010101121	0.718420	3
100010002200	0.498356	0
120100212212	5.136293	0
211110122221	0.759989	3
012020201011	0.603024	2
020200000100	0.876679	0
220000011203	0.861728	0
101202002102	0.747879	1
210202111120	0.727387	0
001000020021	0.837508	0
202200221000	2.574386	1
100122102001	0.481982	3
002020300211	0.664471	0
201220001000	12.441077	0
001020042010	0.628717	0
331002333211	0.833163	1
021201212201	0.703638	3
212002102003	1.018483	2
000102001102	1.135474	0
120111220200	0.604310	3
200000010022	1.487001	0
201012000221	1.925614	0
120012101022	0.832484	0
124140224244	89.768213	0
000001300240	0.050618	0
101002102020	0.693312	2
110002211201	0.198863	2
200010020200	1.278402	0
022010002022	1.118131	0
000101200222	0.823795	0
202002121120	1.794413	1
112021222212	0.679980	3
000112300241	0.415223	0
021033110333	0.823525	1
011022102211	0.730130	3
210210020000	7.434262	0
010021000122	0.483516	0
020001200240	0.822446	0
021100020041	1.019409	3
352410543400	52.967104	0
002202120101	0.923288	2
000201000222	8.445029	0
011012211222	0.807375	3
001000041100	0.742655	0
000122000100	0.644600	0
122120022000	10.832014	0
011012000022	0.625549	3
012202022110	1.561124	2
210110120040	0.648808	3
200010002002	0.282594	0
000100340012	0.558262	0
022000102003	7.673989	0
002020022210	1.224250	0
220011112002	0.804923	1
120002020000	3.447431	0
000120010112	0.777661	3
102020000012	0.368244	0
212011201210	0.594328	3
000001012100	0.786150	0
000201012240	30.239800	0
000220212000	1.316912	0
020101010000	0.231634	0
200200010101	2.120449	0
212011001122	0.858343	3
102002020003	10.140616	0
022210000120	1.586935	2
012122340001	0.751404	1
012220020003	0.772341	2
010211220102	0.581722	0
020201012220	0.414160	0
000202110100	0.294182	0
001200300200	0.479605	0
022000022010	6.993913	0
212000111100	0.756596	3
022012210210	0.798266	0
011000120043	0.724670	0
211100121000	2.152051	0
201211221222	1.997329	1
121010102022	0.666832	2
020001020100	0.734971	0
002022100211	0.623192	2
000001020101	0.432752	0
020202010112	0.664779	2
010022040000	0.483333	2
110220200010	0.642707	2
120010210140	0.412822	0
000102010240	0.066138	0
111102222120	0.769575	1
020102110122	0.729265	0
002110000102	0.580438	0
100002012000	0.864362	0
001000002122	1.750847	0
211000242010	0.481447	0
002110300002	0.683245	0
201222302011	5.232419	2
222102111200	12.873670	2
014041104144	0.181239	3
220002121010	0.792122	1
020000102001	1.503746	0
210102200100	1.127510	0
202211001012	0.440869	2
101121042122	0.255324	3
020221010102	5.464732	0
122200112200	11.739938	0
201020022010	8.590361	0
210121000222	0.754574	1
210202000100	2.686307	0
020110000022	0.996991	0
022000002003	4.681609	0
112022211010	0.799908	1
100001211020	0.830118	3
002020122210	1.657230	0
011102020102	0.790547	3
000002001222	0.477989	0
000120010120	0.569725	3
011122001121	0.654796	3
220000102020	0.131475	0
001010040122	0.174377	3
120102210101	1.182037	0
222120111110	0.712512	1
021001102200	0.821740	3
201210001020	0.448586	2
001001020100	0.535905	3
140411442410	0.652269	3
021201011101	0.805822	3
212011101122	0.752510	3
202000101011	0.741293	0
211000021000	0.789694	0
330002333120	0.181025	2
102100041000	0.553761	0
010001220240	0.522350	0
202200210003	1.530281	1
022020000110	1.424755	2
110010201000	0.451671	3
201011202022	0.721371	2
200211001212	0.922328	2
202200001203	1.377670	2
110000210201	0.326871	3
100020101020	0.761539	3
021122010011	2.498696	0
330020333040	0.047647	2
020022002211	0.633608	1
000111002212	0.546885	2
010010000240	0.525621	0
201000042011	0.343839	0
200200222000	3.911003	0
200110110242	0.737462	3
002021202012	0.741555	0
200001100210	0.813782	0
112011221112	0.571392	3
112012220100	1.616244	0
022100122010	3.006474	0
112002211220	0.606808	1
021201210001	0.816795	3
002002200110	0.804011	0
101200001003	0.241137	2
014041004144	0.079710	3
002210000001	24.384288	0
021012021120	0.684997	1
101001122001	0.704156	3
012202001120	1.056880	1
120000222010	0.314227	0
010200000101	2.817577	0
022011112210	0.862057	1
122020201011	1.427292	0
000212300112	0.344893	3
020221110201	3.801673	0
020120300222	0.804668	0
100000100022	0.607033	0
220011112102	0.782888	1
210201120000	61.783105	0
221102101000	7.816575	0
020100020040	2.570561	0
201202021120	0.795744	1
002012000211	1.980166	0
002000002220	1.059287	0
022021110002	0.786115	2
022011022112	1.016796	1
102033100333	252.519940	3
112012220200	1.550550	0
010012040020	0.839110	0
210002000202	0.655969	0
100010001000	0.081079	0
001201220200	1.011670	0
010020020012	0.810865	0
221100101000	0.304112	0
021021110000	11.477012	0
001000002222	0.801281	0
000001040211	0.671747	0
000002012111	0.737966	0
022002100100	1.162744	0
000200220020	2.678473	0
000020042011	0.708580	0
110200212001	0.831011	0
020211010122	0.766884	2
002020001001	1.291949	0
211010101120	0.689151	3
200012000220	48.442108	0
000100020020	0.746063	0
112020002010	0.652119	2
020100010241	2.312778	0
112000200000	0.077662	0
200212302102	1.094774	2
102120002212	0.248205	3
110202110100	0.861994	2
000001300241	0.278930	0
332002333212	2.283295	1
110002000000	0.430848	2
000000240001	1.066687	0
221233112353	0.748609	1
002022320101	0.339517	2
101121202220	0.600603	3
010212020001	0.633362	0
021000100043	0.224507	3
020100101000	2.749350	0
000200021120	1.952391	0
021000012020	0.557926	0
012000002010	0.382279	0
000020121010	0.664861	0
211010100022	0.823643	0
100100000241	0.541034	0
002010220010	0.600110	0
120012200002	4.126451	0
202200101020	0.424369	2
011000002012	0.630446	3
021002101000	0.781219	2
000012021001	0.865697	0
000000040211	0.368890	0
201002002120	67.672501	0
210002100101	0.550958	0
021210010043	0.807900	1
112001241010	0.431792	3
110102022100	0.809201	2
000102001111	0.833057	0
010211100140	0.441293	3
010202020001	0.799357	0
000210300002	0.326292	0
021212011122	0.764761	1
020011002002	0.836359	2
221000100200	0.729336	0
100010102102	0.546479	0
012020002010	0.255939	2
002202120112	2.522865	1
211110122122	0.834741	3
011001220240	0.670332	0
221001112200	0.633136	3
022121111202	0.823850	2
202110101010	0.785932	3
000002300221	0.744426	0
020000112020	1.009286	0
142420442410	5.725115	1
330022333021	0.006535	1
021102100200	4.684419	0
212211021212	4.168351	0
040411440412	0.134555	2
010000001002	0.924645	0
201112302222	110.162359	0
112200212120	0.675299	0
000202000011	0.805852	0
101220212000	1.524157	2
010000210202	0.270771	0
221233112333	0.697902	1
011222212111	0.836022	3
002033001333	0.038301	3
011000220102	0.807602	0
020100110142	0.624159	0
010202110100	0.239128	3
101020142010	0.588420	3
210200010101	0.822163	0
010101000202	0.559874	2
010000040021	1.069589	0
012220010211	0.905418	1
001100002120	0.972369	3
021120100010	3.773739	0
211011100022	0.737442	3
330010333241	0.450932	3
220000110003	0.062489	0
200012020041	9.357902	0
112021220112	0.773023	3
000120102012	1.166596	3
100120020210	0.738433	3
110000222002	1.610304	0
001021300001	0.434818	0
120100101000	4.387335	0
000221000001	25.571662	0
101211102121	0.842940	1
020020020000	2.785685	0
000202320102	0.372091	0
110210210020	0.791206	3
022000100110	2.455934	0
000000101210	0.791264	0
101010040122	0.572525	2
210012020021	1.448017	0
010100022140	0.341225	3
012112220012	11.700613	0
112010202012	0.794602	0
021001000211	0.670322	3
220200110100	0.466073	2
000001022000	1.320122	0
000221300200	55.984408	0
201010011012	0.715462	0
022200211212	0.718371	1
002010000201	11.162797	0
121102212001	1.606348	0
001200300040	0.840956	0
110200110240	0.809952	0
002002310020	1.027646	0
000200012111	83.494864	0
000102300122	0.309519	0
000012210112	1.418536	0
100201200000	0.854886	0
000202010202	0.706015	0
011220200011	0.879616	0
042400541400	0.469292	2
200201010100	7.511677	0
021110002122	0.847085	3
101000102122	0.636919	3
011020112210	0.734397	3
201011041122	0.458562	2
200210000200	0.954044	2
011012200002	0.715826	3
104041304244	0.673237	3
011222110100	0.751900	3
142410442412	410.514985	0
000120010101	0.649721	3
010122340111	0.596000	2
212111221212	0.600808	1
220002120100	1.222043	1
200000300122	0.669501	0
200110200200	0.855800	3
202102111210	1.105150	2
000020101020	6.236861	0
102121122210	0.746135	3
112201200200	25.550597	0
000100112100	0.504401	0
200210202020	1.032026	1
011012002222	0.627701	3
020221310002	63.534975	0
200121020201	0.596486	2
101010202220	0.766274	2
331000333200	0.261951	2
201000021100	1.644745	0
200110002020	0.747182	3
020001102000	0.576398	0
000002100140	0.544514	0
121120222011	8.963795	0
102121100012	0.791753	3
000012011012	0.794127	0
332000333202	0.445654	3
012200012000	1.703054	0
212102221020	0.709646	1
202010000021	0.644558	3
100200212203	0.806036	0
000102300240	0.261110	0
100101012221	0.873508	3
012122000001	0.737101	1
200110020040	0.811932	3
202200011221	0.826904	2
100020010200	1.162187	3
140400442411	0.268174	3
114040224144	1.010523	2
100020201000	0.376642	0
022033	2.232805	2
012010001112	1.128063	3
200200121200	2.450085	0
212011101010	0.778015	3
000011201212	0.740594	3
101020002110	0.699528	0
021010211021	0.787699	2
102021202012	1.081678	0
011020211000	0.848310	0
210002141010	29.889479	0
100211101002	0.815465	3
110112210101	0.791137	3
000000210100	0.292702	0
212001201201	0.767701	3
000000301200	0.247764	0
201010041000	0.491085	0
001112001121	0.565067	3
210010102020	1.233768	0
020122110201	0.957518	0
000011110202	0.553818	3
202220011011	1.751585	2
120121212212	3.336728	0
202000101200	2.036131	0
110010220102	0.801225	3
010112120200	0.509161	3
001012101120	0.929493	3
201001000000	0.268897	0
200120040012	5.110686	2
101000202012	0.490046	3
211002020020	0.806689	0
200020010002	1.227593	0
210110020201	0.656667	3
020000222100	0.668348	0
001002010140	0.833605	0
220211102112	0.863719	1
120102200100	64.558353	0
002100002010	0.564758	0
000012020040	0.835775	0
200221001022	14.479764	0
102011	12.410121	0
000000200112	6.714411	0
020011022012	0.731991	2
021221012200	6.835573	0
002010300020	19.563857	0
111220002000	0.793677	2
010100122240	0.677481	3
110201201200	0.709587	3
001001300202	0.582762	0
021100000022	2.038378	0
021100340000	0.639789	0
120020122023	2.180525	0
020101320240	0.698876	0
200000300022	0.700017	0
021033102333	0.800236	1
002200300101	2.766694	0
201022	11.966147	0
100011200200	0.840756	3
122120122211	1.421299	0
000201020241	46.374128	0
021012002021	1.363524	2
104240114044	2.428182	1
021022010221	1.294989	1
012022000211	0.425988	1
101002212000	0.839247	2
000102000110	0.918614	0
350401543402	0.211890	3
102010012012	1.098177	0
020012210102	1.082687	0
000102300010	0.837604	0
001102000120	0.515248	0
100210000020	0.162123	3
101122102211	0.580292	3
201011101022	0.732265	2
121200212222	0.829338	2
021120020100	26.385816	0
220100212003	0.639490	3
021120320000	58.746279	0
120012000121	1.109578	0
002101020202	0.676474	2
000002100111	0.780829	0
220200121003	0.748156	2
021001001221	0.325529	3
200100000120	0.797188	3
002012101011	1.227517	0
000100340020	0.811443	0
022101310201	0.859980	2
200011011202	0.790132	2
022210012212	1.131752	1
020020001010	1.711992	0
120011210002	0.660078	3
220221212211	0.808408	1
101001002200	0.206985	3
010221000002	58.069751	0
002000110220	3.954034	0
200200021023	8.975986	0
002002212000	32.562159	0
102100021200	0.886184	0
330021353012	0.095900	3
020200310100	0.689985	0
120120000200	9.157748	0
210211000012	1.932274	0
110211210112	0.776929	3
020021300012	5.258709	0
330012333211	0.380858	3
010001002002	0.750238	0
021221012122	0.837554	0
112012212112	24.342825	0
100120020140	0.827153	3
002012001002	14.649371	0
041412442422	0.644597	1
002201000001	13.280723	0
000001110001	0.330523	0
200112020021	1.179846	0
021000210010	0.714529	3
121033102333	0.665383	1
102020010211	0.773456	3
011201210202	0.738507	0
000112200002	4.486967	0
102100102220	0.766769	0
000202000200	0.642554	0
010212022112	0.993164	3
201120002210	17.192640	0
102100020140	0.754117	0
000100220240	0.589859	0
334041334044	0.046458	3
110212220122	0.797940	3
000102200200	15.161439	0
100011022012	0.769825	3
120000212110	2.066896	0
142401	59.944523	0
100012120222	0.763968	3
200010220000	0.531091	0
210020100101	0.821124	0
104140014244	0.217418	3
120000210002	15.267050	0
110001001020	0.737986	3
202233201333	0.523703	1
010002200002	0.979598	0
100010102122	0.647310	0
332211333002	3533.203692	0
011122000111	0.809020	3
212011041022	0.574223	3
100002011000	0.829776	0
220110101001	0.857236	3
110202212122	0.659548	2
020112210200	61.727932	0
002200002101	1.630657	0
202201101000	0.758682	2
001020202100	0.817546	0
221002111111	1.190305	2
111021202112	0.434739	3
010100220001	0.545588	3
000200002111	7.110629	0
212000021000	0.601141	0
110112221022	0.651395	3
212212221111	1.038408	0
120122101111	7.078575	0
112002222000	0.916366	2
330020353012	0.454884	2
101201002120	0.682732	3
022200110100	0.713903	2
020001	0.694410	0
100220101003	0.798720	2
000002022010	2.310656	0
112102121203	0.932859	2
201100002020	3.986453	0
010000120020	0.657258	0
102120102010	0.161560	3
212020001011	0.771180	2
100100000010	0.439901	0
022010200000	9.120251	0
002011001222	1.497460	0
000100300000	0.005671	0
104140014045	0.678165	3
010002010240	0.399949	0
001000001000	0.037218	0
001012300221	0.449531	3
330221	153.838107	0
210011102002	0.815044	3
212021141002	0.574322	3
220033101353	0.373926	1
011012000121	0.827648	3
000021220201	0.948990	0
020001010000	0.051527	0
120120211100	3.609799	0
002001100200	1.586902	0
120010220040	0.256550	0
020001201200	0.789229	0
202020221110	0.466837	2
012002110000	0.787951	2
002210002020	12.399434	0
000000220013	0.365964	0
002202010001	0.818509	2
200001202003	0.405910	0
100000001012	5.041391	0
001210002022	0.705687	2
040412442421	0.854139	2
210122120210	1.112294	2
000200011020	4.411387	0
212001140000	0.644907	3
202011041002	0.549432	2
001020002110	1.850688	0
001020000002	0.994041	0
021202300100	0.655607	1
002012042020	1.332584	0
202211000022	0.801895	2
010122020111	0.687521	2
002000220002	0.873439	0
201121012212	32.220066	0
021210012220	0.727397	1
002020041012	0.836335	0
022011012012	0.882416	1
021222110121	0.806934	1
000100210202	0.783803	0
001020041010	0.352687	0
010002122003	1.630646	3
000200010212	0.654868	0
200021001010	1.911371	0
200002300000	0.478100	0
001000021010	0.629675	0
100000202000	0.021163	0
331000333241	0.653011	2
000000100101	1.515406	0
021110020202	0.602600	3
000200210120	1.046566	0
022221300211	2.127959	2
001020202013	0.889587	0
202000000021	0.736741	0
120021200000	8.948880	0
022110020200	5.450290	0
002020221000	0.843962	0
112010200012	1.028273	0
120000000240	14.964140	0
202211201122	1.049141	1
200002000202	1.389685	0
011000200020	0.492227	0
120022211221	2.709424	1
101020001012	0.753951	0
220010000140	0.631355	2
000001021101	0.835366	0
022010040000	3.119801	0
000010002210	0.796781	0
102121022012	0.753908	3
102020001010	0.332382	0
000102011240	0.785386	0
110012120021	0.829779	3
012000200022	0.824073	0
201012340021	0.407441	0
022011010102	0.652876	2
000002022001	1.470587	0
011002102200	0.756885	3
221121	43.329581	0
100000001022	0.682595	0
101121000212	0.689791	3
110200202100	0.776686	0
010012110102	0.805457	3
010001041010	0.836244	0
000000310012	0.691999	0
010002040002	0.657255	0
221010121020	0.592444	2
010000210020	0.565635	0
121201012000	0.651305	3
220002120010	0.777397	1
211012222020	1.022330	0
001020002120	10.665811	0
221211112202	0.734884	1
222102111203	38.053191	2
120002212000	0.758324	0
200110200021	0.887319	3
040412442411	0.727361	2
000201	9.920301	0
011121122212	0.828930	3
212011201022	0.626386	3
222102110200	23.312009	2
201210100020	0.692629	2
022011012022	1.161154	1
120020120003	20.300166	0
000220212003	0.800669	0
010200020141	1.641698	0
201020001210	1.249252	0
002000222010	0.724166	0
004140024044	0.020051	2
100002120100	0.834930	0
211002210020	1.436952	0
100001121112	0.759076	3
001010141022	0.825146	3
000220000201	5.202246	0
021001201020	0.860349	3
012120222112	0.523538	1
110210220043	0.745694	3
102121112212	0.485632	3
221201302211	0.907623	3
100002220000	4.111634	0
121001102021	0.713325	3
112202211102	1.007965	1
010211220002	1.152363	0
012220022112	4.320745	1
000202110000	0.830174	0
010010002020	0.744605	0
200001040002	0.547631	0
102120101011	0.806640	3
012122340101	0.154272	1
000012010001	1.272234	0
202000201002	0.671236	0
011120042020	0.652637	3
201012001221	1.744836	0
010101122202	0.667284	2
000001000240	0.057688	0
101121002012	0.371573	3
100010021000	0.707470	0
011211221112	0.863193	3
000102000102	0.525881	0
102200102122	0.743693	0
210033201333	0.034052	3
201220002112	123.696397	0
001020042013	0.501326	0
110100221020	0.657547	2
201220001003	0.878766	0
011211102122	1.221195	3
201000010200	1.690103	0
112220211211	1.044785	1
001000042012	0.524670	0
002102200100	2.712879	0
221100122201	0.652049	3
202012221011	0.785735	0
200010002102	0.776902	3
020200200000	0.590887	0
221100121122	1.065175	3
202200101121	0.882767	2
020002020010	6.821500	0
022002110100	2.571488	0
104140024244	0.121381	3
210210021000	0.806379	0
001020000000	2.469079	0
212011211022	0.871361	3
122220221112	3.767831	1
100010100000	0.104412	0
020112110202	4.111568	0
100010102112	0.712945	0
202210011012	0.781970	2
330201333100	20.107758	3
020220000102	0.793760	1
002012300210	6.720938	0
012212001102	8.788556	0
121021102220	1.179332	0
020100121040	3.033818	0
110202212112	1.007035	2
022100122011	1.028041	0
212010140000	0.776526	0
022020010200	0.734535	2
110212210140	0.680232	3
100010220140	0.874237	0
202200221003	1.781318	1
010112120101	0.955771	3
120000010003	0.473968	0
002020001100	1.107102	0
001100340002	0.301830	3
000100300042	0.568161	0
112011211220	0.775793	3
002011001212	0.315802	0
210200002000	8.499936	0
000020010203	5.326727	0
010021200022	0.435033	0
202100021003	0.733681	2
000010010021	0.643221	0
000002012010	1.448621	0
200212100102	1.357889	2
200000300012	3.794126	0
121000210020	0.797814	0
330012353102	0.540694	3
000011220202	0.699610	0
100102002010	0.706654	0
010210210040	0.748291	0
112021202211	0.743353	3
101022040021	0.611880	2
002002310000	0.950392	0
120000212010	0.125399	0
010222000021	0.696375	2
021200202100	0.813905	2
042400442401	5.531216	1
001122001112	1.300111	3
330022333120	0.320470	1
210000200020	0.970383	0
121000012200	0.748466	0
010212220112	0.549400	3
000222102101	0.748032	2
000002010202	0.896349	0
002021300102	0.682244	3
021120010100	1.074291	0
102200000122	1.129302	0
001022300222	0.428935	3
001100120200	0.758583	3
200102001240	0.830411	0
221101122201	0.511750	3
002010022011	0.637275	0
000012002200	1.901924	0
020222011111	0.801633	1
020000211200	0.776225	0
000020302012	0.374636	0
120102010240	5.404620	0
001002200200	1.130051	0
022100221010	4.335049	0
121012102002	1.665398	2
110001201020	0.368012	3
210002100000	28.850565	0
000200110010	0.657230	0
201002002021	2.164607	0
202210300022	0.914138	2
200110002200	0.748610	3
112200211112	0.814024	0
000000340210	0.628120	0
022112	31.217907	0
112010000020	0.981225	0
110021200022	0.414672	3
102100200000	0.425920	0
020012100102	8.473116	0
201233110333	0.824866	2
021002300200	0.816639	1
002202021112	1.219416	1
100121201012	0.773845	3
014140104244	0.326157	1
100020240010	0.827037	0
011002200020	0.683100	3
021002211100	0.843977	2
101001122220	0.677857	3
200000221001	0.779164	0
212102221010	0.713278	2
000020000020	0.451436	0
210002211200	1.463395	0
221011112222	0.800164	1
020101212202	0.802610	0
102120041011	0.351964	3
120211110112	0.691156	3
000102040002	0.845205	0
110021040012	0.798972	3
001222320101	0.780299	2
000112110041	1.143967	0
222110100011	0.783832	3
220100010000	0.945224	0
020011220112	0.464843	2
201020100011	0.801708	0
200210101200	0.815555	2
001000002203	0.589234	0
042400540401	0.159152	2
100201	2.913838	0
200200111200	2.287826	0
002000020003	5.386067	0
000233211333	0.599205	3
011200211000	0.783980	0
100102202100	0.711318	0
001220010000	3.289021	0
020001200200	0.500032	0
200102010102	0.854314	0
212211211010	1.514621	0
120202212100	0.738797	2
222012111001	1.638251	2
101112200021	0.754920	3
022010200200	0.803896	0
000002101020	0.672582	0
102021000112	0.597366	3
104140024044	0.076180	3
000220100102	1.948572	0
022211000102	1.319602	2
000101110241	0.613044	3
000000000210	0.370891	0
201001002122	0.801821	0
102021102112	0.611340	3
022000100011	1.440483	0
241400541420	0.692765	2
000101220202	0.605178	0
221222112110	0.689892	1
202112001202	3.244672	0
202011011212	0.673961	2
102002100010	1.784085	0
020000120002	0.643575	0
101020202023	3.001708	0
012200210100	1.744463	0
201200101003	0.770419	0
001002020140	0.426179	0
012033221333	0.427970	3
210011222212	0.729025	3
111220002010	0.810330	2
010212110122	0.754298	3
200101000221	0.667283	2
002121112212	0.190317	2
201120000010	5.762034	0
101020122011	0.667236	3
220000102201	0.672476	0
120221212110	2.143277	0
212033040333	0.587301	3
000220300210	10.542430	0
002010300200	14.741704	0
012002021201	1.136633	2
000000221002	0.893192	0
000000022101	0.857489	0
010020210001	0.690978	0
220033210333	0.768878	1
012021001202	0.383009	3
011222122111	0.721044	3
201001101000	0.902302	0
001012101021	0.464792	3
201010011022	0.688509	0
202000000200	7.778999	0
120120101000	3.266053	0
020222010121	0.632051	1
010000210240	0.305683	0
112001201102	0.718670	3
102200000010	39.716839	0
000012020141	8.721725	0
021002000111	0.776074	2
201000002023	0.657014	0
334042	0.847898	1
002112300020	42.023916	0
202000202020	0.829423	0
010002000003	0.633116	0
000210300140	1.676018	0
212010211110	0.805524	3
012000040000	0.342030	0
002002310010	0.807595	0
001220222110	1.351653	0
020000100243	13.164445	0
112201201002	40.059507	0
020002100110	2.681171	0
000101000001	0.483369	3
001001002211	0.643893	0
022200210010	1.506976	1
010102221000	0.473378	3
222000121220	0.716147	2
102000122010	4.388022	0
020001110202	0.591025	0
200022001011	0.790754	2
121021102000	31.309615	0
220112100012	1.664006	0
210011020002	0.742321	3
240400540411	0.838136	2
200121010201	0.886576	2
200002101200	1.310535	0
000110340002	0.721052	0
112001200000	0.121180	3
201211011102	0.598943	2
200000100243	0.867240	0
200110000102	0.446532	3
040410540400	0.080220	2
201200211010	1.457924	0
002100000100	0.567996	0
332010333100	3.187898	3
011112221121	0.832191	3
202001042020	0.689218	2
000012200201	5.968594	0
000220120101	2.123791	0
200202020110	1.158287	1
100121102202	0.681688	3
220100220003	0.629170	3
020120000021	65.733877	0
220100221000	0.654646	0
120000102003	0.211613	0
210200110000	1.007648	0
100001101012	0.848769	3
002200001002	1.905448	0
001102102200	1.720655	3
100102220240	0.379506	0
041401441410	0.049607	3
200000010001	3.655049	0
210112100001	1.802174	0
204141214044	0.527152	1
211000201011	0.802413	0
200002320100	1.313639	0
210021340001	0.492064	0
120120101200	4.689846	0
021102020100	10.120464	0
110102221102	0.547913	2
024241024244	8.410638	1
004040004244	0.010534	0
020000112010	0.662555	0
020001120240	0.679412	0
001211	0.174491	2
020000110102	1.492136	0
020012300201	0.834317	0
110022020043	0.463945	1
002000300002	1.901203	0
001200300002	0.603736	0
100020042011	0.318601	0
002211011212	0.783491	0
202000120000	0.963432	0
001022001020	0.702450	3
022001000220	2.705307	2
112021221111	0.759470	3
000110020222	0.578895	0
121233	0.949171	1
201211	2.947962	2
021001000222	0.662297	3
020100000211	1.302365	0
112010202021	1.167263	3
010101221002	0.500930	2
001033202333	0.269161	2
021120100020	27.411621	0
201011000022	0.332855	2
022100001020	3.209182	0
022002300100	1.209440	0
012001121000	0.797076	3
201000111003	0.798194	0
122021211212	3.478274	0
000110002020	0.714831	0
120212212112	0.443424	3
221120121043	75.047369	0
000001110220	0.708598	0
022211000112	1.161305	2
212021000012	0.804368	3
021001022020	0.707050	3
202201000000	0.727669	2
101200222110	0.578897	2
102220002213	0.764073	1
004140014144	0.009518	2
100002110000	0.878895	0
110022201221	0.777923	1
000022342011	0.261376	0
221001112002	0.774835	3
210211000100	1.206992	0
000200020212	0.810248	0
042400441412	4.637980	1
012011000002	0.462178	3
020211010112	0.513293	2
000012020101	2.969294	0
221210012220	0.796457	1
022210001010	0.764185	2
020000211011	0.763040	0
001210300020	0.384665	2
000010020120	1.067799	0
022210210210	0.790964	1
000010320020	0.733601	0
210020200001	3.959627	0
000100020010	0.538652	0
110002202100	0.780338	2
002220100011	0.807988	2
110210120140	0.726408	3
000112201001	0.862871	0
002000010200	4.119962	0
102001102000	1.337682	3
212000121003	4.672360	0
001010001022	0.075379	3
200000101210	1.052727	0
021001100121	0.804208	3
212002020003	0.981137	2
020100020241	3.310983	0
102200001000	30.736054	0
220110100002	0.688759	3
350411	1.008110	3
011000201010	0.333309	0
111222212121	0.424593	1
001201300002	0.572247	0
001201000102	0.484777	0
110021201001	0.433558	3
011102020140	0.697948	3
010220001001	2.348078	0
212002201210	3.541985	2
021201011202	0.690597	3
220110122200	0.620017	3
122210112020	1.154099	0
001122000220	0.435762	0
100022300021	0.646009	2
002010220020	0.722040	0
000000322000	19.919934	0
102220002110	1.468294	2
010001202000	0.298068	0
200021100010	14.550021	0
120010210020	0.584990	0
110202220100	0.624854	2
334042333144	0.512291	1
010100000240	0.295513	0
010011200200	0.786375	3
001022020120	0.644323	0
201011001020	0.831694	2
121001100040	0.354854	3
212000222000	0.620590	0
014040124044	0.077509	2
100102100202	0.751659	0
211010200020	0.973298	0
100000101220	0.707677	0
201110022022	0.602014	3
000022010201	0.225225	0
022000100003	7.134417	0
040402442410	0.376979	2
330002333110	0.174875	2
112021012212	0.743061	3
002102110101	0.853402	0
101020001011	0.657375	0
202000101021	0.723653	0
212011101112	0.447436	3
200200020100	2.525819	0
220020101100	0.716095	2
120201211211	0.801968	3
001112100221	0.631587	3
112000201102	0.655281	3
200112020201	2.787356	0
112001110001	0.752049	3
000000100000	0.774346	0
001122041001	0.624237	3
121200212203	0.437107	2
122120102012	2.491521	0
201102002211	71.407754	0
200002300101	0.799300	0
201110000220	0.737103	3
100010210040	0.444283	0
202020221011	0.798051	2
000021002020	2.395239	0
110112222021	0.743871	3
000020202011	0.436466	0
121020002011	0.848562	0
021122010021	1.697231	0
002001001200	1.231470	0
100020101010	0.398029	3
201122302221	529.188592	0
001001102112	0.756466	0
201002000001	0.834007	0
000100112200	0.768044	0
200002040120	4.138911	0
001000100000	0.199558	0
201011000122	0.526644	2
001000101003	0.237520	0
110210010242	0.703977	3
120000222020	0.616920	0
122220211012	0.830609	1
330122353201	0.485010	1
210000210003	0.261386	0
112102021121	0.807350	1
010233	124.631183	0
012010201001	0.567981	3
100212000140	0.490142	3
212011001212	0.684307	3
220021300201	0.737883	2
012201002010	46.513805	0
011120102120	0.837979	3
010001000142	0.709390	0
200012040112	1.579135	0
220000121021	0.659584	0
002021000202	0.404210	0
201210000222	0.530810	2
221220112200	1.125434	1
001000220140	1.172346	0
100000102100	0.815688	0
100000200010	0.286522	0
120210211022	0.803363	3
330002333001	0.016031	2
200000010110	1.930900	0
202010001000	0.106568	0
022210012202	1.956003	1
221001002200	0.754611	3
212022201211	0.831674	1
100100201140	0.728015	3
024140	1.347220	2
121010222000	0.724853	2
000020300210	0.177166	0
111202212120	0.797794	1
122010200010	1.488196	0
112021201111	0.715119	3
002201020120	1.058124	0
012002222010	0.792635	2
011001201012	0.812872	3
100100121000	0.478918	0
000000342012	63.350267	0
200200000202	1.096536	0
212002201021	0.977465	1
210122340101	0.780152	2
020010020003	0.764237	0
000121000012	0.665606	0
204040304244	0.934790	2
122121001011	47.885642	0
002100000221	5.629281	0
221102102121	1.561917	0
122122002111	39.515358	0
112102122010	0.807851	2
100221000200	2.655306	0
010222020021	0.780608	2
210000201003	0.037421	0
200120002212	1.672545	1
202212001011	1.446427	2
001202000202	0.690775	2
121001002002	0.535830	3
210000200000	0.128963	0
110000200220	0.816555	0
022010040010	0.653271	0
104141004244	0.333542	3
000020210012	1.600962	0
001010000021	0.015924	3
000012041021	0.779271	0
221020002010	1.391375	0
011100020241	0.728711	3
000221020201	29.908491	0
000120300102	0.373495	3
000120302010	0.844058	3
112220221000	4.627835	2
200200112100	3.044113	0
200020300102	0.857632	0
201120002212	16.274416	0
101010201021	0.623241	2
001001202012	0.564075	0
202002021100	1.006515	2
112001211201	0.595830	3
012221002011	23.671206	0
210021140010	2.607521	0
120102210100	5.010784	0
101020202003	0.888753	0
100120211200	0.694136	3
010210011202	0.845865	3
210001120010	0.831376	0
102020221010	0.794866	0
012010200002	0.769274	0
221001120202	0.654456	3
210002212100	1.538914	0
012002210001	1.152398	2
101020102011	0.404687	3
021102010020	1.860790	0
100000101011	0.312595	0
012002001201	0.853025	2
121011122122	0.691087	1
001220300011	0.679521	0
000020001003	2.439221	0
112002221020	0.673562	1
000020000000	0.220514	0
001220000111	1.021114	0
210012001022	1.107222	0
102120002012	0.211744	3
022000000121	2.684007	0
210011221112	0.619262	3
101000001010	0.833767	3
220033111333	0.113472	1
102112021000	0.862706	0
241412	0.785360	1
020011200112	0.766067	2
101120002010	0.129321	3
102000022003	18.151939	0
020001002000	0.281687	0
221110122021	0.772647	3
021202011120	0.752025	1
011021040020	3.108669	0
000011211212	0.664987	3
042400540421	1.779792	2
110122020101	0.819569	1
001010042021	0.025447	3
101020000012	0.647413	0
001002040010	0.182524	0
000200300000	0.569315	0
220020102011	0.731115	1
121001002012	0.777225	3
102021101212	0.734306	3
100102222100	0.569875	0
242410441411	0.686487	1
110222220101	0.696047	1
104040214045	0.274719	3
221022121020	0.874867	1
000200001222	0.860579	0
000100200202	0.526190	0
120020120023	1.145803	0
020012010041	32.608094	0
010020012010	0.622398	0
201020021210	1.333114	0
000022300200	0.204818	0
020221012202	0.919536	0
220000112220	0.695389	0
001212000001	0.868239	2
200021000002	9.886098	0
200112000012	10.393694	0
220121110201	1.018096	2
010010000222	0.618699	0
022000102020	5.395679	0
121020202212	1.971991	0
021001201000	0.766450	3
001000000222	0.475945	0
010200000110	1.185162	0
000001201002	4.021503	0
200002010100	0.715416	0
212001101200	0.578000	3
330000333011	0.019706	3
200001000002	1.164407	0
100121100201	0.400734	3
000001340102	0.508167	0
330000353100	0.140550	3
121121212210	15.804442	0
212011201011	0.681749	3
010010022020	0.725019	0
001020202003	0.943816	0
210101121240	0.978437	2
121020220010	1.046259	0
100021000200	1.250872	0
211010102022	1.251206	0
221000102023	0.307082	3
011000220020	0.521062	0
120212210141	0.403149	3
220200110013	0.711957	2
102210000200	38.172927	0
021021001102	53.725850	0
100020001003	1.535922	0
100100002221	0.591361	0
002100210003	0.759282	0
101012002000	0.616368	2
102110002020	0.959195	0
000001200100	5.678795	0
021001000100	0.031525	3
020111010112	0.804478	2
002202010011	0.737082	2
020101010212	0.667657	3
200101300100	0.643712	2
000222110121	0.729488	2
010002040022	0.767909	0
101220010020	1.334378	2
021221011211	1.579014	0
000010000012	0.151857	0
212102221120	1.074434	1
001011042021	0.867778	2
021012210221	1.726397	1
012202100100	0.725747	2
020200011020	6.868007	0
102020212012	0.751858	3
211222001121	1.105064	0
021012001021	0.550571	2
110212200102	0.446861	3
000000241003	0.320883	0
010002202100	0.693433	0
110200210142	0.714340	0
002210000211	0.891902	0
000100201140	10.599789	0
112200211001	1.095526	0
001022010000	0.779264	0
100220212211	0.725989	1
202233211333	2.414723	1
021102021100	7.959277	0
100100020221	1.255415	0
000100302240	0.695507	0
200122101111	0.547903	2
120010222200	0.764879	0
002012202000	1.277731	0
012010140021	0.986496	3
210201100101	4.784615	0
010021001022	1.630805	0
200000212010	1.393856	0
120111010002	0.720981	3
210110020120	0.808137	3
010112120121	0.762411	3
010000102100	0.806264	0
201012002121	55.842736	0
120012100122	1.575392	0
001001100222	0.673641	0
210001200022	5.190755	0
022010200010	3.107414	0
024141114044	0.620887	1
010021200002	0.431339	0
021201000201	0.496545	3
211020200222	3.021772	0
100122012203	0.822996	3
112220212111	1.424037	2
000020221003	1.581629	0
120010100040	0.623258	0
142400442421	62.269617	0
100010210200	0.764369	0
000100000040	0.209865	0
000121200200	0.827788	0
001000340100	0.747778	0
100000042020	0.571087	0
002000040002	0.468431	0
002011002112	0.398866	3
122033120333	141.029030	0
221120101020	28.479854	0
000210120200	0.848666	0
021000211003	0.516015	3
211000202100	0.606963	0
022201210101	1.004271	1
200211200120	0.870959	1
201200001022	1.144386	0
001122102201	0.802092	3
200020010000	6.961804	0
001222000101	0.356364	2
010233021333	2.327300	3
110220212021	0.785603	2
101121200212	0.862794	3
102111012212	0.748903	3
041401442400	0.058416	3
100002010222	0.693995	0
002000001021	2.239715	0
102011002012	1.086942	0
020100000020	9.350373	0
000021001212	1.317069	0
100000002003	0.055159	0
100102200001	0.831830	0
201220101010	0.885260	0
200112000120	7.898875	0
010000100040	0.143255	0
102200001020	19.218571	0
011022200021	0.793134	3
211002020003	31.369337	0
000000240011	0.373044	0
200011002102	0.545414	2
000200210110	0.522876	0
011000221010	0.630560	0
001000202120	4.357584	0
111222212101	0.369566	1
200012001002	1.417304	0
010001200202	0.563628	0
102100201020	0.720304	0
210000120122	1.309995	0
000120020200	0.595466	0
020200010010	0.324167	0
122001110000	2.180472	0
010000220100	0.369333	0
201212011022	0.818504	2
220110102200	0.692720	3
200200001221	3.461281	0
021002111000	0.589685	2
120212211100	0.690582	3
102012042011	24.154148	0
100220010210	1.832472	1
100102110240	0.420135	0
220001100003	0.529426	2
121120100000	2.256142	0
100010000222	0.422216	0
001120110100	0.838539	3
010210110140	1.293405	3
011210202022	0.709101	3
212001201010	0.403464	3
110220010020	1.994981	2
202000001201	3.458486	0
121101221200	0.683395	3
012011020002	0.799932	3
000012020121	0.601053	0
010202112100	0.769384	3
212102221012	2.186045	1
220210111121	0.792129	1
012100000003	0.270592	2
101001212021	0.773531	3
112000201222	0.820392	0
201020002022	44.582141	0
021120002101	0.695986	0
012220101010	0.847724	2
202020201011	0.733752	2
021122010001	1.378002	0
020121110220	0.837930	0
000111002202	0.691849	2
221120112112	0.766471	0
010120022112	0.688968	2
011102220200	0.479278	3
000200300211	1.474596	0
020022002201	0.756069	1
120201212111	0.618929	3
212020211012	0.417477	2
011101022200	0.813753	3
101211002122	0.382094	1
200120041021	1.937537	1
100002002001	0.759867	0
200102120000	1.208894	0
201210202022	0.830610	1
122110221022	7.694176	0
222100121040	0.690176	2
000020000211	0.363772	0
000200110000	1.674823	0
100212020140	0.661440	3
212011021212	0.810644	3
002012002020	8.886419	0
101200011003	0.799840	2
002000300111	1.006091	0
212000210010	0.697456	3
200020020100	2.738738	0
010001020142	0.743538	0
000211000022	0.294221	0
210010000002	0.532313	0
001012002022	0.730237	0
220102112000	0.809333	0
000120000120	0.503967	0
102120040012	0.488289	3
021000020003	0.142766	3
210210012200	1.175362	0
000220310200	1.130559	0
102121222211	0.500673	3
211000202002	11.454597	0
000020140000	20.154730	0
330102333240	0.578029	2
022001110110	0.787576	2
002021001010	0.218483	0
000000202201	1.286804	0
021033	0.538964	1
220100001020	0.679802	0
120020020010	6.214619	0
000001002101	4.263745	0
012200122100	0.857443	0
222110101012	0.762161	3
100220002021	0.812255	2
000220300021	5.247261	0
002122201011	0.660670	2
112220222011	3.315903	2
002002001000	7.442206	0
002122010211	0.504976	2
002001000012	0.226495	0
332010333012	35.205344	3
020220210200	0.815800	1
021011041022	0.780330	1
000000000021	9.129860	0
200002100020	0.847472	0
001121320222	0.823250	3
210022211201	0.998078	2
010101122201	0.548515	2
001202320100	0.329579	2
200002320101	0.778324	0
101000100020	0.681892	3
200033220353	0.251238	2
202020000010	0.761911	2
241401442402	0.705962	3
122120001011	57.815969	0
000222002121	0.509083	2
212002001021	0.964498	1
102102100110	1.158187	0
200211121112	0.792219	1
210100020003	0.481130	3
100000200122	0.834870	0
120121020201	11.935938	0
201002101200	11.332600	0
020120110021	0.760339	0
000000020240	2.547422	0
000012040011	0.240646	0
022200012210	1.970346	1
001220111010	1.338127	0
330212333201	0.632490	3
010120220140	0.690195	2
000110340022	0.704013	0
210011211202	0.762156	3
011002221000	0.777683	3
021022001211	0.859786	1
202000001012	0.368958	0
020000222000	0.131110	0
020122012101	1.214463	0
101011212222	0.699801	1
010211120102	0.921575	3
010102020120	0.543956	0
102021001010	5.717504	0
201020042023	10.250985	0
000100121200	0.969469	0
010101020240	0.063547	2
212102121100	0.592404	2
121010202022	0.799926	2
211100221000	1.541677	0
201212301021	0.777736	2
020122320201	145.948912	0
120120121000	6.156199	0
022201010040	0.535384	2
120010110140	0.756936	0
010020000012	0.277616	0
202020111010	0.630507	2
000001020102	0.477509	0
012002220100	1.204771	2
010012001202	0.679513	3
122020101010	3.690035	0
100211201122	0.729524	3
101010002122	0.215585	2
122020002012	3.457089	0
000010040120	0.690337	0
210000141000	1.170556	0
220012112221	1.597666	1
100122040101	0.136953	3
114040004244	0.663814	2
102002300011	0.842155	0
102010002120	1.066814	0
101001022002	0.682211	3
112201201022	15.573207	0
222110101212	0.731884	3
002002000001	1.355767	0
020020302011	0.756871	0
221000111043	0.273654	3
200020010211	5.903980	0
020121212211	0.997009	0
000001110042	0.802832	0
021100212020	0.700865	0
020101000241	0.748459	3
002200001020	2.949670	0
210012210000	2.235995	0
112002220010	1.700976	2
100000110003	0.562928	0
012000200010	0.436242	0
012020201012	0.837050	2
000022300001	0.010779	0
021120300101	0.844183	0
020011201000	0.823964	2
024240014045	0.869069	1
020020002211	0.774711	0
021220010221	1.581766	1
202012021112	1.568237	0
001002041020	0.222224	3
201100001101	0.860347	3
042433441333	13.117944	1
024140214045	4.518842	1
101001040022	0.715576	3
000001110200	0.126216	0
330112	0.439026	3
021001002020	0.194270	3
021120340020	37.669262	0
001100220020	0.629756	0
202002011000	3.324360	2
212110101000	0.767324	3
000201000212	3.395042	0
120111010200	0.550492	3
120012201022	0.787856	0
221101111000	0.389014	3
021020100000	34.939913	0
000001111140	1.176610	0
111233	0.965713	1
001022020122	0.788047	0
101002202020	0.809653	2
201202121001	0.658144	1
010000010100	0.476673	0
022021300201	2.909550	2
120211210200	0.639277	3
212002101111	0.801273	2
020200212003	0.469166	0
200000010021	1.853413	0
120111120200	0.624750	3
332012333002	27.401261	0
022221002212	1.081192	1
011020020010	1.048558	0
221220121211	0.588207	1
000201000221	6.377870	0
100220111011	1.188620	2
112200211210	1.257465	0
200020040011	0.279737	0
124053224345	2.801090	0
200012000222	12.556110	0
121220212202	0.952521	1
000101200221	0.611703	3
200212010202	0.885288	2
000112300242	0.473752	0
021033210333	0.843586	1
100020042001	0.434767	0
020202	0.204501	2
220011340000	0.805626	1
021100020120	0.738631	3
002200212000	6.711883	0
011002220040	1.041310	3
221122112202	0.654679	0
202212001110	1.028149	2
101120222220	0.817391	3
002100201010	0.768655	0
100220020102	1.138887	1
000210020002	0.318150	0
330200333120	0.589057	3
100122001111	0.423787	3
121220201211	0.785127	1
100000120003	0.296972	0
200211010012	0.825630	2
002200001010	4.012045	0
220102100200	41.037316	0
200110041022	0.825715	3
000202000240	0.711082	0
200122000211	0.652540	2
112121	0.278441	1
010101020202	0.142023	2
022100011020	3.481692	0
200211111122	0.789162	2
102122021211	0.474910	3
010100120101	0.256751	3
020200010103	0.711615	0
201212300022	0.471207	2
102220001000	1.779810	2
112110221000	0.785363	3
000122200201	1.378692	0
000212300140	0.620584	0
330002353011	0.335145	2
002001041001	0.554137	0
000222000201	0.732652	2
010202000001	0.788581	0
200211211112	6.273889	1
001102112200	3.094802	3
200000010011	1.181640	0
201233100333	0.891980	2
212002101121	1.199170	1
330002333100	0.006993	2
212021222112	0.776721	3
100100020000	0.038482	0
021020210011	0.773432	0
120111210102	0.818667	3
000201000211	2.038397	0
020110020020	0.685550	0
112120222012	0.547814	1
120010111000	0.790134	0
100200221003	1.071653	3
120000211001	1.405494	0
112021201010	0.161979	3
002001000022	0.500884	0
000002300201	0.056647	0
010220110200	4.676741	0
212011121122	0.628893	3
102002001020	6.066569	0
101000102102	0.659966	3
212220201010	0.887385	2
012012220120	1.966406	0
001202110140	0.631320	2
210110220002	0.772423	3
112200201020	32.045655	0
201010010122	0.783509	3
120001200001	0.744346	3
220100111020	0.750453	0
022200210000	0.694386	1
002220300112	1.368228	1
010102020212	0.714250	0
100020202001	0.800514	0
000020101000	11.037947	0
001220000010	2.035813	0
022121320111	0.786902	2
022100011003	5.099170	0
020000300001	5.545843	0
102010200020	39.082145	0
201211001102	0.778836	2
012002000202	0.353829	1
222102120110	0.768074	2
011010	0.114755	3
020121320222	13.297788	0
000122320020	0.844162	3
000000011201	1.966338	0
102021000212	0.634467	0
100012300002	0.704017	0
001010342020	0.884853	3
020101210101	0.818024	3
010211110102	0.182706	3
202000001022	0.493800	0
001002340011	0.412883	3
210012340000	6.142939	0
211112	41.796341	0
121000002023	0.896615	3
210011202102	0.770409	3
200202001021	0.808669	2
110110220200	0.808277	3
021222300101	0.813876	1
010102020110	0.581080	0
010101201040	0.756089	2
200200112001	0.735795	0
000200320040	0.770313	0
141411442422	0.547737	1
000110000211	0.827762	0
201012102000	1.089333	0
331002333112	0.834534	1
000001022020	1.708281	0
000001110000	0.112763	0
200120101000	0.496389	2
101122041011	0.438401	3
221000102012	0.777965	3
100212200100	0.480282	3
010000011040	0.890482	0
210010200022	0.617265	0
022001002011	1.397548	1
000122001001	0.599934	0
022110020112	1.682913	0
041420540421	4.719601	1
110000110100	0.750140	3
112202201003	0.855894	2
000210010040	0.552270	0
040433442333	0.013723	2
020100100100	1.237069	0
201000141012	0.834667	0
000020020040	1.612895	0
020201211201	0.822568	3
100112002012	3.820707	0
200033001353	0.437038	2
000001220200	0.309054	0
010020001003	1.688135	0
102120102210	0.514216	3
120210211003	0.718400	3
200200202000	1.764630	0
021101212201	0.870726	3
120002100100	1.712088	0
001000100010	0.258205	0
002000122000	1.629723	0
120001102003	0.786528	3
210100020102	0.753224	3
112002211200	0.409861	2
021012001120	0.955398	2
002210000021	53.707682	0
120211012112	0.736588	3
020000122000	0.436154	0
212011200012	0.714449	3
120002220040	5.221912	0
221220112210	0.904875	1
100121101202	0.702692	3
002202010110	2.119786	2
112000210000	0.264535	3
000122100200	0.746426	3
330210333222	0.697969	3
020110000002	0.789442	0
201200212203	0.803688	0
112011222012	0.768662	3
020100022001	1.301302	0
110000222003	0.078405	0
112110201010	0.793442	3
100011011212	0.780937	3
041411442422	0.235551	1
114053204353	0.385635	3
012000221021	0.756351	0
201100202023	0.815533	3
200021100000	2.733009	0
022000110003	5.981189	0
001122002011	1.088404	0
120033011333	0.742854	3
212000211212	0.613902	3
021001020140	0.621196	3
201210001000	0.627084	2
002010300211	9.158968	0
022000201200	1.417680	0
221200112020	0.722723	2
101012042020	0.502958	2
212011101102	0.840254	3
021201011121	0.781392	3
210120220000	1.523862	2
022221010210	0.966500	2
330000353001	0.007874	3
000010001011	0.194638	0
110012220043	0.621816	3
020201112200	0.560136	0
202210000002	2.169990	2
100010042002	0.464096	0
001201020140	1.485653	0
021221010212	1.771413	0
330000333110	0.197610	3
200002100010	2.339942	0
010200000011	0.738117	0
201210000000	0.978903	2
112000211102	0.687565	3
000122300241	0.625755	3
120010120000	0.541553	0
100120121011	0.858898	3
122033021333	35.566945	0
200212302122	0.780955	2
001021102000	8.098922	0
000010202020	0.415054	0
011121	0.445658	3
100121002201	0.285973	3
200011000020	0.751386	2
200010000201	0.540085	3
000220022010	3.306014	0
012202110103	0.840944	2
010100002000	0.719924	0
000000240021	2.677104	0
220200121023	0.829161	2
000100101040	0.650105	0
330102333202	0.261629	2
020212212102	0.711823	2
211001222202	0.584299	0
000112040202	0.442228	0
020100101020	0.938163	0
010021041002	0.564058	0
101122002101	0.280200	3
002000001120	1.706579	0
011210000122	0.881522	3
020000010101	0.685830	0
000010220222	0.837495	0
021201210002	0.817796	3
120011110102	0.666394	3
120010201001	1.171275	0
012220211010	1.118366	2
222100001003	0.662832	2
020002300011	0.684074	0
022011021212	0.809154	2
120012200022	1.198081	0
202200121020	1.442146	1
020002000111	4.582308	0
110002002202	0.884693	2
100102120240	0.550107	0
121210	0.157953	1
010100020202	0.178006	0
000100221100	1.571873	0
024241014144	4.778046	1
012210000120	7.501475	0
102220000012	0.752570	1
002002040100	0.914872	0
101102102210	0.758635	3
000001320240	1.206107	0
100212020102	0.299555	3
102012000001	46.369306	0
002001041112	0.817341	3
010210120140	2.624594	3
202102001120	0.774154	1
002000041001	0.962930	0
002020011212	0.813182	0
201120100120	1.176052	0
121000212201	0.855502	3
201020201020	42.576593	0
001201200200	0.914128	0
110021202002	0.628412	3
020102022010	1.147278	0
010001020100	0.092552	0
001122000121	0.250349	0
110120221000	0.478736	1
102212101011	0.688297	0
021201300200	0.689440	3
010202122100	0.786574	3
000021000211	7.386997	0
011210001020	0.729796	3
102120001112	0.810444	3
022201300202	0.719380	2
122202210100	3.128510	2
211000102000	0.559137	0
022201211102	1.521770	1
112222221111	0.835406	1
001000000020	0.218829	0
020101002240	0.741525	0
102000000000	19.633561	0
100000241002	0.727449	0
011122020111	0.759659	3
201220201110	2.113671	0
110202212102	0.350598	2
010021002212	0.679402	0
010120100043	0.735419	2
011211020002	0.725529	3
122100221000	2.237812	0
001020222100	1.228070	0
101000000002	0.602792	0
022020211000	1.080978	1
200000010003	0.131326	0
020120020210	15.742298	0
022033101333	1.379882	2
210020100102	0.759301	0
201200202000	17.693843	0
011100	0.313281	3
010002002202	0.818096	0
000200022111	6.580044	0
110200010240	0.569825	0
000100010142	0.435933	0
121101122020	0.831564	3
112002222020	0.759641	1
110112221002	0.666772	3
021221011222	11.741412	0
102101001200	0.663565	3
221101222200	0.658565	3
210021000201	0.647745	0
001102000200	0.738923	0
022211121212	0.832098	2
020000300112	4.416363	0
010000120000	0.044854	0
100122022203	0.852224	3
000101120140	0.766156	3
210002020001	2.220295	0
201001140022	0.900734	0
001001010020	0.787904	0
022010200020	2.348399	0
000101002220	0.750273	0
210102	9.817525	0
121012002001	0.825443	2
210002200001	2.101993	0
121200202110	0.646538	2
000100120202	1.285740	0
001212320122	0.729787	2
220000022003	0.464661	0
011222010100	0.793177	3
142400442411	149.113457	0
001101102221	0.824866	3
201000000200	1.607765	0
000010040100	0.651175	0
200112000021	7.015750	0
022102010000	4.585381	0
211012342020	3.541457	0
020211112212	0.626170	2
220111020200	0.756382	1
001201002201	0.845346	0
020012000101	6.322121	0
120233112333	0.553290	3
120101220201	1.243658	3
002202011120	1.246997	1
330000333022	0.004649	3
210220211000	12.687916	0
020200010111	0.755005	0
200000222103	0.776454	0
210001222001	0.779514	0
020201110212	0.762963	3
000102010003	0.928615	0
100001002110	0.888680	3
000022022221	0.852342	0
100000000200	0.323119	0
122121211212	41.100190	0
020102010002	1.877236	0
001020	6.515867	0
021110022000	0.736112	3
120200010001	1.225942	0
010000211202	0.815493	0
201202011000	0.814460	2
000022220001	0.814973	0
001000001010	0.193851	0
021102020040	7.282169	0
100000202020	0.247305	0
200002020100	1.161021	0
201220	24.259915	0
121221012220	2.174788	0
010001010040	0.252437	0
002202211121	1.862530	1
000100212000	0.701985	0
000200210100	0.755290	0
100200210101	1.251417	0
002002101003	2.442336	0
112010202120	0.656382	3
002002100000	8.939104	0
012220020010	0.921361	2
011220002000	12.902157	0
120000122100	3.592837	0
001202300140	0.802741	2
102122042110	0.850582	3
000100320000	0.679064	0
022000011210	13.859572	0
222000	0.191497	2
220201110100	0.849469	2
001210000220	0.777279	2
002100220003	0.793925	0
021022000120	1.337721	2
010211002102	2.177894	0
200000120102	1.151675	0
120010200040	0.508400	0
110220200003	0.773236	2
200201300202	38.503433	0
001000202203	0.740809	0
001000300012	0.340681	0
212000221201	0.803850	0
101220010010	2.056486	2
002011200002	0.655303	0
100120220200	0.582145	3
001000000112	1.587869	0
111020211020	0.750048	2
002000221210	0.857783	0
011201010200	0.620491	0
002100320212	4.732541	0
000020100020	15.191204	0
040412442401	0.818172	2
002012002121	6.979978	0
000200011000	0.460076	0
200112202112	12.087161	0
201201011220	1.111570	0
021000000043	0.220163	3
112202200000	1.137249	2
002012042000	2.503494	0
202212001010	1.144200	2
210100102003	0.684112	3
102002002101	1.608062	0
121120000010	31.138411	0
110000222011	0.747853	3
000002120110	1.925770	0
121000120000	0.707706	0
202110021021	0.797641	3
022010001000	6.695112	0
012010002212	3.962813	0
001112101122	0.809905	3
210222100101	0.820098	2
122000102010	57.787987	0
201212001020	0.712956	2
202021011212	0.817218	2
001021	17.051464	0
010120200100	0.782568	2
210110000201	0.804181	3
102002000010	5.672434	0
102010002021	19.002526	0
010000300100	0.537970	0
002210001002	3.882815	0
000012000040	0.786295	0
010120120040	0.801492	2
020011002012	0.393198	2
004042114044	0.346474	2
210000210140	0.596905	0
022000000111	5.686125	0
110021040002	0.720210	3
022010000102	42.719115	0
000020002122	0.784163	0
100122000121	0.330916	3
200211020112	0.331602	1
220012010101	0.889942	2
200212021100	1.423641	1
002202102110	0.755943	2
200110000040	0.635373	3
111220210100	0.810374	2
020202010101	0.450979	2
001010041121	0.373283	3
120200111200	0.782881	3
101000001020	0.810702	0
000001000142	0.272196	0
021201012010	0.823852	3
002210202010	1.987215	0
100200010003	2.647117	0
000012110002	0.561923	0
200202212000	0.817305	1
202120011110	0.747774	1
210010100200	10.438717	0
040401540422	0.893378	0
220211102212	0.343087	1
020102300200	0.943034	0
002110002010	1.793413	0
001220010010	5.008810	0
200211110112	0.733339	2
102121012211	0.625251	3
000233201333	0.262461	3
002010200002	7.802745	0
021001042000	0.724191	3
100012040000	0.325172	0
001220300022	0.811781	0
100101002212	0.692196	3
002000041013	0.690546	0
010000010001	0.791985	0
001000000043	0.129927	0
201202121100	0.769711	1
120100210003	0.299836	0
101122101111	0.830935	3
211211211102	1.497796	0
120120202000	63.065254	0
120122212210	0.923507	0
012002020200	0.858307	2
002002001002	8.903421	0
200202300111	0.659418	2
010211022102	2.178821	0
100101002220	0.501688	3
020000041010	0.500090	0
014142024144	0.299963	1
002002320100	50.670595	0
200100200003	0.207550	3
220100122200	0.708312	0
020002010043	0.814913	0
010221210000	5.458774	0
100021300000	0.630945	3
012002222020	1.648982	1
021100000002	1.307534	0
001002000102	0.165897	0
020021320201	22.854342	0
110000000043	0.341002	0
000120020021	0.989351	0
104040224244	0.884636	0
212210001100	5.377423	0
120221210211	1.006464	0
000000201040	10.980993	0
220110110200	1.029189	3
221010102000	0.799019	2
200110202102	0.869379	3
211020102010	2.936726	0
001202120040	0.722545	2
002002000100	8.752855	0
000000210042	0.718809	0
000000042010	0.815899	0
000001011200	1.852003	0
212010201022	0.561083	0
000020041100	9.573425	0
120100000010	3.297345	0
001102000100	0.445475	0
101020102022	1.092917	3
012001020020	0.682710	3
100121002010	0.834257	3
024040024244	2.873206	1
000101200240	0.301102	0
100011202002	0.675760	3
330001333022	0.050902	3
001121200222	1.274076	0
021120000003	0.875591	0
002021010002	0.764951	3
001010000011	0.681633	3
022102111200	2.035950	0
210233201333	13.392257	0
201000101000	1.873605	0
010002200243	0.889249	0
100012040001	0.306764	0
112110221202	1.114674	3
022211212112	0.571683	1
220010102002	0.833948	2
000001111040	1.297983	0
202000101002	0.784855	0
121001110040	0.661381	3
101120002022	0.628613	3
200202300110	1.284698	2
010000201200	0.649480	0
002220000210	2.179720	1
100212010140	0.793448	3
201012001222	0.862860	0
200202000010	0.680259	2
101010202222	0.799964	2
021100020020	0.709572	0
110000020000	0.538928	0
022120001001	0.930834	2
200012300222	21.521084	0
101000122102	2.316169	3
002000300210	5.640246	0
201200001001	1.195433	0
202012221012	1.499559	0
200020040111	0.773464	0
000100110240	0.370652	0
001220220020	2.637520	0
002202121102	2.452646	1
020110010120	0.851739	0
121020112020	8.240503	0
012020001112	0.694027	2
001220001021	4.194375	0
012000200013	0.809446	0
212210101100	1.469107	0
022020101000	1.325340	2
120211012212	0.605832	3
012001221112	0.690794	3
001102220040	0.748175	0
011000222003	0.522311	0
002200000020	9.495124	0
101101122200	0.712826	3
201120002220	1.575086	0
202210011011	1.225902	2
002002300001	2.776835	0
012010021000	0.732640	0
211020102011	1.558867	0
210021140022	0.795781	0
002002000101	4.872334	0
001200020002	0.747080	0
110020222010	0.521461	2
120000202011	0.644224	0
020200020003	0.658752	0
020201010110	0.798932	3
002200002202	3.211556	0
000102020111	1.199464	0
024040124244	0.865908	1
000022301001	0.549038	0
020233012333	0.457092	2
020020302211	2.262518	0
020210210002	0.723842	2
211010201021	3.231526	3
020011200000	0.783043	2
001200002200	0.706168	0
000010001222	0.434822	0
110012220021	0.839595	3
100000201120	0.637410	0
221020122010	1.016973	0
012100020101	0.643586	2
002022011111	0.589514	2
222012101000	0.784641	2
000221010200	52.415411	0
201212301121	0.520038	2
101010042023	0.496811	2
330220353102	2.195934	1
200002102000	1.305311	0
210210201220	0.877006	0
101021022000	24.067726	0
004153204353	0.451693	2
010201020200	15.479901	0
000020001220	1.089667	0
000102010122	0.640887	0
221001101043	0.476607	3
200201000000	10.619437	0
000202300202	0.326131	0
120121212201	1.535210	0
330001353122	0.713434	3
200021000211	2.301264	0
000010041120	0.759930	0
010012210102	0.566132	0
210202100003	0.892599	0
110012002012	0.712530	3
020110021011	0.716380	0
100000001021	1.960249	0
212212111112	3.662611	0
101122040021	0.317860	3
220110120102	0.765594	3
010002040001	0.745169	0
000021020100	4.600733	0
012121120201	0.828565	1
011022010221	0.764711	3
200210000022	0.283600	2
000122010241	0.485938	3
001001001011	0.278211	0
202200021210	0.688211	1
010020001010	1.399972	0
000200010221	0.915668	0
002002310202	0.784545	0
210022101011	0.629703	2
200211120112	1.800132	1
001010241022	0.854466	3
021010300001	0.664321	2
000222302121	0.880867	2
001220300201	2.285889	0
202000000012	0.864949	0
012220022111	1.789115	2
002000100212	0.785388	0
002112020212	0.755267	0
121000100043	0.457547	3
010211120002	1.028052	3
000012010002	1.378002	0
020121010001	0.915808	0
100200111000	0.482586	3
102120201011	0.754607	3
102002201100	2.862721	0
002021310212	0.774038	3
012021002002	0.576185	3
122020202112	51.997331	0
000000042120	3.207344	0
020221210001	2.219333	0
210000110043	1.022452	0
000012040111	3.079897	0
000022000141	0.166302	0
110020211021	0.704984	2
221220110100	0.791009	2
104153204353	0.407400	3
100220010011	1.386282	2
120200010000	0.261711	0
022122210211	0.657159	1
120020021010	1.118602	0
210000002003	0.536078	0
022000002010	2.422442	0
002012042001	2.836838	0
120010210003	0.670858	0
021000020000	0.208167	0
100011010222	0.565160	3
021000021003	0.563129	3
210022210201	0.840350	2
200002101020	0.807707	0
332000333111	0.829864	3
102100040010	0.403468	0
021101320240	0.826600	3
000211200122	1.006438	0
100010040011	0.263117	0
010233211333	1.712839	3
200102010101	0.784178	0
121221112220	4.299988	0
102111222212	0.720341	3
001002020102	0.658535	0
042400540402	0.883536	2
100200210100	0.704253	0
200200300100	2.763245	0
220020121000	0.858715	2
211011122122	0.654525	3
002002002112	1.634793	0
102122042111	0.118210	3
121200211003	0.472373	2
021002120040	2.079172	1
000101120202	0.674479	3
102102211200	1.646862	0
200000020102	5.211378	0
021122000111	14.087037	0
120010010100	0.751191	0
200000022010	0.780832	0
010120022012	0.743497	2
210010000102	1.808491	3
210100221200	0.584257	0
101220110010	0.838436	2
000212010112	0.354515	3
000211001022	0.657069	3
100010	0.285747	0
000200111000	1.061378	0
002102300102	0.665629	0
000020100021	4.983674	0
000200110003	3.660918	0
002210001011	2.172008	0
010212110121	0.827504	3
240410442400	0.212179	1
102002102101	0.869179	0
330210333121	0.509672	3
102102022111	0.748375	0
040433440433	0.001561	2
000021300222	0.090009	0
101121002022	0.146382	3
000021010211	0.811811	0
002000212003	0.591291	0
010011040022	0.408742	3
000201100000	12.696104	0
120120001001	20.461042	0
001122001111	0.478646	3
000000040111	0.409713	0
100010000010	0.368578	0
100212010002	0.768559	3
100000121112	1.748148	0
020211211200	0.836922	2
200000300011	7.204224	0
010210110040	1.204313	3
211001222000	0.437110	0
222010101010	0.422514	2
112012212102	6.348579	0
220100122003	0.059284	3
010100200000	0.397537	0
020102220203	148.667600	0
010200210220	1.128300	0
212021201012	0.546468	3
102101001201	0.833225	3
000201220140	1.206711	0
220210110121	0.627467	1
101001122102	0.810654	3
200000110200	2.597019	0
001102000201	0.597223	0
000002010201	0.625909	0
101000041020	0.605356	0
200012100021	5.479707	0
012011021000	0.734455	3
100000142010	0.503481	0
000100020202	0.413600	0
020010010222	1.013957	0
200012000002	2.014381	0
002002100202	1.087024	0
000200210010	0.647851	0
012202120003	0.824714	2
000000241011	1.263477	0
211220001023	45.692920	0
200112000020	15.638070	0
000010040101	1.404598	0
120220210210	0.788044	1
002000202022	1.057356	0
001101002221	0.621698	3
211002021003	1.413343	0
000010340001	0.386042	0
000001010021	0.570753	0
001002100200	0.803166	3
020211012212	0.371546	2
120011200000	0.646877	3
330220353112	7.546226	1
001000142002	1.065699	0
100020140010	0.780814	3
002020011010	0.439811	0
222012001121	1.994895	2
000010301022	0.456277	0
012021340012	0.796753	3
022201310100	1.715088	2
002021	0.885155	0
222001111200	0.384308	1
000120021200	3.420340	0
201201011221	0.646420	0
201220001020	13.940811	0
100100222010	0.819170	0
000120000112	0.348526	0
021122021101	3.746020	0
210200210000	3.222830	0
100011221222	0.756663	3
101201002222	0.826720	3
120010020000	0.746518	0
121220110000	1.443374	2
000010202021	0.836894	0
330221333121	63.886592	0
101200122003	0.705192	2
200002	3.438418	0
200000010002	1.713250	0
000200200043	11.108802	0
212110021122	0.732195	3
221120121100	10.193620	0
211002100210	1.032267	0
021102020102	47.526195	0
022000201021	0.767078	0
210000102001	0.654382	0
224141	0.693759	1
010002000112	1.080429	0
202102100102	0.784588	1
000100001040	0.705366	0
120000202003	0.199850	0
002100002011	0.961717	0
122210210210	2.173292	0
001000340000	0.025849	0
020120000022	4.821614	0
000101200202	0.487553	0
110201211200	1.218939	3
001001212002	0.659481	0
010021002010	0.907593	0
100000002103	0.723948	0
000102020103	0.789275	0
100020042022	0.619925	0
002000001121	0.993058	0
022010000110	3.959709	0
001222000001	0.786869	2
000100021140	0.926134	0
020002300010	0.801972	0
124041014244	8.005129	0
002012201112	1.345267	0
212012041020	0.872288	0
120000210220	4.410128	0
201201122000	5.232957	0
211200011003	0.818275	0
000120001010	0.345383	0
010210120141	0.625510	3
102102021203	1.164799	0
221101120240	0.101351	3
001000042200	0.748860	0
010001200000	0.090767	0
201120000120	20.999961	0
002000300001	11.209126	0
020012002211	1.111528	0
000121002212	0.315954	0
020020021003	1.479836	0
100002020240	0.681802	0
010212200112	0.706537	3
100011222102	0.829566	3
212021111212	0.715442	3
120000012000	7.711379	0
111201002012	0.608631	3
020000041003	0.593223	0
201100001122	5.758781	3
202100021020	0.713674	2
101102202122	0.809362	3
010220010102	1.459745	0
001002010002	0.961554	0
001000240020	0.783229	0
010001002220	0.738739	0
121102122002	0.848540	0
010101121002	0.762597	2
010001120140	0.198021	0
001033102333	0.259937	2
201002100020	2.118936	0
101202002122	0.864747	1
100000210240	2.825174	0
121101002200	0.602353	3
221001120201	0.782540	3
110021220201	0.821958	3
211000002000	0.829933	0
021021000102	29.727869	0
102120102211	0.669083	3
020001000100	0.112438	0
220010020040	0.525813	2
211120220001	1.075572	0
121020012010	2.188937	0
041420440401	2.679237	1
200021001000	9.571954	0
001000001013	0.836945	0
000122321201	0.824280	3
001012201021	0.688866	3
111020002022	0.704118	2
000200000220	1.965934	0
000100201200	3.213589	0
100212010141	0.610933	3
212012201010	2.591622	0
222102111220	4.762230	1
120021002002	5.637243	0
110200220240	0.598989	0
112201201001	90.465643	0
010000210003	0.560395	0
000010042011	0.285270	0
100020141020	0.860890	3
021002002000	0.690242	2
200210001001	1.327802	2
024053014345	0.554283	1
014240014244	7.628719	1
210121000202	0.767125	2
001220300010	0.494872	0
002220122112	0.850278	1
100120001100	0.274322	3
102121212210	0.856481	3
022211310112	0.813450	2
020001001002	0.710515	0
000002222121	0.888742	0
001020000220	0.225992	0
120002000000	1.883239	0
211002210003	26.870112	0
120002200003	0.755269	0
011201212200	0.657915	0
121101212212	0.535007	3
021202211111	0.745273	1
100210102012	0.717055	3
002011002002	0.794421	0
012202201121	0.824567	1
000110220122	0.779447	0
000000002013	0.105999	0
120020120020	1.444592	0
220110122201	0.696569	3
200201300000	8.968641	0
000101010040	0.265519	3
122220112010	1.588867	2
200110000101	0.772175	3
112102221222	0.779436	1
020100000202	3.174489	0
201200111010	1.828583	0
102020002210	0.445495	0
002020221013	0.906317	0
221010100022	0.765805	2
124140024045	41.608472	0
200002000010	2.322531	0
000201210040	14.613770	0
100000202013	0.249537	0
020101212200	0.714350	0
002202210111	1.186511	2
222010100020	0.737865	2
211102220120	3.153545	0
000000100011	0.524498	0
210021141012	4.240804	0
100110220040	0.648945	0
101120002110	0.732952	3
112210210202	0.839138	0
202100041010	0.538557	2
020001002003	0.722921	3
000022101001	0.760871	0
200102201102	2.493609	0
000101010000	0.550197	3
000220300002	9.791441	0
100121040002	0.393671	3
000020012021	0.765615	0
102120002112	0.420964	3
120121010200	3.865011	0
020000300000	0.057755	0
110012000222	0.841478	3
110121220221	0.679684	1
000020001000	5.489137	0
001220000011	0.807898	0
112002221120	0.649149	1
121120220212	12.352257	0
332102	4.726987	2
000000000002	0.082977	0
200200210043	2.391840	0
222011101122	0.627953	1
220122020021	1.085707	1
010001110240	0.369259	0
100102222000	0.660690	0
120102010200	24.921092	0
122120202012	18.032535	0
010100121240	0.697724	3
110000211000	0.061899	3
001002340010	0.570563	3
221110122122	0.685890	3
001010342021	0.954547	3
012010000102	3.936093	3
120201211212	0.784449	3
011002211001	0.761466	3
120020200200	1.421396	0
100233240333	0.734012	3
211000100200	2.290401	0
121120202010	8.147960	0
002010002002	5.857647	0
121001002220	0.690565	3
202002020100	0.680471	2
200020300002	0.835425	0
222210111000	0.611535	1
212121221212	0.656588	1
010101121102	0.719674	2
200020000102	1.179476	0
002002000211	1.709108	0
201000122200	0.835773	0
201201302100	6.592257	0
010200002020	21.533815	0
001000001003	0.019702	0
121001200000	0.402428	3
012002300111	0.818310	2
000012300011	0.630908	0
010210200102	0.856647	0
122220211011	1.659273	2
022220112010	0.836279	1
121002212210	4.080823	1
001002300140	0.745499	3
001120010120	0.502972	3
200211022202	1.064651	1
100012000012	0.482728	0
100120210200	0.610621	3
000012300002	0.055724	0
010200010042	0.878035	0
102100012000	0.802714	0
100100001040	0.556221	3
100121201200	0.696615	3
110002002000	0.645046	2
120210110240	0.779728	3
010202010120	0.763010	0
010211020212	0.610341	3
001020102001	9.982007	0
330220333121	4.640108	2
204040004244	0.579557	2
121221110000	78.561192	0
000121300012	0.763351	3
010020000020	1.372008	0
012002020002	0.767961	1
200110001000	0.465220	3
201012101020	1.129397	0
102122121211	0.495989	3
102001202000	1.940879	0
001010001021	0.021100	3
001212300141	0.591949	2
210000201020	0.598026	0
101001212002	0.778118	3
101001202002	0.442575	3
022210110210	0.616286	2
200033010353	0.252173	2
001021301022	0.746280	0
010000020101	0.439497	0
100100200140	0.158127	0
201202111000	0.816545	2
102200212122	0.810802	0
010001120202	0.581060	0
010002100101	0.738994	3
012002141003	5.182850	2
101002040000	0.615475	2
000220020111	3.991491	0
201200002020	12.163289	0
221221110202	8.848083	0
202010001003	0.725572	3
002001041000	0.205049	0
202010000000	0.463619	0
010210020242	0.538470	0
002012100001	34.858327	0
000010000043	0.187878	0
000002010010	2.287115	0
001001000021	0.156195	0
120000000010	1.185657	0
120000211210	0.805772	0
010001102000	0.587163	3
100210200222	0.763494	3
120211110102	0.551077	3
200000300200	1.268861	0
101000	0.227223	0
120011200102	0.335219	3
001120002000	0.685118	0
220102120243	3.829964	0
000000042013	0.427354	0
002002000000	2.539600	0
222010121010	0.440783	2
002002300100	14.263540	0
000000041102	8.157594	0
001201000220	0.595012	0
020010110020	0.753172	0
110021200200	0.841715	3
110000212122	0.761378	3
001002000002	0.096390	0
101020042000	0.075106	0
210000002022	0.808518	0
101001210200	0.739933	3
200100201003	0.244442	3
100012041002	0.782795	0
001101200220	0.815946	3
120120042003	1007.742246	0
020020002210	0.772891	0
021120000000	48.882319	0
110210212210	0.575971	3
001010001011	0.502138	3
101120042002	0.855613	3
001021300220	0.708681	0
124040024244	14.435931	0
001201202000	0.707092	0
021220010220	1.152201	1
330001333122	0.456365	3
101112	0.356200	3
021201000240	0.299949	3
200100120140	0.756456	3
020000001040	17.449608	0
000020210040	0.836009	0
201000141020	2.839509	0
021033100353	0.577255	1
001101002000	0.700495	3
000000241010	0.434883	0
100121002222	0.718512	3
012002020203	0.859840	2
021120120043	37.441618	0
021021300202	95.904143	0
200012001011	0.817987	0
331012333001	0.624080	1
220100000003	0.379101	3
121101022201	1.228168	3
101122100111	0.639691	3
000000240002	1.094812	0
110000201140	0.780489	3
000002010020	1.126432	0
012212000102	2.818639	0
120220002003	1.095737	2
102120002211	0.581079	3
200212302101	1.122592	2
020210211001	0.729820	2
120012200001	3.060194	0
000201022011	0.856611	0
100121200002	0.714555	3
002202020102	0.714063	1
100100000242	0.737712	0
200120000102	0.816020	2
020002010040	0.829349	0
220112110020	0.852608	0
010212020002	0.313624	0
021000200043	0.651401	3
000010100222	0.622279	0
020000010122	1.120804	0
001120121020	3.835399	3
202112201000	5.405135	0
120000041000	0.724855	0
101000000020	0.377769	0
202212300120	1.141624	2
010120000000	0.351724	2
220200110000	0.062700	2
010120001003	0.517757	2
111220210000	1.200828	2
100122000021	0.249661	3
212002001020	0.373120	1
201212300122	0.435439	2
240402	0.962400	1
332020333100	0.716062	2
210001211202	0.778841	0
010220200000	22.295330	0
221012112220	1.395944	1
110021041002	0.783225	3
110012221022	0.636066	3
201202112101	0.811588	2
000012040010	0.435474	0
000000002120	0.737502	0
000101002202	0.548790	0
100010042021	0.268644	0
202200110003	0.794652	2
000000120240	12.075051	0
220001101020	0.812587	2
200102002100	5.410463	0
110102220201	0.685140	2
212212211012	4.434641	0
200101010100	0.775543	2
000201300140	17.469262	0
112100221220	0.796097	2
042400541411	1.168198	2
001010200100	0.817068	3
202000101012	0.713683	0
111220202100	0.732648	2
022001010212	1.385820	2
000000001200	0.325037	0
021101212222	0.846948	3
201010021021	0.660332	3
220200111102	0.834318	2
101010142020	0.480287	2
210222101101	0.855696	2
330220333112	4.408129	1
001010240021	0.575171	3
110000210202	0.319696	3
200200122000	2.586365	0
212220001000	3.134098	2
001000220203	0.757862	0
010200000102	1.600345	0
001001001110	0.605379	0
012002220101	0.885093	2
021211010122	0.673029	1
112210211000	5.176981	0
020221210201	3.389302	0
221201112112	0.669819	3
100200211100	3.301303	3
202002001210	0.897409	2
102002101000	6.048533	0
012200200000	60.891157	0
002210002110	2.129564	0
100101200221	0.566429	3
000111102202	0.793987	2
021021002020	9.434760	0
220200112011	0.752282	2
101122042012	0.905558	3
001210300220	0.620475	2
220201110000	0.588636	2
112101221201	0.731373	1
212202010000	0.795620	2
021000000040	0.526834	0
220002121000	0.894742	1
210200120200	1.457646	0
002000300110	1.204524	0
112010002020	0.611223	0
002012041112	0.813572	0
000200010000	5.914755	0
212012201020	2.118816	0
010012100002	0.554108	3
020002001021	3.020785	0
100010041012	0.540814	0
201121200212	1.941624	0
022200211211	1.148246	1
022100020003	0.486516	0
200120221000	1.137634	2
011122120243	0.789460	3
012210210210	4.542274	0
014240024244	9.507617	1
001000300112	0.617565	0
012120020110	0.683116	1
021110210000	0.783274	3
002202020111	0.546482	2
000100210000	0.208566	0
100010000040	0.294470	0
122020211010	2.712372	0
220000101020	0.098690	0
021000120003	0.575393	3
211001210022	0.921744	0
021000121000	0.617706	0
021000201010	0.550285	3
111212212121	0.790011	1
100200300202	0.773808	0
020100012000	0.568067	0
020200110243	0.799855	0
210210112200	9.344284	0
001010142020	0.139054	3
120020120010	2.301519	0
021001002210	0.700276	3
120200010101	1.396299	0
202012300220	1.531416	0
100220002020	1.079566	2
000001302000	1.198102	0
101121222212	0.562800	3
101010241021	0.788633	2
121201212110	0.531825	3
020001202000	0.800494	0
002001102100	1.006201	3
200200300001	7.367009	0
002002101000	2.890056	0
121201210002	0.645467	3
020010002112	0.711711	0
202200121012	0.738386	1
210210020043	0.848113	0
101010102220	0.561154	2
000001320202	1.342226	0
200002020000	0.536478	0
021102020140	19.560992	0
000101000100	0.710311	0
012000100003	0.557238	0
200012140001	0.764359	0
002122302121	0.793135	2
210112020240	0.940612	0
042410540420	2.062418	2
000010340100	0.604933	0
210200211002	2.687063	0
211002120003	35.132411	0
000201200100	22.668459	0
122210210220	3.753734	0
000212212120	0.796517	0
200012101002	1.998230	0
201020300012	0.927032	0
021000002021	0.761642	3
210002220101	1.504582	0
022121211202	0.985400	1
002200000201	1.831142	0
100001010200	0.588603	3
202110201010	0.729291	3
000002300222	0.088040	0
020200010011	0.372602	0
012221000210	18.570053	0
102000040021	35.949090	0
022012000012	5.245886	0
021121000000	870.816722	0
000212021122	0.774596	3
210110222102	0.615541	3
100220201011	0.768589	2
202200111021	0.838080	2
020200201010	0.648983	0
101012122021	0.832299	2
122100221003	17.250557	0
101000000102	0.693666	0
012212000112	0.892851	0
101102002220	0.973613	3
002112300120	2.117863	0
120000210210	2.044205	0
210200010102	1.202868	0
201000001202	2.108463	0
002002101201	1.068092	0
220010020140	0.699743	2
100010101010	0.652661	0
200001042010	0.806547	0
221100111001	0.713053	3
102000000100	3.054124	0
021112010021	1.195322	0
000121002222	0.682615	0
111020002011	0.744596	2
120100220010	0.556124	0
000010202011	0.386076	0
101220112000	0.741526	2
100020241000	0.802701	0
000002002110	5.628346	0
120011102012	0.771994	3
110112222110	0.719380	3
222211011112	0.694721	1
001021212202	0.900311	0
002102300202	0.834694	0
000100010042	0.761660	0
110021202102	0.855891	3
221001102102	0.529090	3
021102021101	0.856098	0
001121002021	1.284283	0
210120220200	1.025134	2
002001042000	0.350096	0
012010040021	1.793373	3
102202010100	0.970174	2
000120020002	0.629787	0
012000210010	0.770766	3
001000300020	0.267654	0
212021201022	0.612896	3
000112300201	0.085474	0
024241214044	1.863801	1
001010002120	0.747209	3
200011000212	0.374309	2
002000011210	1.166321	0
120012000122	0.782997	0
021020112010	1.108068	0
001022300211	0.283469	3
022201000202	0.983745	2
000200220003	1.182017	0
020122020100	21.862157	0
021101010020	0.858916	3
021201211000	0.733226	3
212002202003	2.098542	2
024141014044	0.416697	1
010102020243	0.124066	0
120000112003	0.656156	0
210020201011	1.298572	0
021201000200	0.124572	3
012202110003	0.844364	2
002000010022	2.244728	0
001122200021	2.267858	0
001101000222	0.791811	3
010002102003	0.715478	3
102100200010	0.812955	0
200011100002	0.712902	2
101200022000	0.744842	2
112000200023	1.796306	0
210200210101	15.949525	0
200211300022	0.904222	2
022102020001	35.049577	0
021122120101	5.550696	0
001000001022	0.383741	0
221100102200	0.720889	0
200200000211	1.018996	0
010100320202	0.808353	3
200020111003	0.655622	0
010020020200	0.762682	0
020002000011	3.062715	0
222100001000	0.540195	2
110220212020	1.750717	2
212002200200	1.267076	2
020211210002	0.857084	2
202221211000	0.934948	1
101122002001	0.271878	3
120011110002	0.817281	3
022210010012	1.509833	2
120011210140	0.628195	3
001021020122	4.615212	0
110220200211	14.389563	1
221100111200	1.003228	0
010022040010	0.749432	2
001010041102	0.831670	3
100020101000	0.297940	3
112011222112	0.603024	3
122201210010	4.912271	0
000000110100	0.125747	0
001122040011	0.810702	0
002201	20.938039	0
120101010201	3.652039	3
021221310212	1.221448	0
202201011210	1.101479	2
121001002001	0.329950	3
202012011001	1.658902	0
001201020040	0.609468	0
210111	0.266985	1
040421442412	150.524930	0
200002101010	1.339088	0
330000333010	0.005852	3
020212012112	0.666991	2
212011201010	0.541056	3
010002020010	0.697743	0
221120110202	1.285750	0
020022000111	0.799503	2
020201110220	0.932283	0
022221310210	1.264630	2
210120220003	0.815246	2
002001001022	0.561686	0
102021102012	1.095396	3
002122320211	0.845842	2
110000212101	0.767394	3
210210211010	1.358763	0
200120040011	6.225879	2
020210002010	0.903336	2
010112220200	1.006874	0
120001102000	0.572268	0
000200300221	5.910979	0
121200221003	0.762330	2
010011002202	0.773626	3
020220012200	0.840083	1
002221300012	4.316729	0
200000022020	1.597327	0
100020100000	0.192152	3
221012302220	1.045513	1
100100002220	0.594703	0
120121212211	1.354753	0
000211001012	0.719166	3
000000200111	0.767688	0
110002200240	0.576662	2
000212020112	0.284660	3
120102212201	9.049290	0
110010220002	0.722805	3
000212002112	0.647444	3
000012301002	0.745779	0
200000220200	1.649633	0
001222041111	0.488884	2
021012210220	1.467721	1
210120020100	0.549984	2
200012100012	1.314199	0
222033121353	0.383687	1
010021202012	0.818669	0
110211212102	0.416634	3
001001220020	0.767391	0
201211122022	0.593297	1
122000002020	68.245573	0
200122302011	0.723593	1
221020102010	1.073969	0
110000212010	0.378865	3
020122010211	1.224704	0
120010120040	0.748987	0
200000021020	0.504342	0
002220001010	0.438761	2
210210020020	7.946379	0
210011202002	0.747579	3
112222202110	0.630328	1
200202001121	0.966173	2
000101320202	0.640352	3
000020220020	9.439561	0
021100021111	0.803783	3
000001221200	1.168433	0
020000340020	4.351191	0
200110200012	0.747612	3
214040224244	0.834985	2
000102020122	0.703707	0
212010201010	0.412501	0
210100222003	0.381782	3
330001353101	0.741294	3
020100100000	0.873699	0
021001002001	0.375832	3
001200020040	0.966967	0
101020102010	0.121007	3
010122041210	0.704419	2
330001333010	0.349791	3
200210000012	1.805323	2
000000120013	1.090488	0
000122001101	0.300306	0
221101110040	0.418943	3
100212201100	0.617286	3
012002001200	1.826029	2
112001211002	0.593581	3
002200	6.226133	0
112002221021	0.786696	1
011120222000	0.614530	3
101112042222	0.746208	3
022100011000	2.966502	0
000020101003	7.735757	0
200010300222	1.238631	0
002000112010	0.759789	0
002220000112	1.013387	1
220100110020	0.803904	0
220000101043	0.850750	0
000200100022	1.235948	0
101000101010	0.864019	3
122020002210	0.886730	0
100121040022	0.622543	3
021101110200	0.405461	3
200210002012	0.817769	2
200202300001	0.762241	2
000102010041	4.840983	0
210012040000	0.779061	0
101020100012	0.859672	3
000102021020	1.082508	0
010100020240	0.034969	0
021220011210	0.820579	1
012002211102	0.882076	1
211022211011	8.347707	0
201111011222	0.819552	1
120201212100	0.704265	0
201211001002	0.768679	2
332211353122	953.711283	0
121020222020	36.441894	0
010221020000	71.189479	0
221220	3.919542	2
012002012020	0.809657	1
000000200101	3.875705	0
222102120010	0.804583	2
100012202020	0.858674	0
210200100100	4.077900	0
010202000101	0.553527	0
000012000142	0.250173	0
110010211022	0.484311	3
122002201020	0.804376	0
112200012000	54.767578	0
210000100103	0.609854	0
010000020000	0.081223	0
212202211000	0.656322	2
010022002011	0.730271	2
020010000040	0.730324	0
210122000121	0.690474	1
011220220011	1.078336	0
002120000112	0.344113	2
120000210001	4.736873	0
021211211222	0.582108	1
100200221000	0.722024	3
200202022000	1.156511	1
011020021020	0.838441	0
220201010240	0.383737	2
021021012001	0.949068	0
000112100002	0.962252	0
112200210220	1.539696	0
111120222110	0.767516	1
000100120240	2.416421	0
000010202200	0.730481	0
001220220010	2.714096	0
000012340022	0.431985	0
100100021000	0.474207	0
010101021200	0.591235	2
202011121212	0.864944	2
100001110010	0.826656	3
200212012112	0.785748	2
221221111201	6.813418	0
012000201020	0.298845	0
022033020333	0.640628	2
211200112200	2.258986	0
002200002102	1.566455	0
221001110100	0.421649	3
002100200010	0.784770	0
000000020241	6.813665	0
332202333101	0.489606	2
212012111001	1.109749	0
010210002002	5.292522	0
011000221003	0.540836	0
100100100040	0.259012	0
112021011212	0.843289	3
112102221203	1.675858	2
100200020100	0.493739	0
002120201012	0.742446	2
002111112212	0.526561	2
011211000022	0.688250	3
022211010012	1.181872	2
212212211122	4.235406	0
201133	0.852578	1
102122020211	0.195705	3
201012000020	0.743185	0
220001100010	0.745421	2
100100220100	0.110457	0
022001300102	1.142069	2
022200210100	0.690443	1
101010202023	0.792072	2
021020102020	6.041605	0
011000202200	0.796091	0
210100	0.442298	0
002000001220	1.387142	0
000122302021	0.765010	3
200021340001	0.810493	0
221121110000	4.318800	0
112010221102	0.818983	3
200000101203	1.729397	0
200000102000	0.174291	0
001001100020	0.304126	0
110210211020	0.496103	3
011000220002	0.717367	0
000101110221	0.490043	3
212000041000	1.245168	0
100120040001	0.295618	3
020112000212	1.602791	0
000200300202	0.445350	0
112200110000	7.874890	0
210201020200	4.497565	0
122112222122	1.095517	0
000100010122	0.641906	0
022020000211	1.442293	2
012000220000	0.189675	0
100002101020	0.783629	0
202100040010	0.612365	2
222000102003	0.663668	2
210101220200	0.480576	2
100102010101	0.807749	0
122122022211	5.496888	0
010000140000	0.569712	0
100000020102	9.937936	0
002220300012	0.683164	1
020021302201	4.468298	0
100020140000	0.491822	3
021110221020	0.560603	3
000001010220	0.340499	0
120011212112	0.550422	3
121012012220	0.842253	1
001011042020	0.383200	2
201212000022	0.489116	2
330000353122	0.414517	3
020200010100	0.358171	0
101001002121	0.853338	3
330020333120	0.080379	2
010201100240	79.854745	0
330000333042	0.029283	3
014041004244	0.075229	3
102122010211	0.657171	3
010010000200	0.716489	0
201000000211	1.671096	0
020122110121	0.522535	0
000010040111	0.601907	0
110100221200	0.503030	2
022021002012	0.597964	1
022102010011	1.962094	0
120220010101	0.718055	2
120000102202	0.829854	0
201112121121	0.806904	0
201000000201	2.158200	0
021220210221	1.413576	1
100211010002	0.741494	3
000100100100	0.423889	0
002202021102	1.688928	1
121201202200	0.615457	3
112002201002	0.517927	1
000001110003	0.609622	0
000000120110	11.661124	0
000211210122	0.795017	0
202221121112	1.801786	1
010233201333	1.648803	3
100111000222	0.656340	3
121010001023	0.862519	2
021021112212	0.792196	0
021201210121	0.795020	3
200200000010	5.141754	0
001020020022	2.208097	0
200112012201	14.054642	0
000121020200	0.581478	0
012102221210	2.098564	2
000100220040	0.319792	0
100000110200	4.156678	0
202000221020	0.183796	0
211010211000	0.784545	3
101100102000	0.636432	3
222120101000	0.803955	1
002012042011	1.284369	0
200100010241	0.696239	3
002011222112	0.376142	3
210022211000	0.859384	2
202102000101	0.803424	2
000200020040	0.365042	0
010021000102	0.328992	0
210200210122	0.835164	0
020100022200	0.927234	0
120211210102	0.246609	3
100120200011	0.781148	3
022000010102	1.083792	0
000112300222	0.250808	0
022102020101	14.022620	0
012020002012	0.160074	2
100100002001	0.587000	0
212000201010	0.168897	0
002002211100	5.071823	0
012012021000	2.275212	0
202100201023	0.437139	2
120010200020	0.518392	0
000200101000	2.025641	0
010220010020	4.288887	0
210001200000	0.205157	0
021000110043	0.616378	3
020110010200	0.571430	0
002001100202	0.716518	0
141420442421	0.681453	1
010002022100	1.116650	0
011112120101	0.770390	3
001001122002	0.774414	0
010001021000	0.546279	0
021122300001	0.803905	0
102002300202	0.697910	0
200010001222	0.773891	0
102102201200	2.581358	0
020000040001	0.855217	0
001011001002	0.730113	2
101101222202	0.709628	3
200000040111	6.686243	0
110000200202	0.419785	0
221102111100	7.181545	0
022111000211	0.738684	2
010211001120	0.663213	3
100200220003	2.629170	0
100101021202	0.804465	3
200201300110	6.163652	0
221001110040	0.320725	3
200201000010	37.077879	0
001121020212	1.065198	0
101220002111	0.588187	2
012120020112	0.176964	1
240400440400	0.008562	2
102033011333	2.399392	3
212220211212	8.794959	1
010200111102	0.777961	0
011002221100	0.646925	3
020122000221	20.360613	0
112220211011	0.718534	2
000011000222	0.061750	0
330222333100	0.719907	1
000120200011	0.736777	0
012021201012	0.693626	3
022010001011	1.034663	0
211111122222	0.867725	1
001102020202	0.610493	0
202000011220	4.386785	0
112021241012	0.542800	3
010102200000	0.815653	0
100011001022	0.598411	3
210110100201	0.854338	3
000012000020	0.499055	0
110121220021	0.877850	1
001100000201	0.684263	3
100202020122	0.633180	2
000000110200	0.587559	0
000001110142	0.618823	0
121010002000	0.709582	2
330102333002	0.581453	2
001002202020	0.762074	0
002001300001	4.451549	0
110220210221	0.922021	1
204241014244	3.126915	2
211211012122	12.436698	0
001000010201	1.472319	0
210002102220	7.911135	0
012002002010	1.781567	2
022100010001	1.560983	0
000012040101	1.340684	0
200110000020	0.296538	3
102121102211	0.558536	3
210011000112	0.740403	3
112000210003	0.847340	3
201101002221	0.758101	3
202012101022	0.794364	0
000221200112	1.468827	0
120210211000	0.365639	3
002002300202	2.183855	0
020010002012	0.633133	0
202010221000	0.687275	0
024140304044	0.777997	1
221000112210	0.848025	3
102200212000	7.118768	0
020202010110	0.802379	2
201112302022	85.477783	0
212002202100	0.890150	2
000101211221	1.670008	3
011010201000	0.853093	3
001010021222	0.830768	3
001210002122	0.798966	2
001022001211	0.732102	3
202221301012	0.808668	2
000122300120	0.668289	3
002020111212	0.686704	0
210020211010	1.363784	0
121020102020	10.585616	0
200221010102	7.379272	0
010200100240	1.094858	0
000020220000	1.887073	0
000002120100	1.978793	0
012001220000	0.250180	3
010022210201	0.323128	2
200100110100	0.696939	3
000002100023	2.633600	0
210012000100	1.421833	0
201020201023	255.229498	0
221021102212	7.815702	0
102000202003	3.163032	0
022200012010	2.023482	1
202001001012	0.701185	2
211000202043	0.538570	0
200000212001	1.007043	0
000001101200	1.136726	0
220012010141	1.153737	2
010120220202	0.828852	2
112012201201	2.085890	0
210021140002	1.017386	0
121002022100	0.808907	1
332020333200	0.886703	2
022020101010	57.887701	2
020122010222	0.758217	0
210001141000	0.728983	0
210012201000	3.365669	0
102220202112	0.831870	1
121210110220	0.757623	1
011202110102	0.694141	3
210212110121	0.863553	0
000201210000	39.462192	0
120111202212	0.636438	3
000122340001	0.220065	3
100210020040	0.579697	3
120000202001	1.094795	0
200200111000	2.003925	0
101220202110	0.927533	2
000201001200	1.491057	0
012202110100	0.937867	2
201220012010	7.657372	0
000022100021	0.446511	0
100022101001	0.813748	2
000121300102	0.715384	3
100202012101	0.883853	2
210121220221	1.413564	1
002021020112	0.665364	3
100201010202	1.134039	0
020221210222	1.844447	0
010100120110	0.800446	3
221201112201	0.378374	3
200201300022	8.566823	0
011220020001	2.902601	0
000102201200	32.617462	0
102220001011	0.612137	2
022033041333	8.071439	2
000102010000	1.229343	0
000102310100	0.809370	0
202212301001	0.958261	2
120200110221	0.777291	0
212100221020	0.744633	2
110012100043	0.737107	3
001001340010	0.789443	0
202212001101	1.168192	2
330220353020	0.999148	2
000022000220	0.558720	0
022110000210	6.576935	0
100000010202	2.126418	0
211001202020	0.862720	0
100000201002	1.441407	0
200010042011	0.484301	3
112211212122	2.993685	0
022120012210	0.759600	1
000020340221	2.534334	0
120100212203	0.783268	0
220102010200	30.603896	0
220011222112	0.734808	1
000210001001	0.677138	3
001022100221	0.695851	3
011002211000	0.472632	3
200110300012	0.879238	3
000101002221	0.529216	3
022001000121	1.113355	2
021200210200	0.209196	2
020102022000	0.867264	0
121020002013	0.835927	0
000021002112	1.623748	0
221001002220	0.829349	3
120011200112	0.604493	3
212011221121	0.684933	3
330210333240	0.738366	3
020000000112	10.017046	0
020220112211	0.699057	1
001102000203	13.800158	0
221001120140	0.543405	3
002112201212	1.484543	0
220021120020	1.014210	1
121211212122	0.372119	1
001120002010	0.626366	0
210210200200	3.200128	0
104142024244	0.664777	3
000012001010	0.786812	0
102000000003	9.764917	0
102122121111	0.708102	3
112001202220	0.768199	3
002120020210	0.821515	2
000033101333	0.041178	3
100011000012	0.451904	3
020102000202	2.928194	0
012012000110	1.547967	0
010202000010	0.814129	0
201112201021	1.170962	0
200000100011	0.471285	0
000121210200	0.855827	3
000002000010	0.441212	0
022010000021	10.997328	0
200102001122	7.278344	0
120012120001	0.888525	0
020012221112	3.717109	0
011020200010	0.558140	0
000002	4.299438	0
022100020100	7.882410	0
124053004345	5.578257	0
200121000210	2.113092	2
022100320000	14.506980	0
002001221200	0.822818	0
011010002220	0.787477	3
000011300002	0.641034	0
101000122020	0.711750	3
001002040100	0.657270	0
110000201000	0.054636	3
121220212220	1.195648	1
020000320001	1.405005	0
210002002000	18.566400	0
210100102000	0.810512	0
001120201020	7.198784	3
112202200003	0.772084	2
021100320002	6.821261	0
120012201000	1.102689	0
120120122003	55.337700	0
202100041000	0.411160	2
002002001121	4.124695	0
020011200002	0.785537	2
101020142020	0.550669	3
012020110012	0.764776	2
100100002210	0.764184	0
120012010200	7.989460	0
002100220000	0.872408	0
022120340000	0.612793	2
210100120202	0.637334	0
332012333020	43.790554	0
020110010011	0.766434	0
000200101040	1.028064	0
200200000140	0.879817	0
021101120240	0.344682	3
212010141021	0.459838	3
022001002000	0.820077	1
000100212003	0.777314	0
121001212112	0.758507	3
202012201112	1.794512	0
210210020140	67.378023	0
330001333101	0.468816	3
100033010353	0.520977	3
201122100121	1.546575	0
100000020240	2.544345	0
102102000111	1.990578	0
200100200140	0.525556	3
001020110220	1.076886	0
100120200200	0.501275	3
210011141012	0.684654	3
112220012112	0.748082	1
210001201003	0.785858	0
100101000040	0.551906	3
001100221100	0.869962	3
100000300200	0.292914	0
000102	6.108432	0
210202022100	9.924457	0
022001020202	1.394974	2
004141004244	0.062540	2
001002000021	0.488169	0
112220221110	1.245138	2
011000002000	0.203241	0
210000002001	1.111394	0
211002102001	7.055889	0
012000020010	0.528984	0
021001020200	0.315770	3
000020210100	0.865153	0
124141	105.108162	0
112202212101	1.258707	2
012202111100	1.245559	2
000200002122	3.322395	0
012002200021	0.704390	1
020102000200	18.343839	0
001122042121	0.680492	0
022101020100	1.219862	2
000200000241	23.275740	0
002021110212	0.484970	3
002202010101	0.480840	2
222033121333	0.074319	1
000122100211	0.690481	3
000001200010	0.730315	0
010102120100	0.115656	3
100020010003	0.787893	3
122100101003	5.608485	0
202021042011	0.793716	2
121020012000	6.807281	0
210100020101	0.696001	3
021201012120	0.803100	3
200210102200	0.700417	2
022233201333	1.832324	1
012210200202	0.820403	0
101121122102	0.724444	3
210000120100	0.719147	0
101120000120	0.761431	3
330000353010	0.080338	3
010000000100	0.063362	0
100001020240	1.412906	0
022000002000	5.596055	0
200210121100	1.510339	1
021220110100	0.319520	2
000000110011	0.750643	0
010200000000	9.314429	0
112020021012	0.717903	2
021001210000	0.496052	3
004041214244	0.615304	3
011020200011	0.875591	0
001020010220	0.517151	0
102102220100	0.847668	0
100102020001	1.198376	0
220110120020	0.728982	3
201202002122	1.555063	2
200112000102	18.585093	0
000200001202	0.972404	0
120002211000	4.709247	0
110002201222	0.808340	2
022011001110	0.777514	2
220010100043	0.744174	2
100010022002	0.654356	0
110210221120	0.805459	3
200200300022	1.006629	0
201100001003	0.512239	3
002002221000	3.573779	0
011022110000	0.863687	3
200020001000	1.839866	0
002020020112	2.147509	0
022001102020	1.796033	1
012202002100	0.946117	2
022102010001	3.910754	0
220000120210	0.759413	0
021000200003	0.150514	3
100210001001	0.878033	3
210222122100	0.760494	1
020021020201	21.780538	0
020021010002	1.818244	0
210211010102	4.019724	0
000000340102	2.986701	0
021011001121	0.599089	1
000000010243	197.560934	0
200010000210	0.740033	0
020220211210	1.599172	1
101012042011	0.768405	2
000021000200	0.983041	0
002002020100	15.178195	0
041400540400	0.031356	2
220020120020	5.883839	1
022202011101	1.442540	2
001001001010	0.064899	0
002020021010	2.066902	0
100021000000	2.381964	0
001101210040	0.552803	3
202002000211	7.405301	2
022102211101	1.398065	0
210010000020	0.318463	0
100210200101	0.821658	3
200001010000	1.295346	0
200100300100	0.514737	3
002000041010	1.013687	0
021000002012	0.805556	3
001020212010	1.050606	0
001021000012	3.450099	0
001000300140	0.723363	0
001000000040	0.017410	0
000100210140	0.441354	0
330000353101	0.380294	3
012102220220	0.959601	1
002020212012	0.643034	0
210120000000	0.547673	2
001020122000	1.344753	0
101012042002	0.806959	2
010100221021	0.846849	3
012202022112	1.298449	1
022000021200	2.939814	0
202210000020	0.544293	2
002020100010	0.520365	0
202210300120	1.187468	2
210220200000	57.795956	0
102012042000	34.424603	0
100220010201	2.100807	1
021001120000	0.618696	3
201210000022	0.213071	2
002102001210	8.401686	0
012102041101	0.779820	2
012102221003	0.646927	2
000212020100	0.308536	0
330210333200	0.376572	3
201220011010	1.619519	0
010000010040	0.157191	0
114053024353	0.542141	3
210102122203	5.204391	0
201221	31.980615	0
022121022210	0.849604	1
002010240000	1.513111	0
021020002212	0.867346	0
000000342020	19.175315	0
102000001012	27.418960	0
222010141020	0.510347	2
001202300202	0.653772	2
201210022220	1.143079	1
210211020102	6.524384	0
020100212002	0.871821	0
110200202010	0.677106	3
010100020121	0.584445	3
220020120010	2.210500	2
001001001020	0.096392	0
000002302000	4.310166	0
101012042021	0.349804	2
000002002100	1.091041	0
120002000040	0.783910	0
001000242010	0.685242	0
000200022001	1.674787	0
110221201000	20.586207	0
020100010222	0.796658	0
000010000140	0.213265	0
100000200013	0.846797	0
102220112012	1.279674	1
101120040023	0.847628	3
000002320202	0.271537	0
001121010212	0.771358	3
100002000020	0.458957	0
000010041112	0.820750	0
101120041020	0.525034	3
011122020001	0.794921	3
002020222012	0.832764	0
102000001001	5.743503	0
041420440422	4.845575	1
000022301221	0.243835	0
000202012100	0.683229	0
101220112010	0.683653	2
021001001040	0.476484	3
220000121012	0.677549	0
001120102011	1.524888	3
000120340110	0.789514	3
022010121010	1.500335	0
210001200101	0.714464	0
000200000000	4.098825	0
021201211122	0.676268	3
012210210200	2.174615	0
010001200140	0.499918	0
202012011010	0.807179	0
002011200112	0.391882	3
200120021021	0.847910	1
012210001000	39.919212	0
121000042000	0.810101	0
012002200011	0.862687	2
330202333111	0.535055	2
202020201000	0.202599	2
000020300000	0.029423	0
110220211003	1.347869	2
021001111001	0.787957	3
121020022000	23.335364	0
011101	0.422717	3
222100121020	0.337594	2
000020302112	0.847054	0
210211222002	12.028205	0
201002141020	0.846066	0
200001010200	1.808167	0
000100002220	1.271243	0
120210210021	0.820540	3
001000041021	2.254045	0
100001042010	0.721854	3
101120002002	0.847876	3
021022100001	0.755976	2
010000002022	1.369813	0
000120300040	0.778311	3
210000110100	0.744812	0
000200201100	3.959314	0
122202211020	0.738635	1
022020112012	0.623153	1
000000120011	1.203786	0
222100221003	0.789920	2
020010002102	5.100689	0
010001000043	0.542132	3
012210000102	1.310025	0
001000001100	0.637721	0
102122002121	0.732617	3
000120000102	0.366812	0
110022210201	0.157675	1
220110110020	0.869460	3
001001042002	0.294462	0
201202000000	0.707400	2
010000200202	0.429832	0
020000110041	2.193375	0
122033201333	42.868764	0
101200202003	0.378295	2
021000010200	0.436675	0
100121222201	0.859012	3
022001110101	0.761960	2
210000222001	1.013418	0
100010020120	0.746529	0
022000010202	1.080002	0
210021200200	1.738015	0
100120001003	0.286852	3
201020042000	1.602798	0
012121121212	0.477730	1
022100010100	0.901278	0
101002001000	0.854131	2
210110120241	0.785799	3
100200100010	0.775871	3
100200000000	0.455540	0
100200001003	5.322308	3
000011102102	0.742467	3
100200002112	0.805271	3
101000010020	0.711188	3
000122020201	0.275095	0
001001041021	0.193669	0
022001200100	0.813618	1
200010101022	0.820318	0
001200002100	1.693079	0
102010042010	100.571325	0
012021101112	0.849799	3
330002333122	0.257956	2
101111	0.655308	1
102002040021	1.551382	0
100120201002	0.783404	3
102001111220	0.741059	3
000012041102	0.853415	0
110210200040	0.551792	3
112210201000	5.390803	0
200102202100	1.534236	0
002010201010	0.767162	0
012012041010	7.805430	0
010201221200	1.939692	0
200001300002	0.978091	0
101100102221	0.790536	3
021100011000	0.532391	0
021200210020	0.780997	2
111022002011	0.837349	1
000001040102	0.506416	0
100101120202	0.588815	3
000020010202	0.721217	0
201122100111	2.229844	0
000000011200	5.189579	0
000012300021	0.392256	0
121001002121	0.753784	3
000000302010	102.214635	0
011002000040	0.563889	3
000012000121	0.333647	0
001000112121	0.739911	0
100102020110	0.786407	0
111220211112	0.600171	1
112022002001	0.759894	1
020100220201	0.731010	0
002000202013	0.361651	0
022211011112	0.688242	2
002021010112	0.247096	3
012101120101	0.803900	1
332000333240	0.630202	3
210120122112	1.472904	1
100011202112	0.404656	3
104042	0.576812	2
110011220122	0.783259	3
201000001023	0.694286	0
020201010001	0.510023	3
101021	16.212466	0
100000002000	0.018757	0
022120211212	1.278630	1
200000212100	0.870396	0
220000012000	0.636738	0
002002000010	1.596079	0
001000040003	0.020748	0
100121041002	0.766714	3
022101110202	0.521148	2
020102220100	2.079974	0
000202110001	0.821446	0
020002120003	0.837502	0
102001001012	3.189152	0
000201210101	20.234282	0
202011042012	0.503380	2
000011040010	0.356217	3
120220212100	1.841078	2
021001302140	0.984890	3
201000202200	2.341750	0
200010042021	0.782430	3
021001002040	0.693008	3
022120022210	0.624964	1
220002101020	0.694046	2
210001040000	0.817431	0
200100210000	0.725072	0
100000020202	0.752723	0
010010200001	0.822475	3
000020120100	28.333214	0
021122320101	212.539552	0
220110320210	0.790104	3
121020002023	5.110831	0
330100333241	0.753202	2
200210022000	0.850065	1
000012202012	1.123151	0
202100000010	0.812658	2
201012302121	11.806270	0
021002201010	0.862289	2
102122042101	0.422589	3
200110222000	0.552575	3
202000221022	0.749511	0
101002002120	0.727141	2
210200022003	33.949051	0
200220212010	1.509570	0
011220210100	2.064784	0
202211001122	1.466968	2
201010142020	0.603374	0
212011221111	0.750319	3
020000000122	8.672225	0
011100220201	0.842621	3
210110220020	0.776947	3
002002001112	6.175295	0
200202000101	0.657388	2
020220112021	0.731687	2
221201111111	0.815267	3
020120110001	0.316024	0
041421440422	97.950964	0
002211200102	8.683471	0
011002022020	0.777851	3
001002001110	0.658381	3
212120221010	0.757479	1
110012211001	0.653244	3
020012002112	1.111809	0
000002120001	2.494209	0
111022212221	0.503959	1
010100222110	0.820452	3
000020300201	0.668727	0
020012010211	2.523727	0
010100220002	0.471852	0
210022140011	2.563519	2
012100000000	0.531105	2
020000012220	0.918699	0
001121102212	1.143495	3
121020102010	2.491636	0
022101010000	1.109183	2
001022001221	0.664178	3
100000200001	1.025171	0
022010000120	13.371899	0
330002333010	0.044936	2
100210000012	0.657979	3
200000010101	0.535207	0
012001001200	0.670510	3
210012220200	1.596107	0
102220022210	0.945344	1
200211200112	1.013637	1
010011220102	0.652790	3
111002000200	0.799504	1
200012110021	0.648184	0
021010300022	0.648855	2
010101021240	0.821758	2
010120221000	0.910364	2
210211111202	0.851579	0
021000002023	1.010067	3
000121022201	0.873508	0
000102010101	1.066127	0
120210210140	0.343005	3
222000121210	0.851009	2
010110220200	0.571332	3
120211200002	0.616359	3
010101100200	0.696702	2
141410442422	0.314061	1
111021200000	0.848566	3
020120111000	1.027573	0
222010140020	0.656297	2
202110201021	0.824671	3
201022002111	111.514653	0
112002210100	0.738745	2
121220210211	1.026370	1
100122001001	0.215651	3
000011042002	0.421823	0
021101111240	0.766899	3
022102010220	3.558004	0
202221300210	1.185119	2
010002210001	0.732798	0
002021002211	0.754548	0
021010001020	0.211028	2
202210001021	0.783384	2
001001040011	0.178229	0
020021110200	2.356066	0
022221012010	0.817436	1
202212001000	0.555972	2
100221002102	1.560852	0
210012000140	1.175492	0
002001300012	1.744753	0
111120	0.267869	1
220021111010	0.914131	2
002002301000	19.074288	0
221102121100	1.515950	0
221011001122	0.852004	1
112202210003	0.509933	2
110020211221	0.795582	2
000000120003	1.483461	0
021002200020	0.791900	2
202100001020	0.358172	2
121100222020	0.524669	0
122200210000	23.857540	0
021211	0.187533	1
241411541422	0.895902	1
200100020003	0.394979	3
020000300041	2.104234	0
000011000212	0.125633	3
000011340022	0.256296	0
201010002120	0.745959	3
200100021000	0.425250	0
210220110002	0.896706	0
112221211010	0.859882	0
124140214144	2326.428833	0
201021042020	13.309606	0
211211210022	27.919521	0
120210211002	0.695821	3
200200220003	1.558939	0
000220000021	4.761084	0
200200221000	5.833669	0
000212300202	0.329671	0
330012333041	0.718448	3
020000112003	0.721714	0
041420442411	0.313365	1
202211301110	0.854916	2
210002102003	10.882762	0
111201110040	0.619006	3
000211300022	1.640956	0
120201212110	0.503599	3
102000042003	29.826246	0
022100020001	6.455492	0
212001211210	0.739993	3
242410441400	0.733800	1
021002210001	0.932903	2
201002221001	1.434862	0
022100000003	0.865279	0
101001000020	0.724125	3
100120220240	0.794586	3
100112100102	0.810690	0
221102102200	23.544710	0
110000020140	0.420512	3
201110302022	0.800375	3
002000112000	0.738728	0
122020012210	1.257809	0
100220020240	0.760565	1
021210210222	0.612114	1
012002200200	0.668458	2
200210011220	1.149817	2
020001112000	0.445251	0
021021000220	11.711782	0
122020101013	9.773859	0
012102022212	2.066129	1
112000211012	0.733780	3
000000110110	0.774026	0
100122122111	0.979536	3
000010340120	0.928349	0
102202002110	1.844232	2
210202100100	5.507978	0
012202211000	1.185688	2
220020111010	1.366554	2
122000201020	3.026629	0
020100220010	0.740355	0
200112022201	1.901437	0
101200110201	0.768908	2
011220110122	0.666602	0
000012100021	0.805912	0
022000210200	7.697288	0
220020110110	0.830110	2
210010202012	0.718014	0
121000120043	0.604720	3
101010342020	0.757583	2
000022300211	0.045737	0
024140214144	8.013659	1
201000042021	0.698627	0
002000202001	0.757777	0
000010040122	3.674389	0
120211220102	0.376534	3
000010340022	0.524907	0
102221000012	3.528193	0
042420441410	0.289380	1
022000012020	6.322852	0
212000000010	0.781332	0
021001110100	0.422633	3
000000042023	9.052979	0
201200022000	6.152376	0
000122340201	0.459646	3
112001220003	0.678452	3
000110040022	0.821212	0
122120002110	28.387130	0
220010120003	0.694250	2
212021121012	0.771395	3
012012200200	1.880590	0
141420442411	0.222694	1
202210001010	0.472054	2
022010020020	4.585438	0
110211202102	0.799720	3
011010102022	0.718188	3
010021202002	0.781810	0
200010220020	0.801522	0
012020201010	0.473020	2
000201220000	6.907115	0
000100010111	0.837293	0
041410540422	0.220264	1
002002011202	2.487586	0
001012000020	0.192284	0
100200012010	0.684129	3
022102011120	1.144999	0
001012001023	0.816168	3
014042214244	0.530584	1
001221300000	16.784633	0
011020201012	0.859263	0
001221000100	14.022376	0
010021220200	0.846741	0
100020110000	0.628981	3
101120102200	0.666006	3
000201300221	10.849571	0
022020120000	0.718631	2
200011010212	0.695719	2
220122110200	3.984749	2
011102020240	0.719803	3
000122302011	0.741190	3
120012010122	1.737668	0
022020122112	0.929972	1
110012222001	0.771945	3
211000242000	0.226929	0
110100220002	0.355994	2
022202110101	0.816677	2
141420440400	0.621964	1
020000200001	0.876665	0
002002121100	12.537997	0
002200212003	7.452656	0
100100201201	0.613756	0
120010010040	0.639338	0
210102222003	0.731160	0
020211012112	0.475561	2
100120202020	0.681156	3
212000041010	0.871410	0
010001020010	0.691853	0
002210000200	30.700193	0
221001102112	0.798150	3
110120220003	0.807984	1
000100141000	0.750430	0
120100210101	3.150936	0
012000001200	0.683990	0
002020000212	0.330584	0
002202	2.904669	2
001202020040	0.683589	2
221001002001	0.718171	3
111011	0.686070	1
200200010211	1.624394	0
102220011012	0.648291	1
100000022020	1.460582	0
202221211112	0.705778	1
021001110040	0.294488	3
330020333110	0.118107	2
102111102212	0.678215	3
021201210112	0.659464	3
111010002022	0.647616	1
100022000201	0.225331	2
332010353020	348.372060	3
211012201022	6.252767	0
112202201120	0.844205	1
100101111200	0.813180	3
001020020011	0.730265	0
020020002011	0.448130	0
022101300202	0.825164	2
021120010211	0.857073	0
000001002022	1.193370	0
000200220000	3.724041	0
002021102112	0.665508	3
201010142021	0.444842	3
110120020100	0.872537	1
200011100012	0.731439	2
221121111202	100.194711	0
011120220220	0.817740	3
010010221000	0.352080	3
011202020201	0.810406	3
112000211020	0.562279	3
110001200240	0.572266	3
221220111211	0.729757	1
022011001022	0.867783	2
000001000011	0.221724	0
024041014045	0.149605	1
021020012010	0.910464	0
121200210203	0.829101	2
021020002010	1.096532	0
001002001002	0.795622	3
100100010000	0.173424	0
010021040011	0.747538	0
121210212022	0.697694	1
010001020011	0.748757	0
002020212112	0.762607	0
001122111121	0.788909	3
212012201011	1.545078	0
001000300040	0.052642	0
220100000000	0.284539	0
022221010111	0.738319	2
010102020223	0.885373	0
200122101101	0.874385	2
000200010143	0.694909	0
020220010122	1.156129	1
212002101200	1.500839	2
200001010100	2.121588	0
101120040010	0.532780	3
100001000002	0.344594	0
012100122100	0.886310	2
221001102001	0.571017	3
002012210112	2.846344	0
001021000220	2.812014	0
220000100001	0.315666	0
012202002000	0.641728	2
000112001212	0.568413	0
011120120112	0.724581	3
000001020221	0.685079	0
020002300100	0.514268	0
222100111000	0.459717	2
120111222112	0.809517	3
220001002000	0.829499	2
020000001043	1.271084	0
002002221003	1.434585	0
000021210002	1.227528	0
111201212200	0.316488	3
200200000022	3.556714	0
120000202100	1.259702	0
330112353222	0.716833	3
102011002002	1.291918	0
000020342012	1.577458	0
241410	0.399530	1
001012042021	0.310872	0
210111000222	0.688078	1
200200300000	2.117022	0
010001010100	0.535607	0
121200212120	0.841337	2
112012200010	6.514358	0
020021010102	2.544957	0
110211200102	0.408326	3
120020200013	0.544217	0
122012000021	2.647294	0
201220010020	22.690396	0
021000200000	0.107153	0
010200300000	0.548879	0
011210222020	0.791195	3
022000002100	0.813409	0
201101002202	0.669136	3
202012101001	1.397002	0
000001010212	0.492216	0
012200200003	20.956442	0
000010001100	0.566948	0
021000002102	1.210846	0
210002101101	0.845574	0
001002122020	0.734509	3
120210010111	0.745691	3
014142224145	0.851843	1
020010201000	0.827896	0
220000012003	0.749317	0
020001110101	0.643747	3
220012110201	0.807779	1
000202120112	0.801636	0
000200000202	0.164176	0
011212102002	0.790096	3
221111111222	0.797697	1
024240114144	0.236734	1
024041014244	0.746980	1
200100020240	0.551298	0
000220020211	9.446662	0
210101121200	0.744585	2
200200122003	3.697425	0
020112020121	7.557837	0
002011021212	0.780069	0
002202000011	0.772604	2
201200122000	11.933380	0
020211211122	0.540905	2
110211020242	0.689770	3
000000021203	0.887467	0
330222333021	0.812090	1
021002110020	0.819497	2
102000041000	8.009603	0
012002100010	1.527036	2
021221011201	1.294967	0
330122333211	0.367154	1
002021111212	0.715713	3
120012222000	1.129131	0
010200210202	1.685513	0
000010300102	0.166203	0
001020010012	0.841588	0
332200333100	2.372736	0
020120122000	2.628310	0
100100	0.158613	0
010020201002	0.933561	0
002022300011	0.050235	2
102120020210	0.423710	3
210100020001	0.730076	3
100020010000	0.198666	3
120120201110	1.072119	0
000101120000	0.750213	3
122100100003	60.468190	0
210122220201	0.746474	2
001220040020	1.728303	0
210001120000	0.177002	0
001120001120	2.210913	3
110012210041	0.647842	3
200000021040	1.386094	0
112022201211	0.754795	1
212010201001	0.528196	3
110222020121	0.864923	1
102102001111	2.406541	0
201210011221	0.737343	2
100120100211	0.804701	3
210210020040	50.503604	0
021102000020	5.430496	0
200210110012	0.835424	2
100033100333	0.095967	3
111220012010	0.736356	2
000000010212	1.949684	0
020011022112	0.534886	2
000000210102	1.041935	0
200002300020	0.728333	0
021221110000	16.857311	0
020210210020	0.651438	2
102010001000	16.628532	0
202201111102	0.677790	2
024040014244	1.021372	1
202000111210	3.693735	0
022211010122	1.699558	2
110000212001	0.688890	3
002020042011	0.588659	0
020000040022	0.999191	0
100200000202	0.486774	0
020100012003	0.585539	0
200100120003	0.428578	3
000021042022	20.831057	0
202112021212	2.275475	0
100100200202	0.425721	0
010200211200	3.730859	0
021100020002	7.343160	0
202211301002	1.358697	2
100012001000	0.625686	0
000221020111	1.582887	0
200012300200	6.392088	0
000200310000	0.297019	0
021001212200	0.689806	3
212202201203	0.855952	2
002210212020	1.218203	0
000011000002	0.038663	0
212001211211	0.710026	3
022100020000	5.095806	0
211221112111	3.394306	0
210202210100	2.403774	0
100010000043	0.499420	0
021120001021	28.845337	0
010020220201	0.893968	0
201000101022	0.896598	0
201000040120	0.782214	0
002120340001	0.506838	2
000011041021	0.657600	3
020000211210	1.041856	0
012200002010	5.084225	0
020001010112	0.802310	3
202000101020	0.299389	0
010000010022	0.791791	0
200020001110	19.735483	0
100220002120	1.156828	2
020221012211	2.240234	0
010210021020	0.848606	3
104142004244	0.538576	3
120120122000	28.272622	0
121211212022	0.822614	1
021200211011	0.749681	2
212001211201	0.714031	3
120011200012	0.817589	3
000102200202	2.419540	0
122000200003	24.285109	0
220011010112	0.851442	1
220012010041	1.624637	2
121020002010	2.566728	0
021200210203	0.603009	2
200110000012	0.630355	3
000000342002	15.995555	0
002010200021	1.101917	0
101112200221	0.773121	3
022010300021	6.419755	0
120122041103	3533.544000	0
100000011200	2.051695	0
000102222000	0.845222	0
000002110101	0.654819	0
120210222020	0.713578	3
221201110121	0.739382	3
201112002221	15.723534	0
020020011000	2.715842	0
102010042022	13.779758	0
110001211000	0.611586	3
001001000140	0.436881	0
000202302100	3.939456	0
010000020011	0.813749	0
110002212100	0.690974	2
022033040333	1.447801	2
021022020201	1.360184	1
200101010202	0.457080	2
001200042000	0.412490	0
000002000222	0.094879	0
102002220000	3.897673	0
330112333222	0.627470	3
200110020022	0.787492	3
120000210202	2.736522	0
100211020122	0.565362	3
101010002000	0.470267	2
002021020012	7.010181	0
110002211220	0.527175	2
210011001022	0.985173	3
120202212101	0.734716	2
212002211021	1.539160	1
120100212200	0.417945	0
012000100000	0.532891	0
200000011002	1.551204	0
200201010140	0.695200	0
000101300100	0.762787	3
352400353422	0.666392	0
010000300040	0.057364	0
100200210040	0.357248	0
011002202222	0.765547	3
122220201011	0.997658	2
012202120101	0.801039	2
000201220001	1.232733	0
202212301101	1.583410	2
221012101020	0.378787	2
001212021122	0.745113	2
100100010040	0.168321	0
020102210000	26.212148	0
120020102011	5.708096	0
202212001001	0.847596	2
011012222000	0.798344	3
221201112040	0.226003	3
000010010222	0.441975	0
021120110000	6.477975	0
110210212201	0.709930	3
010020040011	1.067449	0
000000022013	0.772712	0
120012200141	1.554473	0
201000100020	2.274002	0
000200320100	0.638975	0
010100022020	0.807096	0
102020000010	0.069512	0
020101000220	1.663350	0
110200112010	0.738188	3
120210220040	0.603482	3
100000002001	0.349738	0
101220202010	0.877919	2
200200111003	3.304891	0
012202110000	4.756254	2
002010002020	2.288882	0
020002021000	10.473917	0
012102221221	0.912973	1
202000100010	0.627505	0
020000210220	0.722349	0
010121020040	0.791230	2
100012000041	0.612901	0
001010002022	0.200823	0
012001221002	0.802606	3
110000110040	0.677886	3
001222300021	0.691776	2
012122020111	0.580311	1
112002220000	0.709549	2
000102210001	0.809133	0
200112200202	1.193530	0
330100333240	0.644269	2
000000200022	0.879132	0
221000021000	0.791093	0
200020040001	0.812262	0
220100112000	0.366917	0
001001202021	0.758229	0
221011101102	0.808138	1
211102220200	15.655870	0
002200212010	3.662030	0
120202010100	0.615304	2
100122012201	0.713368	3
121220212101	1.040620	2
202210101220	1.330509	2
020200111201	0.848770	0
201010042020	0.092051	0
200112002022	1.573077	0
000000241001	1.047839	0
000201000202	25.934785	0
212220121010	4.868391	2
100110201022	0.730404	3
202001001211	0.728426	2
002000101001	3.932897	0
200000020001	1.009853	0
001001000201	0.264109	0
022021300211	4.968785	2
012010340021	0.862674	3
121000102022	0.772954	0
020000300022	0.658549	0
000002120000	1.456805	0
012002001102	3.064877	1
022100010101	1.039257	0
022200211121	1.013353	1
011002020003	0.556985	3
110012210000	0.741590	3
020102000241	10.000792	0
120210211200	0.385250	3
200010140000	0.991890	0
112111221202	0.901284	1
200110010122	0.857284	3
002001000001	0.377304	0
000012001002	0.685582	0
010211120112	1.075970	3
100100020140	0.173862	0
000122120201	0.820786	3
001022010101	0.750053	0
111033	0.978434	1
200101220040	0.637117	2
002022110011	0.730685	2
012002012010	0.752648	2
210022101120	0.703896	1
120211010042	0.842556	3
100200220140	0.592179	0
024253	5.652525	2
201200002002	13.965062	0
120210211100	0.609183	3
021000111000	0.742950	0
102002040020	1.413568	0
010201110240	72.551257	0
012001201010	0.593343	3
002010201011	0.992286	0
102010102122	0.563007	0
122020101000	3.091246	0
011002220100	0.531654	3
330202333102	0.111390	2
021101100002	0.767794	3
000000301011	0.577956	0
001101122200	0.741717	3
021210210020	0.404115	1
332011333002	1.565179	3
200201300010	1.544961	0
112202212122	1.333032	1
210022141020	2.612390	1
210000201002	2.188177	0
200201000110	10.845826	0
110021220102	0.696765	3
201122000111	2.250605	0
200201101000	1.920303	0
002000101200	1.645320	0
100121021200	0.703333	3
200011000222	0.676715	2
000000002111	0.870836	0
100212010202	0.786600	3
210000020003	0.508236	0
210121221221	0.965002	1
020001300101	0.817302	3
020201	0.652491	0
012021021212	0.618127	3
000220001011	0.712099	0
112000022003	0.789213	0
021001010201	0.564386	3
010102200100	0.568526	0
112220211111	0.700849	2
010020000002	1.871835	0
122033211333	142.606003	0
212200211210	2.626219	0
022010001111	0.792938	0
010010220040	0.677256	0
001120002011	1.048423	0
021000110040	0.640853	0
121100220200	0.508711	0
110001201200	0.541698	3
001010042023	0.326244	3
200010202002	0.797016	0
220101100240	0.633900	2
020210211200	0.354752	2
101220101010	0.826795	2
002202020100	0.162590	2
100120000111	0.670879	3
120120020211	1.979112	0
120211211100	0.771045	3
212202102003	0.934429	2
021122300101	0.716298	0
200022300001	0.759587	2
100101110240	0.490970	3
201000220020	0.947616	0
201201302102	17.826609	0
221120100000	3.930267	0
200010000222	0.729272	0
120012120102	0.906447	0
200001110200	1.126743	0
011033	0.772454	3
100010000020	0.092636	0
220000101040	0.864006	0
221201100240	0.327335	3
004142214244	0.612175	2
001000110020	3.924876	0
221110322021	0.800360	3
021022100000	0.611590	2
000012101011	0.877709	0
020100100003	0.533825	0
101122002122	0.749200	3
002002010003	4.286498	0
021121000221	24.289339	0
210210200020	2.096486	0
000000120010	0.732787	0
200210300012	1.744363	2
202033201353	0.390824	2
001000001101	0.804381	0
001010122020	0.449387	3
011012020000	0.630989	3
101201002200	0.468946	3
121220222210	1.317009	1
120211210002	0.579977	3
200000021023	6.943890	0
022010101212	0.826003	0
000200020043	16.505762	0
000200021040	1.358440	0
210210002200	9.188722	0
010001221100	0.847880	0
021102020120	16.454822	0
210212120002	1.089785	0
000100220043	0.638263	0
100010120120	0.749686	3
212000202010	0.678845	0
121201220102	0.774844	3
001000040122	2.596082	0
001021110212	0.835849	0
012000012000	0.822253	3
112102221200	0.943284	2
221010100000	0.844820	2
202210300121	1.178582	2
000033220353	0.047011	3
121201110240	0.466029	3
022001002010	0.458396	1
212100220001	0.823941	2
200200011221	2.029741	0
200210020101	0.739809	1
101110002022	0.758421	3
022001000102	1.614013	2
020211210112	0.172571	2
000211010012	0.802249	3
200000121200	0.978395	0
012033102333	0.642250	3
002200300010	2.085114	0
000001001021	0.849192	0
000002042020	0.520311	0
020122110021	0.883647	0
010120220040	0.651428	2
200033040333	0.020154	2
022102010111	1.026837	0
120002000022	0.824454	0
220000222000	0.300594	0
140410442403	0.769995	3
212010102020	0.864153	0
000033221333	0.029856	3
020120112100	0.800950	0
011000221000	0.426276	0
221201111102	0.739293	3
330000333142	0.382401	3
112010222010	0.970213	0
001010121021	0.758075	3
210101120241	0.647591	2
100101210221	0.759352	3
000002002101	0.946669	0
001002102120	0.801214	3
122121212212	37.763911	0
010011121022	0.648154	3
200120000222	0.871839	1
000200022000	3.623396	0
202012021022	0.992724	0
102122222211	0.556966	3
210010242000	0.674092	0
210211210212	28.417391	0
012102120103	0.796729	2
022021100012	1.246613	2
012212110112	1.589445	0
221101110002	0.742566	3
100002100020	0.748575	0
110022211201	0.166947	1
121211111222	0.730583	1
100212010112	0.757714	3
002012201001	5.580790	0
020111000200	0.611062	2
212200111200	6.224325	0
001021100022	0.856326	0
002121010211	0.783701	2
010000020003	0.080898	0
002020000020	1.078462	0
210100200240	0.759994	0
220002100100	0.722898	2
100022300201	0.302400	2
221101111200	0.331417	3
210112220002	23.579769	0
212002211200	0.663561	2
200020100003	0.564835	0
222000101121	0.712147	2
100220020200	1.204907	1
012202002101	0.859278	2
001100100040	0.706167	3
110200220102	0.995373	0
220000100100	0.464044	0
040400540401	2.051369	0
110220221100	1.812548	2
102201	16.786443	0
201220111020	10.318935	0
121220112210	0.634476	1
000001001011	0.337492	0
022102320011	235.969556	0
020122120021	5.737073	0
121110122200	0.808432	3
210001010240	0.815180	0
001110200220	0.849211	3
021220211211	0.887387	1
002200300020	5.127973	0
000002002111	1.796055	0
000210202000	0.482396	0
120012012202	0.718397	0
201210012221	1.899047	2
000110000112	0.743057	0
011012020001	0.731903	3
000033211333	0.143920	3
021110022122	0.782605	3
210210110200	6.915114	0
001000340011	0.427633	0
002021102012	0.754189	0
100000220203	1.129984	0
210010340000	1.261316	0
022001200200	0.826133	1
020120110022	0.785447	0
201211112122	0.854209	2
021100020023	0.823535	3
110112220200	1.215807	3
021021020200	23.487813	0
101001202011	0.672486	3
112000211212	0.713676	3
001001101010	0.462026	0
112020201000	0.711849	2
200100200001	0.774420	3
002000000210	4.898209	0
350412353402	0.488696	3
020121110002	1.586706	0
001012002001	0.540849	0
110001211221	0.493537	3
120001000001	6.476066	3
001202020140	0.721617	2
201000101003	0.359492	0
000210001012	0.688201	3
110220020000	2.669466	2
000120001001	0.820168	0
100002100010	1.560893	0
210200102020	22.982053	0
120021212020	1.054706	0
110210210010	0.776638	3
110120220000	0.455678	1
201210122022	0.785536	1
221100121010	0.496870	3
201012301222	0.823355	0
240433442333	0.082050	1
002220300210	1.677624	1
100122210201	0.685220	3
201020001001	1.735172	0
122221212110	1.653554	0
012110222210	0.876534	3
120211012102	0.683601	3
011122	0.147866	3
121002102200	0.982169	1
020100020110	0.896362	0
222012121021	1.375299	1
202210001110	1.169896	2
010022000021	0.317179	2
002021010212	0.118098	3
021002112000	0.610943	2
212112121220	10.712256	0
110210120040	0.850561	3
201020002001	6.066639	0
222033021333	0.628432	1
002102300220	1.534468	0
212000200020	0.424192	0
100000110002	0.869315	0
210202110120	0.899613	0
011000000101	0.828413	0
122100001003	32.034018	0
101001042021	0.534487	3
122100000000	31.203433	0
000102020012	1.138155	0
100020111000	0.706293	3
000010341020	0.360313	0
210100020100	0.217463	3
102120121210	0.739413	3
200200202010	2.953393	0
024140014044	0.390800	1
014142124045	0.692838	1
101033202333	0.475782	1
001220000201	7.189121	0
100100201211	0.749453	0
112002200203	0.866223	2
000101100040	0.549894	3
000220302012	2.827648	0
021101021001	0.859443	3
000220002112	1.619758	0
000012101021	0.660312	0
010120220002	0.852864	2
001020010122	0.943966	0
200201000003	2.608463	0
001101121001	0.834968	3
001211300202	0.791889	2
002100020201	11.056042	0
112001201020	0.462875	3
210202100000	27.799565	0
101021102100	158.284844	3
000220100200	2.096459	0
121001110021	0.859849	3
000000010011	0.716342	0
200201000211	1.388812	0
201033002353	0.718613	2
000010340122	1.210548	0
102121201012	0.610082	3
200002300201	0.673098	0
102000001020	8.789947	0
021021101121	0.985281	0
000022000211	0.079695	0
100010122002	0.818458	3
010112221212	0.841388	3
000000110002	0.519372	0
022101120202	0.814271	2
211211022022	2.124439	0
000201000240	130.167401	0
201021002001	29.273537	0
121002112000	1.012519	2
200012000201	23.847193	0
221121112202	12.136750	0
201200201000	11.340106	0
220200102203	0.692786	2
110220211211	1.291453	1
200210002102	0.822651	2
120120022003	6.569279	0
021101101200	0.723553	3
120012201001	0.874552	0
200020001011	0.675049	0
120012010201	2.440709	0
041421440410	19.746292	0
102220022211	1.809420	1
200022011001	0.789434	2
010102020202	0.257170	0
212121	0.259515	1
001120010220	0.655320	3
100102022100	0.814472	0
212210021000	5.154199	0
200000320102	10.619086	0
020000300011	0.595790	0
100100120240	0.596363	0
001220000000	2.376665	0
021201112222	0.688194	3
101120042020	0.090917	3
202100001120	0.782616	2
102010100000	41.267923	0
121100222120	0.996871	3
212001001012	0.775270	3
330001333100	0.237029	3
102100000220	0.797954	0
000220102211	1.084008	0
202211000012	0.492691	2
102120042022	0.768075	3
100033110353	0.696332	3
112202211003	0.769764	2
221102121000	5.350569	0
002002300000	3.820021	0
121002212201	0.985169	1
100101100040	0.750161	3
100012101021	0.822934	0
011021020212	0.818913	0
202211211212	3.124393	1
020022300121	0.744271	2
002002300122	4.477448	0
000220001021	0.951039	0
110012211202	0.640296	3
200110202020	0.833811	3
220000141003	0.159308	0
010020200011	0.807690	0
120210210002	0.532482	3
002010001221	2.972479	0
120200010003	1.601843	0
200100021003	0.632847	3
001010002011	0.823761	3
110000220040	0.276729	0
210000002000	0.818894	0
350410353412	0.807731	3
200100020000	0.102138	0
110000212100	0.447375	3
101100022020	0.774316	3
102020240010	0.755798	0
102100100003	0.596207	0
210022140020	0.613268	1
201012011020	0.850185	0
331000333100	0.389742	2
112220201010	1.068580	2
102220001010	0.753781	2
200100110000	0.594170	0
120000000101	3.547291	0
100210000220	0.386386	3
010100020102	0.126981	3
020010040000	0.435651	0
220210000140	0.785765	1
211201102102	0.984416	0
004142004245	0.546554	2
000102010001	5.158591	0
120212202102	0.759162	3
202212001100	1.376207	2
210002200003	4.672365	0
212010201011	0.252299	3
020102210101	1.147027	0
210122121101	1.046366	2
110012000043	0.469922	3
011001000200	0.689960	0
020200210201	0.524435	0
000201220100	1.697432	0
000033211353	0.359832	3
000100320202	0.833488	0
000121012201	0.753395	3
330220353021	0.750964	2
100210010140	0.533031	3
201212001102	1.075274	2
100210202000	0.307212	3
021000002001	0.524320	3
214240114244	0.663187	1
201022302111	60.579145	0
100001001011	0.744005	3
202221300022	0.714800	2
220100122000	0.064563	0
022200211112	0.762319	1
020121310201	0.587236	0
022200300212	1.509376	2
010100221002	0.722363	3
022020112210	0.476587	1
100122022201	0.701384	3
211111	0.450309	1
000021100102	0.850410	0
101002102110	0.749319	2
020000102000	0.297044	0
200220300011	0.731810	0
211101221222	0.832003	3
200112000100	6.896300	0
102022002211	0.686430	2
100021001221	0.807410	0
010120220000	0.506035	2
010002010101	0.860695	0
000002110000	0.977903	0
012000220013	0.630759	0
000121210201	0.826978	3
110010200022	0.586795	3
200211201112	2.168261	1
002012010001	4.794541	0
001010042002	0.701338	0
022120001010	1.137901	2
112202121120	0.764243	1
202211001022	1.220568	2
112212211220	0.904892	0
002000202221	1.396972	0
012012201212	1.168680	0
022200100003	0.818193	2
002010042000	1.462392	0
000201022101	0.851349	0
000012202112	1.324344	0
121020002020	12.353533	0
022021211010	1.090464	1
211200011000	1.637449	0
001220	8.588910	0
000102110101	0.671581	0
332002333110	11.350568	2
100012040010	0.682542	0
200100010100	0.089172	3
210012001001	1.838925	0
200000020100	0.606782	0
001001101201	0.881384	0
330001333041	0.623358	3
021100020040	1.767234	0
000011041012	0.433118	3
012001220001	0.821965	3
000121302212	0.637306	3
012222120011	0.776551	1
100201010000	1.629104	0
000200100000	8.849711	0
020202020122	0.425189	2
102010042012	40.973001	0
210010340001	2.108407	3
200202300101	0.593029	2
210210021100	3.316195	0
002220110210	1.137219	1
000202300022	0.567344	0
200011220012	0.800392	2
001000022011	0.804791	0
012021010222	0.775075	3
000222112111	0.847967	2
200110020012	0.793629	3
330112333212	0.700032	3
020000200022	0.810807	0
110100220021	0.784460	2
200000212000	0.264753	0
202211000120	0.839351	2
100100121201	1.075670	0
020100100022	0.667839	0
021201011240	0.654801	3
000102320000	0.513339	0
102020101010	0.478973	3
000102020100	0.548107	0
022120000112	0.865011	2
121002122100	1.174837	1
120200212102	0.575538	0
210021101010	2.960583	0
100211020112	0.770292	3
012002001222	1.449765	1
000000120102	16.364231	0
021120000110	7.303884	0
332210	266.802399	0
021102	14.409669	0
112002220101	0.856321	2
210200210003	4.732950	0
102010201000	5.024510	0
001002300012	0.622227	3
212002211011	1.392585	2
212211001212	4.415011	0
120011002112	0.798089	3
110000010043	0.751951	3
020002120000	1.119415	0
041421441420	92.008469	0
000201001201	0.750254	0
012202110101	0.699199	2
201220012011	2.368231	0
211020102000	11.003036	0
120000202000	0.280396	0
110122211101	0.563545	1
000002042002	0.831235	0
111220012000	1.247230	2
201122101111	0.799912	0
120102220110	1.116438	0
200201000011	9.273487	0
100200200100	0.563488	0
011010222022	0.765860	3
102202201121	0.772968	1
221201112002	0.727364	3
212212211100	3.705289	0
200002010003	1.775830	0
112210200000	22.369034	0
101120200100	0.821196	3
011000100040	0.746587	0
110210200140	0.765555	3
000000020212	0.858578	0
012010222020	0.864818	0
020112110222	1.583864	0
000011100222	0.716406	0
210200101020	18.617522	0
112220211010	2.291687	2
211100	3.135866	0
120002000003	1.113324	0
330220333002	0.412909	1
222012101011	0.689612	2
352400353411	2.388984	0
010002020001	0.449326	0
000220100011	1.012462	0
211202212110	1.038191	0
001200010020	1.654637	0
000012300121	0.629317	0
000000002010	0.679080	0
000012000021	0.193847	0
100121120200	0.557035	3
100000241010	0.298596	0
121010102000	0.718390	2
210001002022	0.751492	0
210000200001	0.458516	0
002001000100	0.447795	3
202212300020	1.056767	2
021100010002	1.868444	0
002001300000	6.588164	0
000011221202	0.877845	3
201002211000	3.645652	0
330122353221	0.304420	1
011020201020	0.440901	0
102010202022	1.375865	0
100100201000	0.094721	0
001220001013	0.855057	0
010200210002	0.789679	0
210102021120	1.112322	0
201002000200	2.233538	0
002220020112	0.808684	1
010000002220	0.838748	0
010001020221	0.681049	3
012002100102	1.198461	1
000102200240	0.537366	0
021021300102	51.940523	0
330002333022	0.209661	2
012021100112	0.695832	3
102102002201	2.989557	0
210001200202	0.863392	0
022001011200	1.318603	2
101220022220	0.788029	1
000010220020	0.786790	0
000122021201	0.533986	0
200210111000	1.273903	2
201222002110	11.687160	2
200002020110	3.683729	0
010033001333	0.182445	3
102122002021	0.511503	3
010012110100	0.856910	3
201210300221	0.699735	2
010001000040	0.062480	0
001000210200	2.772393	0
120200102003	10.395680	0
001222000122	0.779915	2
200102100101	1.185963	0
010020200200	0.754471	0
001021042000	97.018641	0
000200200100	2.020441	0
120120212210	1.759414	0
000012000011	0.343619	0
101000202121	0.786609	3
112202201112	0.780107	1
021022100101	0.704908	2
001101000200	0.435532	3
330121333001	0.790026	1
020010020200	2.648712	0
210211022102	2.360614	0
002101000202	0.329656	2
000010202102	0.800943	0
020212211101	0.732446	2
000200120040	1.636582	0
022000112010	13.362079	0
101122020221	0.796666	3
122033200333	58.810171	0
002012042010	2.172992	0
210112221002	2.172152	0
140420442420	2.749284	1
200212020222	0.870375	1
001002042010	0.301592	0
020100122200	0.705944	0
201201002100	3.575066	0
222011340020	0.762471	1
100112220102	0.885553	0
100011100222	0.784421	3
011022021011	0.867742	3
220012102000	0.727762	2
101020222000	3.265703	0
012002201011	0.825250	2
002121002211	0.573714	2
211011342020	0.761927	3
000000300002	0.076505	0
100010041102	0.867266	0
001001100201	0.830783	0
120122042103	1661.399616	0
002011011212	0.542888	3
110102	0.158196	2
100012100002	0.536053	0
021101010002	0.675478	3
020110110200	2.716419	0
011200212102	0.789173	0
000100320010	0.820409	0
100010000121	0.811502	0
022000200000	6.022907	0
200001011200	1.476231	0
332022333211	0.083113	1
110220210003	4.059276	2
000101000242	0.407026	0
022011000112	0.974072	2
100120101111	0.862949	3
021000200002	0.839993	0
141410442401	0.659017	1
000000111020	1.159735	0
004042324144	0.743646	2
002020011110	0.845932	0
201210210220	0.930836	1
010011020022	0.601101	3
112012201212	4.135972	0
000002302100	2.376888	0
000002002000	5.061314	0
201012021121	0.772673	0
100112000242	0.593440	0
220020121010	0.646054	2
101020042210	0.992183	0
002010042012	0.640894	0
220000120012	1.054517	0
120100220100	4.877600	0
021020000212	2.431800	0
202210001002	0.835777	2
020200211222	1.627305	0
000201010000	93.761208	0
012112211112	0.649380	0
200210000141	2.942097	2
000022001221	0.304593	0
200001320000	1.230632	0
000010041012	0.429363	0
024040114245	0.373316	1
020133121333	0.731424	2
101120040020	0.139769	3
000002020202	0.385089	0
022101	2.594672	2
000010000040	0.011765	0
212210211110	0.969882	0
100001002120	0.797740	3
000010300140	0.800666	0
000120010240	1.015409	3
201210300022	0.350439	2
212100141000	0.591113	2
100000122010	0.241123	0
010001210202	0.500493	0
010011221122	0.667706	3
020100010010	1.643533	0
210222121111	1.403786	2
100101121201	0.795889	3
000012320102	0.598077	0
202210300020	0.523357	2
102111002222	0.978925	3
202022001011	0.755368	1
000100200221	0.688381	0
210211020002	8.418065	0
100002241000	0.721453	0
021200111111	0.768689	2
102211000002	59.705886	0
102000201101	4.796186	0
000200210001	5.548586	0
041420441420	2.177656	1
022021102012	1.262411	1
100100212100	0.435302	0
210102122200	7.009477	0
201220010010	4.280620	0
000010340010	0.419433	0
210012100200	1.790504	0
210010210002	0.975462	3
002010000211	1.379990	0
102010100020	44.513799	0
200210001202	1.788949	2
021120020022	16.479096	0
000000100103	0.293791	0
221100100043	0.674370	3
002011100112	0.696292	3
000012202000	1.096119	0
100012101001	0.752397	0
220020101003	0.737057	2
121001112200	0.631230	3
210011222112	0.613380	3
011000102020	0.828260	0
000012000220	1.018094	0
120210200002	0.423996	3
020202000101	0.653825	2
211112122220	3.528436	0
110220212111	0.852059	2
120212210140	0.707734	3
000000220011	0.658348	0
001200040000	0.884849	0
012001002012	1.119445	3
004041124244	8.107335	0
220100110240	0.600950	0
211211002022	11.486437	0
120210211210	0.659553	3
022020112011	1.114759	1
022200310221	0.783825	2
020102010241	2.357957	0
011001020002	0.683951	0
102000042020	12.397218	0
200110010120	0.812613	3
201010000220	0.579312	0
101120002001	0.470692	3
120033120333	0.310401	3
200000041011	0.281716	0
000011002112	0.076511	3
214040214044	0.347079	2
330101333000	0.799729	1
000011000000	0.206714	0
010000002021	0.869569	0
002002021120	4.404991	0
202112000211	2.789331	0
100211212212	0.828398	3
220100100003	0.226579	3
001022000101	0.333510	0
202102111200	25.518612	2
100102100240	0.310290	0
021000101000	0.342716	0
201100002222	0.812805	0
120210201100	0.295382	3
211012100022	3.422922	0
100200002003	2.945628	0
000020240011	0.591838	0
001220020000	2.972656	0
100100100240	0.433381	0
002002301212	1.840078	0
000010102002	1.922307	0
001010300022	0.336351	3
112200201200	2.685320	0
000000001222	0.405013	0
200121010222	0.630506	1
022111022212	1.966252	1
002021001011	0.627756	0
012010222000	0.600852	0
002200010202	4.433147	0
220102112103	0.712649	0
212102120101	1.186414	2
000010010003	0.829698	0
000000102040	2.388184	0
010000000110	0.815822	0
330200333011	0.670160	3
102000202010	35.434109	0
200202010100	0.570277	2
020220210011	0.825982	2
330200353100	0.734925	3
222000122010	0.725603	2
100020122011	0.842781	3
210011000102	0.653935	3
220012000041	2.512235	2
201010040020	0.137151	0
020200012001	0.775357	0
000022310011	0.848482	0
020010100040	0.864295	0
010022021003	0.849648	2
200200300201	4.599660	0
001000142010	2.550958	0
211102121001	0.790889	0
100000012001	0.762847	0
202010040022	0.791407	0
020201211200	0.750963	0
001010221020	0.717816	3
100210000200	0.425303	3
101012042022	0.568101	2
022111320222	1.069840	2
211100221140	2.516600	3
000010210100	0.655006	0
221012121121	0.820181	1
020200210221	5.345784	0
004240314044	39.718015	1
020002102000	2.193699	0
100000000141	0.823183	0
120100120000	1.689343	0
101220212010	1.390959	2
002002010011	1.585386	0
000020020110	1.296722	0
000001310001	0.752745	0
110010001102	0.816750	3
021200212210	0.458144	2
020100010221	1.386548	0
000210000012	0.211873	3
220221010200	0.711220	2
201211201120	0.850646	1
110001242012	0.687983	3
022122110211	1.135786	2
002002120120	7.340078	0
002120302010	0.460256	2
022210000111	0.808157	2
021012211222	0.649870	1
100010002211	0.858644	3
200001022000	0.763692	0
010012120020	0.672110	3
200002001120	0.865848	0
010002220240	0.741285	0
010010200002	0.744781	0
002012000201	26.924080	0
120000102100	1.091017	0
101220102011	0.511617	2
002121000211	0.495377	2
240411442410	0.649216	1
002000202010	0.303830	0
000100000022	0.408943	0
102000101011	12.728653	0
202011042011	0.726562	2
020102120100	5.123788	0
000100300122	0.327406	0
001020000111	0.675452	0
020200000000	0.578161	0
011220222023	1.703764	0
001020300011	0.721427	0
000202120122	0.538506	0
022110001011	1.194496	0
110212211122	0.238305	3
000020121000	3.438859	0
020200211200	0.296532	0
020100010220	1.228136	0
200020101020	2.931753	0
022221112211	2.377419	1
332022333111	0.204858	1
121120110010	1.251465	0
222000101101	0.760984	2
330021333040	0.692624	3
100000022003	0.198363	0
012011202112	0.792300	3
220000120100	0.426225	0
210102221203	58.889556	0
004040124045	9.666381	0
122202211200	1.069531	2
122202210203	0.833390	2
200133002333	0.414338	1
002200300000	9.805988	0
102010100002	32.729741	0
000002220001	0.995787	0
000000141000	0.501538	0
200233202333	0.643023	1
104240214045	1.164241	2
010001001012	1.002452	0
014040204044	0.027164	2
021020200011	0.698102	0
001000021100	0.755626	0
200200010110	3.901734	0
330202333001	0.693894	2
100200200010	0.645498	3
200212012121	0.854227	2
210001211002	0.749582	0
201000302020	60.305001	0
010002000100	0.105240	0
021022110000	0.830202	2
000102021200	20.990514	0
010011010102	0.804844	3
112001201000	0.121408	3
012020202210	0.822731	2
010200020001	10.328046	0
201002111100	2.182121	0
330221353102	37.613509	0
011020220010	0.754113	0
111000002112	0.847489	2
111021222012	0.502293	3
110211200202	2.137538	3
210001201201	1.292332	0
021001100102	0.402276	3
120010200010	0.758222	0
002100110000	0.770447	0
021221012000	2.986357	0
220000112020	0.449466	0
102100120003	0.688125	0
020101100000	0.772398	0
022001100100	0.957065	2
121101222040	0.324507	3
002000010001	1.324407	0
120121001011	5.891872	0
210001210100	0.714639	0
200200011012	0.751355	0
020000102010	0.856250	0
101001102021	0.547241	3
002000201201	0.802007	0
112202210111	0.738013	2
010022020021	0.764410	2
002010101010	1.841480	0
022020211010	2.263272	1
001000300221	0.253519	0
000112010222	0.425345	0
000212000002	0.194215	0
001101222201	0.844939	3
210202110100	0.466781	0
211210002022	2.933621	0
200001300001	1.082920	0
112002002003	0.665524	2
220020112210	0.719366	1
001020202022	3.418413	0
200100000241	0.347974	3
120120221011	4.700051	0
210000140020	1.368482	0
101201202102	0.831638	3
200022300011	0.645372	2
200010120040	0.682339	0
020000041011	0.813256	0
201101002222	0.778343	3
100120000101	0.582957	3
021122000011	2.891065	0
122002100000	21.921225	0
004041314244	0.692946	3
112002201220	0.761179	1
001212300002	0.629925	2
021001012002	0.760916	3
100010100140	0.761055	0
101020202000	0.325318	0
202200100000	0.755823	2
202200101003	0.628524	2
330122333201	0.186157	1
000000300022	0.055321	0
001121020221	0.939693	0
201200122010	1.768307	0
202011041012	0.457206	2
002000320000	47.773417	0
200000041003	0.049958	0
110212210112	0.681016	3
210111221202	0.814569	1
212010101000	0.294821	0
010000200010	0.315776	0
100200110003	1.160435	0
010120020201	0.696857	2
201201001200	4.212626	0
220100	0.747849	0
000100000110	0.544612	0
204241	7.693528	2
010001000022	0.261518	0
100010222112	0.803996	0
211002142010	11.563752	0
002020340000	2.083475	0
211010140021	1.388937	3
022000220000	5.328849	0
221120001020	70.671390	0
021101012200	0.403869	3
021100220001	0.767410	3
112011041020	0.624796	3
022011020112	0.530613	2
020100200043	0.687340	0
100200002011	0.576718	3
110211220140	0.713801	3
100122022101	0.811851	3
000001000212	0.276357	0
200002000110	31.757364	0
020111210200	0.849785	2
002010001010	2.100521	0
200102100121	1.294990	0
202200101102	1.395086	2
001222020122	0.739923	2
010200310000	0.594079	0
022120000001	1.065122	2
012110000020	0.536569	3
330012333042	0.368744	3
020000212003	0.379717	0
002002110020	1.451930	0
021000040020	0.706579	0
010121121000	0.785276	2
201200101100	8.049759	0
000021042010	103.436483	0
102111040012	0.296036	3
022110020210	0.677905	0
024140214244	2.869713	1
000202120102	0.127736	0
000001022010	2.354758	0
021210210221	0.327305	1
001101020200	0.456900	3
001000210100	0.703145	0
010101122221	0.533115	2
221200110200	0.556154	2
042410542401	0.847446	1
021100021101	0.826212	3
000211000120	0.697069	0
221101122000	0.500565	3
200212000222	0.968844	2
140420442400	0.896085	1
102102021200	0.834953	0
022011021010	0.809758	2
002000212000	0.753947	0
212001221100	0.753622	3
020002	5.878995	0
211001201002	1.066237	0
102020042001	0.698013	0
202012000021	4.205317	0
222100111010	0.665638	2
200020000010	0.521651	0
011210112000	0.779928	3
200102300240	0.769171	0
110010201122	0.547479	3
220000120203	0.534959	0
221100112211	0.819372	3
220000121200	1.069051	0
000012320122	0.679860	0
112202211121	1.030055	1
210222101111	3.016354	2
350400543412	0.100542	3
100002120040	0.705675	0
330222	0.513269	1
001002202000	0.513766	0
210012102002	4.119619	0
121100212202	0.635159	0
004240104044	0.339352	1
002000102120	0.675469	0
012102020022	1.155053	1
002020012210	0.671473	0
002000020240	0.748717	0
120001222000	0.547240	0
012102022203	3.521091	2
120020201000	31.026547	0
210121120210	0.873180	2
020020100201	0.792376	0
222110021000	0.767852	3
012001110000	0.714559	3
200001001002	1.626154	0
002012220002	3.085099	0
200100022000	0.554016	0
020112000112	24.497629	0
211000212120	0.788634	0
210000141010	1.111128	0
010011120102	0.797989	3
142433441433	1552.110698	0
000111020200	0.636707	2
100001300202	0.532894	3
200000001012	1.103862	0
021201110041	0.797045	3
141410442421	0.092475	1
101020040012	0.682692	0
201210021020	1.010073	1
020120000200	26.600247	0
102000002212	1.097201	0
104140224045	0.276146	3
020201010040	0.043060	0
201012301021	0.824238	0
102120112010	0.810940	3
012202220120	1.413684	1
210102121100	1.291681	0
202220111010	0.797338	2
000101012200	0.433321	3
022010210000	3.987556	0
010110120200	0.555335	3
200200011120	2.288071	0
012021041011	0.537730	3
121110022022	0.711484	3
104240024045	1.011436	2
022221010101	0.734012	2
201200011203	1.154368	0
011200120000	0.637373	0
000100041010	0.494961	0
210122122010	1.027677	1
120100200100	32.354028	0
012002041001	3.852820	2
012202220100	0.698073	2
000201010020	42.873839	0
201210212022	0.829469	1
222110121102	0.801035	3
010200021040	1.252602	0
012101221200	0.467260	1
100002000003	0.731112	0
000210100002	0.663795	0
102210002120	14.165766	0
140411440420	0.764385	3
000020200002	7.605581	0
211000142000	0.898167	0
211012000121	5.291662	0
020012210112	0.825607	0
100100101201	0.606565	0
110012212201	0.710155	3
020100120022	1.761282	0
201000001000	0.459304	0
201001002012	0.745498	0
221000001003	0.657111	3
000201300222	5.627217	0
112102221020	0.375311	1
002002302212	1.156720	0
021120011020	13.548499	0
210210022200	7.987444	0
000021202002	3.934052	0
042433441433	0.642860	1
001020342010	1.180425	0
210001141010	0.708310	0
112002200101	0.470905	2
002020000211	0.498969	0
100000300202	0.376675	0
200000001002	0.831689	0
002200110000	1.101925	0
002211000022	11.919391	0
010122020211	0.405959	2
102100002110	0.779703	0
120101010202	2.592028	0
210000210010	1.266358	0
021001020201	0.728238	3
002000201121	0.776388	0
002002320010	1.648570	0
020210212211	0.778869	2
110210210102	0.655765	3
201020002110	101.809254	0
210210000002	2.282442	0
211202122100	4.164168	0
000021000222	0.234765	0
002002020110	9.364752	0
012122122211	0.730230	1
101001000000	0.362034	3
210112120102	1.215126	0
010122120243	0.498573	2
100120040012	0.443600	3
022120021010	0.718241	2
021001001240	0.780093	3
002011300212	0.566191	0
101001002112	0.732173	3
000122320121	0.536912	3
122020020010	7.973360	0
002020001003	0.720678	0
332120	0.667128	1
024040004045	0.207540	1
200200010212	0.839370	0
000122020021	0.537272	0
002120012112	0.377402	2
120120010200	6.291720	0
201020141011	0.913565	0
102000101200	1.213879	0
100101022202	0.734677	3
202010011010	1.143673	0
000001002100	1.031095	0
100000210000	0.128265	0
200000300000	0.015402	0
000002001000	0.798033	0
100210100002	0.688365	3
021100000040	0.993134	0
000200120000	2.046315	0
020202000122	0.624994	2
100100041010	0.486710	0
200210221200	1.577495	1
110002210002	0.588336	2
221121111201	26.758675	0
014041104045	0.731402	3
220101	0.161280	2
210000220001	0.362447	0
010120120102	0.649048	2
202211301012	0.812779	2
012000100040	0.802203	0
100100201020	0.211946	3
120101000202	7.364563	0
002010220012	1.354815	0
014140224244	0.130168	1
202012001002	2.035943	0
100000300022	0.295239	0
010211020140	1.534654	0
201000042022	0.832815	0
121021002100	111.298249	0
000210001022	0.579408	3
102221000011	2.084075	0
020000010010	0.635397	0
001121100022	0.655597	3
004041104244	0.789122	0
120120122010	1.736901	0
120210112000	0.264684	3
104142014244	0.760280	3
204053204345	0.415177	2
000010220000	0.079840	0
221012100120	1.066495	2
020000010240	0.306617	0
111220012020	1.505873	2
200201000020	12.806350	0
120020000012	2.768122	0
200012200002	4.603793	0
011010202022	0.753903	3
002001021002	1.431183	0
000110040021	0.719386	0
200121011212	0.677527	2
212021121011	0.768625	3
100100000120	0.590575	0
010210020202	0.370900	0
020110210200	3.581186	0
212002121001	1.874501	2
001021041000	462.729613	0
041410540421	0.032797	1
000020211110	0.843065	0
110000201222	0.861579	3
010102220001	0.759309	0
040420442400	0.584119	1
222012121011	0.699981	1
000210000120	0.449911	0
102122002011	0.049169	3
101002002200	0.822586	2
002021041002	0.664708	0
110020002000	0.516970	2
000010021100	0.794462	0
001100002020	0.440072	0
000000010220	1.397804	0
001101000240	0.603074	3
210000210001	1.846593	0
200000041110	0.774500	0
010102022101	0.675266	0
120033021333	0.758763	3
200211100102	0.452137	2
121201102200	0.780550	3
041400540411	0.301650	2
000001210003	1.046815	0
001201200240	0.654866	0
220000121023	0.148265	0
002010001212	0.928040	0
022200010220	0.817784	2
000000220110	1.517558	0
020000020010	0.671104	0
220211111202	0.759622	1
000220101010	1.201440	0
202020111000	0.696624	2
121002210203	1.104907	1
001022300100	0.401905	3
001000300000	0.011561	0
022001210000	0.771944	1
002002021021	0.801903	0
021101000220	0.713603	3
000001041112	0.741664	0
100012000001	0.327554	0
200000001040	2.706777	0
102002201200	0.872508	0
010021020001	0.641807	0
000002210040	0.541552	0
010212100122	0.832568	3
141420442422	1.576510	1
100000300240	1.303822	0
200000210240	0.664790	0
010010041021	0.715697	3
020002012200	1.058073	0
022102020102	34.358186	0
200121021212	0.771448	2
121200212201	0.237113	2
110210210140	0.574037	3
000000221012	0.808052	0
012010040001	0.899479	3
102010001020	28.708388	0
100100002002	1.041666	0
000221000211	11.573725	0
101002042000	0.336969	2
021001300200	0.326511	3
041410540411	0.471145	1
000110320200	0.668359	0
020000040002	1.112738	0
011010001020	0.305278	3
141400442423	0.854341	2
120000200240	121.284155	0
000012010021	0.538473	0
022100340021	0.633624	0
022001300202	2.038104	2
102101102220	0.803023	3
011212021121	0.796761	3
012010001022	0.790152	0
020210212222	0.808532	2
120012220002	1.536102	0
021022020221	6.042729	1
212102121102	1.564021	1
120100010000	26.485477	0
200000202000	0.108691	0
000001100122	0.804848	0
021121	29.829883	0
010102121040	0.769065	3
121001000210	0.849098	3
200011002112	0.412596	2
102000212003	1.175984	0
202120041011	0.839940	1
120212110112	0.788169	3
000000000221	6.493942	0
110001210212	0.841925	3
000121020002	0.767953	0
100122042221	0.713456	3
202000221200	0.952525	0
002002010110	3.887459	0
201220002011	1.798353	0
012011201022	0.820510	3
000101210221	0.640789	3
002000201111	1.001953	0
102000100002	54.616182	0
210000210020	0.806035	0
210122020121	0.665104	1
002211000012	8.191760	0
002011300222	1.652540	0
101001002122	0.603670	3
021220010110	1.873806	2
201212000021	0.606659	2
022110000002	4.687457	0
010033222333	0.078676	3
010202120140	0.549549	3
002021001110	0.761203	3
041410442411	0.546025	1
000001101020	0.652627	0
220033140333	0.391802	1
100212222102	0.753240	3
041402440420	0.286067	1
010012020222	0.661677	0
100002100022	0.808968	0
020001000042	0.523547	0
021100212003	0.814708	3
022021010210	1.558759	2
022021002011	0.742687	1
000001000022	0.145106	0
020000201200	1.278004	0
201000000202	2.704647	0
021021010212	1.814065	0
330200333110	0.642373	3
021200012003	0.667439	2
020102320202	442.702727	0
220101020000	0.661065	2
001001020140	0.620911	3
102010042002	45.251957	0
021120222010	0.853430	0
010102000000	0.702334	0
112200211102	0.821971	0
010000000011	0.353911	0
010012002020	0.762359	0
201002122000	5.416585	0
120100002000	8.959802	0
020200212112	0.698103	0
000100040002	1.696978	0
020002320100	4.612924	0
000000221001	2.586397	0
020200211003	0.366629	0
222100111020	0.657932	2
020002020000	3.818838	0
112000201020	0.542680	0
121121	50.507048	0
201210010122	1.032789	2
011201002012	0.708019	3
022121010112	0.785780	2
020100011003	0.856929	0
000120002200	0.733259	0
012202021010	1.046707	2
330112353202	0.446600	3
001020000010	0.780438	0
002020101000	0.837677	0
221201012000	0.708066	3
012110	0.138687	3
121200212100	0.292906	2
100021000212	0.823661	0
112011201022	0.384014	3
200000001022	1.135053	0
010011110102	0.737987	3
121100012100	0.828135	3
100100202100	0.674528	0
112012201202	1.011331	0
210021140001	0.899826	0
200002001021	0.834706	0
200101110241	0.685456	2
012102020110	1.346814	2
020022300021	0.764814	2
022010102020	2.275584	0
022122011211	3.363989	2
022202010121	0.753477	1
202210011022	2.199998	2
021222012111	0.774178	1
011000042022	0.615490	0
010212220002	0.802711	0
010200011040	1.322748	0
212012221011	0.847363	0
102000010010	3.038111	0
000201110000	36.284111	0
202210001012	0.585514	2
000101100220	0.630802	3
021020200210	0.755468	0
000022200021	0.742378	0
010200200240	1.026096	0
041420540422	3.257213	1
000021100201	0.806024	0
022101011201	0.914837	2
001120100011	0.827176	3
020220010102	1.036705	1
200000000013	0.276353	0
012012040011	2.117592	0
011020211020	0.691369	0
011020000220	0.682860	0
000021302002	5.179566	0
212002121200	1.176342	2
100001000022	0.739461	0
100122120201	0.720132	3
001010220022	0.845004	0
100021002012	1.315190	0
101020040021	0.631589	0
101220002112	0.852466	1
000000302100	0.588634	0
101220000000	0.707763	2
000100201010	0.515449	0
212220211211	5.009072	1
202211010012	1.087998	2
000010320102	7.790381	0
101001102120	0.813344	3
000010020002	0.149970	0
202212011000	1.126361	2
101120202112	0.766468	3
012201000212	4.730436	0
010220300121	1.497861	0
021101000002	0.526550	3
200000042000	0.019410	0
020021300100	26.691636	0
210001210001	0.945957	0
120121100011	1.227616	0
000200001010	0.223270	0
011200210000	0.581865	0
200002202010	0.959791	0
110121	0.230254	1
200120002112	1.075608	1
100011110222	0.782538	3
000220002100	14.531437	0
010200212000	1.177752	0
021002210203	0.832099	1
201200112200	2.040394	0
000020301010	0.831354	0
112220111011	0.729982	2
021101022200	0.341510	3
001000010202	0.760966	0
350400543421	9.597524	3
201000002021	30.571904	0
202211211112	4.562838	1
010002000001	0.224049	0
000001110141	0.721451	0
012122340111	0.537568	1
002000011002	0.645976	0
021000040010	0.719265	3
330202333100	0.069185	2
001002102020	0.610748	3
002002110010	2.205990	0
020000222003	0.165523	0
221100022043	0.759066	3
000000301220	0.797525	0
100220100001	0.711116	2
120200211211	0.340572	3
211222	16.156356	0
020010221000	0.655853	0
122211010102	203.845298	0
121033222333	0.756345	1
012021000111	0.369050	3
200200102003	2.053435	0
020010002011	0.483482	0
121220112220	0.887152	1
020100220003	0.176957	0
000222020100	0.738430	2
101000222020	0.743348	0
142400440410	109.072500	0
212002121220	0.740478	1
000220012112	5.374246	0
210100202000	0.731268	0
012012000002	3.344264	0
121120102000	2.415901	0
200102001121	22.998455	0
004141214044	0.173044	2
001200000043	41.936842	0
010200010001	4.994309	0
011012000000	0.768860	3
200002000011	1.977056	0
002100120000	3.555555	0
200021110010	1.988524	0
110100221102	0.768397	2
022010020202	3.313527	0
200000001023	0.243833	0
000110110102	0.761580	0
010001221120	1.231251	0
210010212112	0.839429	3
000201020110	0.788252	0
200002112003	1.131828	0
350412	0.586018	3
001020001020	4.788608	0
100011002122	0.790694	3
021010002023	0.825208	2
330122353211	0.742485	1
001202300002	0.722966	2
010220211201	2.799908	0
001202000102	0.176637	2
112000200010	1.637210	0
200120201011	0.766000	2
210211120202	1.535435	0
000200010240	0.403363	0
001000300211	0.738692	0
002202000100	0.275881	2
201210010222	0.998966	2
221120120000	4.261295	0
002002010212	3.589271	0
102221202010	1.824277	0
001121000220	0.556782	0
221120100020	14.248755	0
012212220102	1.136895	0
120012100102	0.700075	0
121201010200	0.567928	3
200211012102	0.642260	2
002121000222	0.736384	2
000100000011	0.763475	0
000102101200	5.036677	0
011220020002	115.230784	0
200200011021	2.247773	0
120000100102	1.470232	0
201012001020	0.981927	0
101001202001	0.525332	3
000002022101	1.112822	0
101001102012	0.412796	3
120000102010	1.035983	0
330020333012	0.081381	2
011220022110	1.042032	0
040401442410	0.185066	3
120001010001	2.488078	3
121000101003	0.857141	3
200202102001	0.904329	2
001221	24.384468	0
102220212013	1.152693	2
122020222011	2.094851	0
210202220100	3.897994	0
200010040100	0.610447	3
100112020201	0.762515	0
112102222100	1.689276	2
110022211221	0.114230	1
100000101002	2.252570	0
200010042012	0.527739	0
001110000122	0.644517	3
020102110100	0.729433	0
021002020200	0.855221	1
120200210221	1.234375	0
004240204144	1.836940	1
002102002111	3.977717	0
330211333101	0.545526	3
000010300000	0.009670	0
001000010041	0.788155	0
000001202220	0.797219	0
010021010040	0.718511	0
112102201200	1.541055	2
012220201000	0.821078	2
120011100112	0.497819	3
100120041001	0.401469	3
020000000111	1.876209	0
212202001120	0.868401	1
112202211020	0.825255	1
210102221000	4.202748	0
220011101212	0.742749	1
210122340121	0.783953	1
002002102110	0.775210	0
221110121040	0.785963	3
120000111200	7.503646	0
010001202010	0.986108	0
100120020020	0.836129	3
020002010101	1.368431	0
001001020040	0.456151	0
000001001001	0.457965	0
200000102100	0.614674	0
112102221201	1.298824	2
042401540422	4.104674	2
012012002001	2.570723	0
002210200002	7.621342	0
200012011022	0.837288	0
100211000140	0.588540	3
102122221111	0.816772	3
102000000200	13.265723	0
000000220022	0.760569	0
112120202012	0.763794	1
000021100010	10.963356	0
100120142000	0.767792	3
122020121010	2.022775	0
022102010002	2.777513	0
201210121222	1.258136	1
101000102012	0.342123	3
001001202001	0.595801	0
040412440421	0.672091	2
200000041022	0.768408	0
200220300001	0.736597	0
211102220220	6.410397	0
120033210333	0.036045	3
202210121220	1.549708	1
010102000240	0.552115	0
334041	0.975644	3
012010000012	0.787973	0
202002001020	1.149885	1
000000340101	0.528931	0
102000202020	6.647778	0
002100010100	1.859837	0
000000202220	1.122334	0
010001000003	0.710255	0
000200120101	12.797016	0
012001200100	0.849607	3
100100122000	0.264794	0
000002100000	1.585787	0
000001101012	0.961445	0
200000300101	0.950245	0
002200001012	1.016096	0
000112020201	1.179095	0
022200011210	2.230913	2
010200222000	25.697646	0
220000120013	0.544361	0
200020202011	1.135524	0
002222	0.238093	1
120122000201	8.600263	0
202001001200	0.701339	2
110010201200	0.797390	3
201000100000	0.958048	0
010110021100	0.817554	3
001010000220	0.339141	0
120221212102	2.024028	0
020101020220	0.638929	0
010100020112	0.750606	3
001002000001	0.075513	0
200200111023	20.358710	0
221110102101	0.832191	3
001021000011	4.875326	0
020200210211	0.383722	0
012102120220	1.475598	1
001201110200	1.639939	0
210000211040	2.919957	0
002200000110	2.525544	0
100210200102	0.599620	3
221110121200	0.713105	3
022000020001	4.618731	0
120220011013	0.805379	2
200001101200	1.948876	0
210000000240	0.678942	0
200211000002	0.352181	2
120102212220	3.834716	0
010000040002	1.235689	0
122020121000	9.469629	0
041402441410	0.344616	1
210000222203	1.342211	0
000122200211	0.872171	0
002201000000	23.640428	0
000001100010	0.774796	0
112001201112	0.864616	3
221100022020	0.827086	0
000001300141	0.679047	0
202010040011	0.374019	3
002002300010	2.926201	0
120100220003	0.042245	0
104241014044	19.689205	0
001021000122	0.627786	0
211211200122	4.472593	0
012002002202	1.794391	1
000010120100	3.125712	0
212001222010	0.806643	3
211011141022	0.548518	3
112000002003	0.467460	0
012000120000	0.517988	0
022011121212	0.827576	2
201010001022	0.138259	0
201001201122	0.835393	0
010020020002	1.066923	0
001002010020	0.660033	0
110212020141	0.394407	3
000110010201	0.709269	0
000000112100	0.405417	0
200210221100	1.284744	1
001121222220	0.842417	0
200110020120	0.847362	3
332122	0.666345	1
211022200001	2.827002	0
201212	3.811039	2
012021022112	0.357240	3
120200220100	0.531708	0
001022042021	0.771273	0
110001222200	0.796608	3
000000210011	2.653222	0
010000002011	0.750244	0
100200100020	1.106186	0
201200000200	9.002243	0
210000220100	1.265514	0
014040014045	0.358849	2
120100020100	63.105619	0
112010211001	1.040145	3
110000221200	0.736682	3
022211112212	4.267820	1
121010002023	0.732768	2
210002102010	27.430634	0
100100102200	0.596655	0
000012021022	0.829408	0
212220211000	1.098474	2
201133041333	0.817614	1
000020111010	1.017322	0
201201001021	1.173296	0
121021002001	2.750094	0
111200210202	0.755572	2
012011040022	0.351114	3
000000300212	0.228909	0
002021010211	0.726531	3
010201010000	16.230505	0
004040204244	0.200074	0
000001100011	1.132294	0
000011200200	0.728290	0
200121002202	1.149662	1
100012010002	1.360933	0
111220012023	3.458382	2
012021102212	0.445516	3
210122021101	0.667552	2
010010110040	0.796219	3
000020010222	0.451025	0
000020342010	15.435140	0
001120002022	0.776657	0
100020200012	0.828071	0
000010020100	2.718275	0
001100320200	0.780124	3
210021201012	1.753809	0
021210112220	0.782634	1
112022211011	0.521231	1
004240	4.666766	2
000210300120	10.716776	0
024040304244	0.620274	1
000110201000	0.695361	0
010002112000	0.715421	3
000200310222	0.688472	0
100120000122	0.758369	3
000110010200	0.570820	0
200200102010	3.796040	0
202012000002	12.930320	0
201020042020	7.349198	0
020110211202	0.935894	0
110202010100	0.478070	2
002000241011	0.812837	0
012002120003	0.565081	2
010002340002	0.783315	3
000000010012	2.932507	0
210020201122	2.429060	0
210102210220	4.485968	0
010120120002	0.801331	2
010122320121	0.678881	2
110000221201	0.813074	3
110000201010	0.324202	3
014040114045	0.416481	2
000101000010	0.689080	3
000010220003	0.348076	0
102121201011	0.817675	3
000122020221	0.319210	0
200002300202	0.619799	0
221201111202	0.571621	3
000110200102	0.707308	0
120000	7.456034	0
000210001122	0.539844	3
001220010001	3.031538	0
000020011010	1.988162	0
222201111200	0.403739	1
022010020012	1.925818	0
121021002000	37.836300	0
121020002003	0.827959	0
120000201200	2.257178	0
200210022020	0.808800	1
021021002110	11.368378	0
102000102011	24.845242	0
202101211221	0.811557	1
024040004145	0.718958	1
221000120023	1.003065	3
000021000010	47.399895	0
000122020121	0.445084	0
022201110010	1.289245	2
112211212112	10.110869	0
040400442411	0.025203	0
002012300200	4.472558	0
101002002100	0.633862	2
120220211200	4.779902	1
001020020121	1.506188	0
001012042001	0.626691	0
210112120002	3.301796	0
221222111121	0.773456	1
100100040010	0.421823	0
201020202010	1.337129	0
012002002022	1.743488	1
000033111333	0.438501	3
200202020101	0.759187	1
201211212122	1.222107	1
102021022012	1.407647	0
021102210040	40.046794	0
202112021221	1.166852	0
011002002020	0.514117	3
100000210100	0.199978	0
200000300100	0.258331	0
004040204045	0.079360	0
021100000140	0.957828	3
212210211020	4.089078	0
000002000000	0.039247	0
104140104144	0.258782	3
010012200020	0.963811	0
022200011211	1.406208	2
201211320122	0.850706	1
200200212200	1.341868	0
100220042000	1.314722	2
100011222112	0.637463	3
110011201022	0.753996	3
001010000221	0.415117	3
000002120043	7.876878	0
101001202012	0.385243	3
220120112120	0.800139	1
001002100001	0.645290	3
001020000003	0.646469	0
001010211021	0.822453	3
200200011023	13.668938	0
020001000240	0.077220	0
020020200000	5.142870	0
012012201000	5.581397	0
002002020010	4.776307	0
020202001120	0.820724	2
102100002010	0.488087	0
201012301221	0.761905	0
012000110100	0.815998	3
000220100021	4.852933	0
122000022003	46.489924	0
200010042001	0.600169	3
201000201003	0.105349	0
000221300222	24.628153	0
000001202000	0.379802	0
042433440433	2.051249	1
020200112100	0.558392	0
022021102211	3.463497	1
001001001000	0.072808	0
140410441422	0.504407	3
000021201000	5.710879	0
012211211212	0.884841	0
020033201353	0.458764	2
002002222003	7.272210	0
120001201200	0.962833	3
002000100200	5.209702	0
012102021120	1.043513	1
000010020140	0.909689	0
112102222101	0.596249	2
021000002002	1.464911	0
200000202003	0.045185	0
100002000000	0.170439	0
011122000001	0.786692	3
000201120100	34.214866	0
001000102023	0.807357	0
200012300001	17.516612	0
101210002022	0.674549	1
201020101011	0.946182	0
212010201012	0.354234	0
011200120003	0.439675	0
000121012202	0.806089	3
012102021020	1.014777	1
002102002110	4.461348	0
110211211100	0.858158	3
012002040001	0.968314	2
000211022212	0.467846	3
012122341101	0.750690	1
011221020202	153.462242	0
100001000220	0.805382	0
010100221001	0.730834	3
010220001010	2.519938	0
001001200100	0.786371	0
012202020020	1.400785	1
200100300202	0.790748	0
000002310202	0.399707	0
000022302121	0.782061	0
000022002021	0.491018	0
200020001010	0.561366	0
000201010212	1.471671	0
201210020022	0.559798	1
202012300021	10.639682	0
001001120040	1.492389	0
100001202000	0.302778	0
000112020212	1.566173	0
200000000012	2.261872	0
012122001101	0.758825	1
121000102011	0.825545	3
011102020120	0.675524	3
000021310212	0.424781	0
002010240020	2.528192	0
201210221020	1.700620	1
020021300102	41.317130	0
012102022200	1.183437	2
021121002212	2.835657	0
122221211111	2.201933	0
210211000102	1.341280	0
002102000101	16.918628	0
142400440411	89.449047	0
212233201333	220.509325	0
111201210140	0.337403	3
120021000112	2.681134	0
210233101333	139.714671	0
000120020140	0.764493	0
011210020100	0.507759	3
022011212112	1.293302	1
202011040010	0.570300	2
202101021202	0.922215	1
202200101002	0.860538	2
121001100020	0.826960	3
100100220241	0.732213	0
201102002200	14.364077	0
000220000210	9.849383	0
200010002021	0.692198	3
210202110001	0.687523	0
000001300212	0.128139	0
111000002010	0.179069	2
212011211220	0.686028	3
201122001021	0.742032	0
220210120200	0.684949	1
001120101020	0.712920	3
024041304244	10.904844	1
212002222003	1.638086	2
112000021003	1.126333	0
021201212222	0.410829	3
000000012003	0.183810	0
121101202202	1.014180	3
100010020100	0.616376	0
202000201121	0.695362	0
004140014244	0.020613	2
010000201010	0.289362	0
210111220202	0.819601	1
201201000200	11.344315	0
020100120100	1.440518	0
202011041112	0.369060	2
210212000112	3.435783	0
112202212111	0.737065	2
000200000020	6.365474	0
000002301140	0.683233	0
021002010102	1.322058	2
112012202020	1.603679	0
220101120241	0.642475	2
020111211202	0.658491	2
001000020002	0.447770	0
002202000101	0.384646	2
002011220112	0.513944	3
002202300001	1.207203	2
000001001210	0.510094	0
000020300020	0.063116	0
001020040002	1.081609	0
100212000120	0.610449	3
121020002000	11.114486	0
021122100021	0.777233	0
021021012000	1.831300	0
110100220001	0.538339	2
001222020101	0.454744	2
021021010112	1.598048	0
000211001122	0.523485	3
001210042021	0.761926	2
002000002202	1.327756	0
020200000040	0.570469	0
201101002020	0.819089	3
022011202112	0.671274	1
110012211201	0.674658	3
120210210001	0.741403	3
001000002200	0.463293	0
000112002021	2.211710	0
010001000122	0.602852	0
022233012333	1.228305	1
201102001120	1.193538	0
100122020221	0.531677	3
200211000200	2.583158	2
211210002122	2.712392	0
212000200003	0.331892	0
002000042023	0.778515	0
100211300002	0.496397	3
000122340221	0.391972	3
221100102100	0.696791	3
101220100000	0.825128	2
011000200040	0.593385	0
022200110122	1.205537	2
330020333121	0.293393	2
000002042001	1.119321	0
112210212020	1.633890	0
110212201022	0.645645	3
200211022002	0.869018	1
000220102100	1.064052	0
100122121211	0.846617	3
041410540402	0.449286	1
112220111010	0.777022	2
020000040011	0.505685	0
221120101010	1.698754	0
102102201210	3.827121	0
010021200200	1.649854	0
100100041011	0.752933	0
021101022201	0.775544	3
001201041002	0.790838	0
010200020101	14.309217	0
330201353100	1.082392	3
220121122201	0.782933	1
200210101001	0.771892	2
010001020222	0.926494	0
010200210001	2.528104	0
100000141010	0.375484	0
010002300100	0.387734	3
100011202012	0.572931	3
000102020200	21.625066	0
014041214044	0.248851	3
002122300201	0.791652	2
002002010010	4.129303	0
210000100001	0.579301	0
200010002112	0.539924	3
012102020010	0.721431	2
102100120000	0.752596	0
122120001210	2.794004	0
100020121010	0.853849	3
002021012112	0.243242	3
100120200001	0.487010	3
021021300101	15.407758	0
201000042001	0.298997	0
120211200102	0.346788	3
100012102002	0.858124	0
001200001011	0.477623	0
210000141022	0.737524	0
000001000220	0.179092	0
110210210202	0.755139	3
001122012221	0.698543	3
022200200003	0.779477	1
020002320101	0.819332	0
212011220112	0.701013	3
220001102020	0.699601	2
112202221120	0.948852	1
001020000011	0.246122	0
042421540410	4.296310	2
020200300000	0.789977	0
101022002121	0.775839	2
211010121020	0.803815	0
000200200000	3.696889	0
330102	0.356389	2
002000002110	6.106878	0
020200112220	0.893357	0
012220002210	0.706469	1
112121221202	0.739804	1
201000201011	0.864163	0
120120210020	1.513172	0
000002220101	0.918601	0
101201000140	0.656276	3
112000211000	0.127813	3
330001333042	0.661122	3
204140004045	0.739777	1
011201220040	1.671431	0
100210100021	0.798018	3
201201001240	1.464917	0
021020100122	1.307352	0
101002142010	0.350401	2
010101120041	0.759562	2
112012202112	8.823097	0
000000101021	11.151147	0
121012212122	0.805799	2
010222000111	0.483975	2
020200111100	1.178300	0
021102320100	39.721854	0
110012222021	0.847637	3
210122220200	0.715197	2
210021201010	2.425232	0
110100220022	0.779237	2
002020202012	0.745702	0
042411442412	1.099222	1
221220112111	1.921995	2
200220010001	1.294449	0
040400442403	0.020831	0
001011241022	0.706119	2
200200021121	4.596228	0
020000200021	3.070536	0
000021320201	1.007259	0
000100000122	0.442939	0
100010010000	0.380633	0
001000220003	0.086382	0
211020202000	14.250165	0
000021000201	0.617082	0
330201333111	5.304533	3
012202210101	0.899051	2
000000140002	4.953780	0
110100022202	0.799270	2
120220211011	1.661271	2
210210010040	10.154699	0
120220010102	1.496408	1
010201000101	15.650280	0
010010201002	0.740478	3
020001010022	1.139179	0
000020102200	1.403660	0
210200110003	8.419324	0
110112222102	0.620385	3
212001210000	0.716667	3
110022210211	0.599878	1
020201000100	0.644761	0
012010020012	0.876280	0
121000102200	0.819132	0
111220222020	1.759401	2
022121010210	0.569684	2
010020041001	1.437890	0
014141204244	0.720086	1
000000020112	12.532596	0
121120212011	1.602265	0
000000000220	0.790535	0
100022000021	0.399929	2
211002002200	47.144225	0
331020333122	0.618206	2
010100221210	0.778029	3
220033020353	0.353306	1
110012200002	0.559262	3
010011010200	0.814670	3
220221111102	0.692377	2
012000210003	1.157230	3
000011042022	0.719522	0
200212000020	2.163020	2
011010200222	0.883818	3
020220010111	1.246449	2
200200110013	0.863111	0
121112212220	30.070740	0
001021001021	18.484806	0
102000002110	1.951413	0
002002010111	0.961085	0
010112120222	0.604037	3
002010042011	1.106678	0
000000022022	0.793132	0
112200210001	0.850915	0
020200211221	15.635893	0
200020001201	1.229722	0
040410442410	0.084874	2
010210211122	0.813897	3
000012320101	1.163905	0
220102112100	0.967101	0
202010041020	0.130057	0
020201210202	0.636186	0
210012200222	1.205335	0
012200221020	11.916306	0
011001212200	0.820658	3
121000101010	0.734205	3
201010041022	0.185932	0
121001222002	0.816759	3
100010102012	0.514170	0
100000220001	0.668706	0
212120221000	0.792256	1
120220110201	1.075098	1
100100112100	0.573970	0
330200353000	0.115047	3
010202020111	0.735851	0
102220002210	1.853476	1
210012002002	4.518191	0
202001001002	0.787622	2
112001241100	0.752395	3
000201310202	1.505681	0
200012110001	8.723454	0
202002000010	0.979736	2
001021200121	1.308276	0
021200112003	0.823062	2
000100100221	0.919333	0
010102100000	0.761407	3
000010010000	0.564249	0
210020222000	0.761349	0
100200101010	0.659928	3
101001002222	0.559230	3
000012000012	0.395111	0
000011001000	0.702014	3
042400540412	0.535224	2
200202	1.375077	2
210000001200	7.314406	0
002000110202	1.139590	0
012002000112	2.358084	1
102121102201	0.798780	3
200110010020	0.770231	3
041400540410	0.094751	2
100102202111	0.683811	0
022200010221	0.733993	2
001200340000	0.727495	0
120210210210	0.628673	3
012102222003	0.729884	2
001000110200	1.180454	0
002021300202	1.131250	0
201002201001	1.511477	0
020020040011	0.951614	0
002102201210	0.786324	0
120210010200	0.428530	3
010000201201	3.338731	0
102211002112	2.929822	0
002002300212	1.927380	0
020000020011	1.050876	0
201122002221	37.437812	0
020201220240	0.585807	0
201000142012	1.293114	0
022000110101	0.812812	0
220100100000	0.164510	0
020202000110	0.653836	2
021210210202	0.871387	1
200200020120	4.025499	0
200210011200	4.582341	2
000011200100	1.572858	3
142400440403	3.185887	0
111220112010	1.297899	2
104053024345	18.509626	3
020021302001	2.308141	0
121200212200	0.058289	2
000000100003	0.117701	0
110200210001	0.997039	0
100210000002	0.106730	3
101020122000	0.819454	3
021120220023	9.729907	0
210010211002	0.667831	3
001121020202	5.094249	0
012010040000	0.913105	0
021001300201	0.329571	3
210222010111	0.835755	2
210112020101	7.782793	0
200101000241	0.294314	2
120210200102	0.724254	3
021000100002	0.579792	0
011010001021	0.549679	3
000101000241	0.396810	3
121001012020	0.650710	3
100211010200	0.782917	3
221201120201	0.780463	3
002002020122	3.798556	0
202011101212	0.781783	2
101201122201	0.766485	3
212000222003	0.535027	0
002101000100	0.766997	2
000210040000	0.315504	0
110220210201	0.604733	1
014240124244	2.274755	1
221221112122	1.298895	0
040410540420	0.338387	2
001000010221	0.737537	0
120210210220	0.504031	3
022120000012	0.770568	2
204140214044	0.618594	1
010001120201	0.622146	0
200110020020	0.635257	3
211022201001	4.350698	0
101102102200	0.740890	3
120110212000	0.844557	0
200022010011	0.843017	2
010211120140	0.843454	3
022100001010	1.112711	0
101012002122	0.555656	2
020000010011	0.588623	0
200200222003	2.365361	0
010202020122	0.736338	0
201010201122	0.847253	3
241433	0.774559	1
011100020040	0.728717	3
212220211003	1.069137	2
010020000101	0.804503	0
022212211212	0.701125	1
110000220202	0.771412	0
120100221003	0.204373	0
202211010112	0.757891	2
220021101010	1.104040	2
001020010011	0.667901	0
001021000022	0.355529	0
201200001202	4.024887	0
011220211021	0.693394	0
102200000100	2.321201	0
010222022201	0.785200	2
021120010122	0.740747	0
022020300110	2.397587	2
202001042010	0.523748	2
100211210102	0.652920	3
212110221222	0.707262	3
010200110202	0.571232	0
210000222200	1.008853	0
202200001200	1.386338	2
000010201040	0.596490	0
200212	3.092173	2
022111110200	0.832762	2
012002200010	0.603580	2
000010200043	0.477566	0
221020102000	17.794996	0
001021041001	52.994639	0
002221002110	0.857427	0
000011000202	0.056343	0
202000011200	12.933188	0
200012222201	1.603721	0
020122000211	9.893007	0
122020211212	1.876305	0
220033201333	0.522108	1
000012020020	1.377497	0
001100020201	0.827696	3
220200210003	0.814978	2
000120040001	0.857105	0
001002001001	0.628493	3
010011002002	0.708443	3
202000121102	0.798156	0
022111010222	2.203174	2
100100101200	0.650080	0
001102110120	0.699693	3
000000020122	11.153456	0
010200222003	9.950079	0
200222000121	0.692741	1
000011042012	0.397678	3
200211001002	0.655828	2
100001000001	0.581426	3
210012201020	15.368630	0
211102222100	2.683620	0
002200010000	4.437217	0
000012041112	2.703760	0
100122200201	0.570635	3
212002201200	0.661539	2
221012111021	1.092847	2
014040024244	0.079683	2
020200211211	0.351461	0
210212110101	2.769198	0
001022002111	0.542499	0
120020002001	4.643172	0
000000220210	1.020185	0
024140104045	2.120581	1
002002020111	16.126501	0
022112021110	0.647673	0
121112222220	5.477168	0
000022120021	0.703276	0
120000200011	0.531073	0
010110020102	0.468939	3
020000110243	40.197260	0
000101211201	0.910807	3
022120021011	0.769215	2
120000010101	6.469820	0
020102010141	2.268434	0
120120110200	31.590084	0
100020002020	0.402011	0
100101041022	0.821612	3
000200042011	0.850363	0
020100320040	8.334538	0
010022210221	0.545090	2
000001100012	0.567746	0
000002100003	2.688088	0
010012340020	0.385229	3
020102320122	54.721433	0
012010000112	0.834445	3
014041004045	0.522707	3
200202020000	0.836441	1
222101	0.165977	1
100120020120	0.803817	3
200020100010	1.808238	0
002010100021	3.879359	0
002002102010	3.100822	0
200001040020	0.307219	0
220001100102	0.840682	2
002112200211	2.282505	0
101001002101	0.675283	3
112021041002	0.699163	3
021200111011	0.811013	2
110212221022	0.743406	3
000020111100	0.810372	0
000102100202	0.627636	0
140410440421	0.135011	3
120011100012	0.712699	3
211102222200	39.892127	0
000202300011	0.700436	0
010201120240	146.411265	0
042400440400	0.242910	1
000200021200	1.402209	0
201211102022	0.861008	2
220110100112	0.810520	3
000002301201	0.616503	0
002201000010	27.170293	0
004040114145	0.765665	0
110001210240	0.447612	3
000002210101	0.871743	0
210000141011	0.839395	0
020120000201	8.030136	0
000200002100	2.648714	0
022201010212	1.336558	2
222010121000	0.623259	2
001011001222	0.513862	2
201012001120	0.762097	0
211012002020	17.031821	0
002200300202	2.046705	0
330020333112	0.336120	2
102120012010	0.581028	3
001001100000	0.239778	0
000002000221	0.420207	0
002102002011	1.945939	0
110210211000	0.462273	3
012102021121	0.712623	1
011200021003	0.733302	0
202210101022	0.863894	2
011000200002	0.531177	0
020021001001	1.754662	0
002110000020	1.356022	0
020102110000	2.811466	0
210120021010	0.850518	2
210212010112	1.084158	0
332211333042	4764.583871	0
120012210200	4.779613	0
012000200000	0.073361	0
100002101000	0.512704	0
000222300221	0.666513	2
122122002211	11.277138	0
201211000222	0.425192	2
000002202001	1.466291	0
202201011000	2.370050	2
000210002110	0.838978	3
202201300202	1.487908	2
212000201210	2.423531	0
002202300100	0.628492	2
201210011222	0.860455	2
100010000140	0.854167	0
011020002001	0.839881	0
202200000000	0.331001	2
001001120200	0.771449	0
004141014144	0.776955	2
000000210101	0.418130	0
021221210000	13.479262	0
001202300102	0.361603	2
121121212101	5.566374	0
210122120201	0.594932	2
002000020101	3.193772	0
202100200000	0.740979	2
022010102012	3.386633	0
210001220000	0.174242	0
110200212122	0.695534	0
102102001112	1.902866	0
001020001120	4.829591	0
010120020200	0.329101	2
024141104244	0.603315	1
000110010240	0.653916	0
010011012212	0.782173	3
012002002003	0.848353	2
101210	0.167812	1
022020012200	0.711007	1
100100200201	0.768657	0
020200100043	0.999756	0
020120022010	2.171861	0
330201333122	8.987630	3
121200222003	0.688996	2
100211202102	0.797681	3
104041004244	1.337001	0
101120102210	0.684130	3
220120001011	0.830504	2
211001102010	1.072459	0
012212221102	0.719240	0
201201022102	1.892658	0
001011001022	0.153507	2
020000040021	6.468207	0
000220220112	0.586925	0
221120120100	1.079044	0
102202002100	1.405365	2
200002110003	0.819806	0
210022200221	0.894631	1
021221211102	81.546156	0
100111020222	0.710814	3
122220002003	0.628296	2
200200020010	5.614782	0
121020042020	1.137257	0
100011202022	0.822588	3
202212302101	0.888732	2
102210200012	1.225039	0
020100220000	0.707559	0
220020101010	0.544640	2
000021042011	64.690552	0
100120002211	0.698061	3
010112020112	0.769325	3
202000201020	0.087484	0
000001022011	1.068734	0
110020201001	0.640111	2
100010121100	0.827300	3
022102211222	8.505365	0
000110110002	0.950067	0
201000201022	0.653991	0
110001202000	0.303500	3
120010201020	0.498181	0
110100221002	0.675234	2
120002010111	0.675731	0
210000100100	0.173764	0
110220211222	1.251173	1
020100020212	66.073645	0
100001040112	0.791741	3
101120000100	0.845876	3
330202333000	0.554688	2
021000041010	0.418663	3
200010100003	0.772947	3
010000000120	0.692842	0
102120022110	0.489834	3
102111041022	0.728358	3
200010101000	0.586030	0
200210101100	1.698792	2
141410542420	0.583908	1
002010000020	14.503716	0
110200012000	0.698468	0
201002111101	1.094612	0
100120020012	0.862176	3
020100002010	1.417131	0
102202001120	1.588848	1
012022002011	0.476796	1
202102201200	0.696522	2
110022200201	0.693388	1
210120	4.274094	2
122120100210	1.198600	0
021210211211	0.792060	1
221100122140	0.541627	3
102100021000	1.124045	0
000000300220	0.811540	0
101020000000	0.583833	0
021001012200	0.651428	3
100002240000	0.510687	0
202211121212	0.985994	1
002000010000	1.335160	0
200000042003	0.025596	0
210000101002	14.272263	0
202211011012	1.561879	2
101122202221	0.685238	3
000200002102	2.796048	0
100011102112	0.752397	3
100002010140	0.637290	0
010000201020	7.153650	0
330020333020	0.015385	2
202033101333	0.133202	2
200210100002	0.760765	2
000000210103	0.774605	0
002010101011	1.352519	0
022011002210	0.519646	1
122020012011	5.765034	0
021001011120	0.835512	3
002110300122	0.703319	0
201010001001	0.779258	3
101200002110	0.858810	2
021021010122	1.004178	0
110110220000	0.744593	3
201000042000	0.028602	0
221001112020	0.654580	3
020010220002	0.678777	0
110210020000	0.639959	3
000220001012	1.142075	0
020001300102	1.527690	0
210002221020	2.056899	0
000002012100	0.695895	0
020100210100	0.821292	0
020022020001	6.411529	1
000021020200	1.373302	0
002002020120	15.271143	0
022122010211	0.844051	2
220020120000	0.488651	2
002011010212	0.511433	3
120100212202	1.021757	0
010012120021	0.838827	3
010102022141	0.891660	0
010000122010	0.781003	0
200200300212	6.339890	0
000000101120	1.351898	0
021122	15.311618	0
001000000140	0.538370	0
200002001121	0.992836	0
210021141001	0.565454	0
120001020000	1.386699	0
000021002002	23.386600	0
122022111011	0.761471	2
220221111000	0.757349	2
212221201211	14.764607	0
202210000012	1.071593	2
121210100043	0.700393	1
001000020040	0.472133	0
000202010002	0.737295	0
112201211002	3.100673	0
000112002012	4.561258	0
121220210010	0.685633	2
001020300010	0.190492	0
121220211013	0.861953	2
001020000110	2.369303	0
020200000001	3.036138	0
220102110220	4.011636	0
112202221021	1.759855	1
100100220202	0.505008	0
212002102000	1.092312	2
011202002000	0.857296	3
020200211201	2.740720	0
000210100200	0.800473	0
014253014345	323.098134	0
100001012000	0.731582	3
121220212102	0.984194	1
000000100022	0.830789	0
020200211000	0.145401	0
020002020100	6.698712	0
010002210200	0.259176	0
110102120040	0.719883	2
000100340002	0.318037	0
100210001021	0.862991	3
100100202000	0.118716	0
012100020240	0.756741	2
000002220000	1.148492	0
211000222020	0.581827	0
120020122020	18.056043	0
021022120000	0.610188	1
110010002020	0.761156	3
000000100141	1.119137	0
021020011210	0.833146	0
011001120102	0.629254	3
020120010002	0.857912	0
002000101002	1.687499	0
221020	13.311455	0
010112020020	1.176075	0
112033221353	0.386183	3
201011001002	0.788073	2
000021000020	2.033836	0
002002222110	1.648392	0
000122010121	0.611512	3
200210020102	0.516930	1
022001000101	0.892358	2
100211220002	0.729631	3
011101120200	0.684532	3
201020000200	1.924335	0
021200210220	0.682459	2
112102121200	0.712849	2
112202221110	0.798853	2
001020020111	1.058968	0
120022020001	1.350996	1
120100210100	15.003259	0
014040224045	0.811360	2
201212001021	1.080800	2
021220011110	1.447869	2
101210202021	0.861422	1
002001	1.174828	0
000010110003	0.584259	0
000200110100	1.360899	0
110210221100	0.836207	3
202002101010	0.905242	2
020102020202	302.398084	0
112001241001	0.603798	3
111212	0.323678	1
330000333121	0.111047	3
021200012000	0.400089	2
022022000111	0.760841	2
212210211010	2.715298	0
120020040000	1.851709	0
100000220100	1.457877	0
001120000212	0.684404	0
020001110220	0.662885	0
000121300122	0.730024	3
112102222102	1.625929	1
000000122003	7.098713	0
200102010240	0.458052	0
204140224144	0.599916	1
202000002003	0.517847	0
021202110040	0.653632	1
100011212112	0.698822	3
000100110241	0.804413	0
021120010010	2.417935	0
120200210003	0.349391	0
210121220201	0.616271	2
112102220010	0.570430	2
102122122211	0.438139	3
020101010221	0.387066	3
010100120122	0.803899	3
002112300002	9.790657	0
001021300010	0.812612	0
022120010012	0.668582	2
210101220241	0.758119	2
000012020112	0.682578	0
112200210100	0.979313	0
000022000200	0.230383	0
002212002112	3.808505	0
012011200022	0.658857	3
110200010003	1.075905	0
210000141003	0.268169	0
112211212102	10.230043	0
101122100011	0.585959	3
220033121353	0.615256	1
010000202022	0.712275	0
212010141001	0.611801	3
201120000100	15.612881	0
220100120040	0.264766	0
022001022000	2.704989	1
020020040000	1.094578	0
202000201043	0.500196	0
021100210200	0.759282	0
201122100101	1.833312	0
102002010100	5.685123	0
011000200200	0.621069	0
010010040021	0.544071	3
000002210043	0.643095	0
100000000240	0.674243	0
110100122202	0.703206	2
100012020002	0.646068	0
100012001001	0.740146	0
010002100202	0.609571	3
012200210010	1.567404	0
200000001140	4.779842	0
000021041110	1.192397	0
121001012200	0.627079	3
101021000000	1.040625	0
022000100101	2.122560	0
022001000202	1.053956	2
141400442420	0.163264	2
002200300022	1.402962	0
011000002020	0.503825	0
212220011010	1.236053	2
000200310212	0.724322	0
010002122000	0.771381	3
100120002000	0.026221	3
101001042012	0.342631	3
020100310140	0.448451	0
020212110102	0.628285	2
000201220201	1.317282	0
020220110210	0.782597	1
020001211200	1.492723	0
000000220010	0.392728	0
111122	0.250704	1
100102202010	1.417703	0
112002200001	0.695175	2
001220000003	1.551059	0
101000102020	0.242245	3
022111011212	1.361013	2
040400442422	0.385667	0
210002002020	1.984110	0
110000211201	0.261915	3
112220222210	1.982825	1
110000000001	0.754830	0
021121000222	2.815584	0
202211300022	0.770805	2
202120001000	0.333740	1
020100200003	0.489033	0
002001010000	0.368637	3
101000012122	0.843681	3
200210110200	0.862223	2
022111010002	0.847926	2
000212122102	6.957395	0
201120040021	21.167857	0
220100001000	0.366624	0
000000320041	10.535403	0
201001042000	0.039701	0
222201121200	0.790426	1
120211110002	0.738542	3
020001010003	0.745257	3
200012002002	0.672597	0
210200110022	1.224855	0
112220200012	0.829466	1
100100100241	1.083467	0
001220020001	2.475902	0
102021211012	0.745473	3
111020202211	0.821752	2
200102100203	3.452367	0
221000110200	0.465750	0
220100102000	0.199945	0
020001110020	0.847756	0
021002010201	0.735812	1
200210022202	0.738234	1
021012021121	0.802472	1
120210010000	0.149102	3
000111300222	0.516101	2
020010000002	1.767723	0
021100022001	0.879306	3
220010141000	0.712584	2
201122000221	1.304561	0
201100002122	0.718611	3
012021002102	0.601446	3
210202210101	6.536418	0
102000040023	55.208298	0
122102022111	0.822205	0
122020212010	3.060722	0
100201020200	0.990880	0
201002010001	0.824116	0
210002000043	0.650580	0
332220333211	1.757323	1
001220102000	3.570249	0
000201020140	13.370629	0
012002002112	1.503891	1
212000201103	0.713795	3
200210000000	0.201520	2
200210300100	1.425089	2
001022041011	0.235395	3
210011201112	0.452174	3
120210212210	0.507723	3
201210302222	1.592960	2
100000040011	0.193149	0
100101220200	0.163931	3
110233220333	80.873718	3
000220202003	1.794498	0
100012042020	0.827166	0
200012020101	20.916386	0
112220222111	0.788500	2
002000110002	1.100119	0
122033222333	789.802969	0
040420440400	0.269385	1
110001220002	0.717069	3
120201211010	0.705068	3
100121022210	0.865949	3
000220002001	3.632700	0
200020041011	0.750263	0
210112022101	3.241917	0
111000202021	0.732296	2
100120101000	0.124065	3
122100220020	19.422183	0
210233202333	21.243237	0
012120221112	0.715399	1
022012000211	10.548969	0
000000302001	12.048098	0
211002201040	301.599402	0
100120120010	0.746374	3
004053204353	0.010215	3
100210000202	0.523636	3
330201333012	2.423935	3
012002021010	1.089516	2
002010300011	3.676162	0
002002002120	1.797407	0
001120202020	10.852299	0
102002012010	13.124791	0
212202101110	0.825360	2
222011021112	0.722492	1
000120000221	0.875637	0
002000111100	0.991998	0
210000000102	1.360632	0
200100221200	0.572084	0
120020100003	55.345725	0
200201102010	38.178567	0
120011000122	0.397344	3
201001002220	1.919980	0
000112300002	0.584736	0
020002020102	4.840331	0
022000000023	6.486196	0
002010040011	0.530292	0
120000212201	1.225515	0
001112041222	0.516797	3
012002222021	0.840288	1
010210010022	1.207234	0
111021202002	0.894288	3
102010000001	107.464845	0
001120001011	1.025111	3
221001102120	0.827767	3
120211000202	0.729209	3
332002353001	0.537521	2
101010041020	0.692100	2
200111001212	0.755354	1
110020201012	0.765261	2
000122210101	0.761016	3
222010142000	0.774252	2
201210110020	0.793478	2
000000300120	0.157114	0
202110001221	0.790017	3
024241124245	7.524007	1
211112011122	0.753977	0
000222010101	0.133548	2
002001042011	0.804577	0
202000121020	0.512630	0
022121012210	0.723998	1
102020001112	0.671799	0
201020000023	291.047008	0
021200111000	0.749688	2
010121	0.153092	2
001000120001	0.708024	0
000201010102	15.837639	0
000000100043	1.152792	0
200102300120	0.780077	0
121200212001	0.544439	2
000101300222	0.270000	3
011002110200	0.859754	3
120220111013	0.754900	2
011021000021	0.549289	0
200200200043	0.682522	0
020000010222	0.659127	0
001121100210	2.301985	3
210012000002	4.594706	0
022201010200	0.463143	2
121012212222	0.803657	1
201233002333	9.328590	2
222000001003	0.402864	2
000100320102	1.309809	0
000000220103	0.293296	0
000000221100	1.270084	0
012021	0.093761	3
000020320001	4.132468	0
101112202222	0.691442	3
001020101010	0.622562	0
012202021111	0.803251	2
001210002020	0.634284	2
100122002101	0.216125	3
002002120200	7.896019	0
212002011003	4.666728	2
010010002102	0.744464	3
100011040022	0.532651	3
110212010140	0.907092	3
022021000002	2.209821	2
002112000001	15.802387	0
010010000010	0.750746	3
202010101002	0.852477	0
000110001020	1.364553	0
001000022100	0.851472	0
000200200200	3.387306	0
110210010022	0.682169	3
211021142000	1.190464	0
020200110220	0.717528	0
000100210020	0.790063	0
200001100040	0.612094	0
011120222200	0.874891	3
001011042122	0.731383	2
212102021000	0.443509	2
021220010011	0.916729	2
020200211100	0.326631	0
220001100020	0.826732	2
011220221023	1.123470	0
210100220140	0.194697	3
011220220020	3.983359	0
330020333022	0.057673	2
000001000020	0.264708	0
200220210000	2.685674	0
100212220111	0.776158	3
120011210102	0.465008	3
100220000100	0.482710	2
001122010221	0.665557	3
110210212202	0.871836	3
020211011012	0.828199	2
200002300222	0.878363	0
220012	2.709140	2
011120020020	0.643469	3
101122001111	0.581934	3
002012300001	35.553658	0
020000000201	12.585212	0
011202020040	0.742132	3
102033	97.917130	0
000222302211	0.796225	2
221102112000	4.215278	0
020100222020	1.126629	0
022020010011	0.817865	2
110022212211	0.739030	1
002011202022	0.750450	0
100000101040	0.760441	0
142420442400	8.488681	1
012011221112	0.587986	3
000010301122	0.821100	0
002210020000	38.763697	0
100010012000	0.564720	0
002100300012	0.534575	0
002000200013	0.590879	0
121200110003	0.530008	2
002020200012	0.825702	0
010211000122	0.173155	0
220021000022	0.586681	1
122202211120	0.729820	1
112102221111	0.680751	2
000001001122	0.757970	0
000021200021	3.054091	0
000033212333	0.068339	3
001012002000	0.337267	0
000010002001	0.828577	0
001102002220	0.747554	0
222210111010	0.742602	1
201001142002	0.870523	0
010110020001	1.091395	3
000220001112	2.933214	0
102120122100	0.771891	3
010021200000	0.258043	0
352410353400	49.157141	0
200222000101	0.740232	2
011112001122	0.868807	3
000021040011	19.117388	0
110001211100	0.748223	3
332011353022	73.542176	3
120010001020	0.720697	0
200000100040	0.233713	0
021100100100	1.154141	3
240410440410	0.626520	1
210001001000	0.884088	0
000200101102	0.706868	0
012202012120	1.694860	1
200010201012	0.721777	0
014041014245	0.509293	3
020100021011	0.749993	0
104240214144	2.117895	1
010021022012	0.821933	0
200201000111	2.997288	0
200000141012	0.919628	0
200012120202	1.046499	0
221020121013	0.752683	0
112002000000	0.678835	2
020210212210	0.790467	2
004040124144	23.971527	0
221100100100	0.764569	3
002000041020	0.408405	0
102012000011	18.829186	0
212210021020	4.622796	0
001020012020	21.228231	0
120212110141	0.724658	3
110022200100	0.816583	1
201000040001	0.567890	0
000200020142	0.539093	0
021000300001	0.661349	3
022021320111	2.015599	2
022000010000	2.462816	0
111021221012	0.870413	3
110200201022	0.818824	3
001002140000	0.603711	3
022011100022	1.141950	2
012102020210	2.752214	2
221000101143	0.639847	3
000100101003	0.504029	0
220000111020	0.462625	0
211002100200	1.215551	0
100012201000	0.548440	0
000002340011	0.582323	0
001202220100	0.799925	2
201000002220	36.166728	0
011220010023	10.871658	0
011211110102	0.768251	3
212102121223	0.852000	1
200010000112	0.391644	3
000220022212	1.238503	0
101122012222	0.674664	3
210000100201	5.266939	0
120120202011	2.774112	0
221200101000	0.656267	2
000100100002	1.181103	0
010012010002	0.472187	0
010000210043	0.872600	0
010010	0.294841	0
002011000111	0.796460	3
201002111200	0.908677	0
001220000101	2.430460	0
112002201100	0.972719	2
121201212000	0.245285	3
112001202000	0.352830	3
220000020023	0.820502	0
020010300000	7.198652	0
110220210100	0.406572	2
210000220021	1.123533	0
002122001011	0.468001	2
000000012203	38.858728	0
010020001000	2.059351	0
022012000000	12.253607	0
221033121333	0.350684	1
210022101001	1.239227	2
041400440410	0.017374	2
100010022100	0.784185	0
200011220112	0.666753	2
021202010101	0.793823	1
000022010010	0.877230	0
121102012000	12.209358	0
011020001011	0.709619	0
001220111000	0.768501	0
020000111111	0.732061	0
211001202002	1.023176	0
221102122100	2.072697	0
020021300210	103.643596	0
020010001021	1.114201	0
200212300022	1.272746	2
140420440403	5.807468	1
001001040022	0.031548	0
101122000121	0.591742	3
024041004144	2.109885	1
020002300200	0.738607	0
140400440402	0.367134	0
202200101202	0.769951	2
000000112001	0.714165	0
120212010122	0.569905	3
021002211110	2.076818	2
201102000200	5.053408	0
102202101100	0.955132	2
000220002210	16.548816	0
010100000020	0.764555	0
100120101211	0.836955	3
122220102112	1.024365	1
022110020110	0.885513	0
010021002001	1.039455	0
010000000002	0.200075	0
120020100011	3.042008	0
002012040112	2.245450	0
220021001012	0.836358	2
120100020001	9.560574	0
210112020202	3.837244	0
000010120001	0.798712	0
022233000333	0.833227	2
022011200112	0.673858	1
012102121003	0.496214	2
000100000200	0.031046	0
332220333010	0.801654	2
000112002221	0.639764	0
020000020203	0.667514	0
110100220201	0.357693	2
002222000111	0.225075	1
112010212220	1.061082	3
331220333012	0.846598	1
002202211101	0.799763	2
020111000202	0.658595	2
002102010121	2.814658	0
001000020202	0.404594	0
000001001010	0.128543	0
122211010212	1.970345	0
022110021012	0.800148	0
111012202222	0.701855	1
022011002010	0.233844	1
022000110202	2.251211	0
000001300040	0.018753	0
210212211112	62.435603	0
221012001021	0.864570	2
000200002020	7.513697	0
010121120202	0.412257	2
121121002212	41.639056	0
020200212202	0.791961	0
221110102000	0.606980	3
110001111011	0.812415	3
022210310222	0.805509	2
110010222122	0.797286	3
200021042002	1.046959	0
001021002002	45.917297	0
020012010201	3.981280	0
112000212020	0.489251	3
201210022120	2.084383	1
000121010202	0.274204	3
000220001020	2.189902	0
100001001100	0.836821	3
020000120020	4.106019	0
002000240010	1.141286	0
200000200003	0.133252	0
121020102023	6.376355	0
200001000200	0.513099	0
212002111100	1.038553	2
111000212022	0.850354	2
000220010043	0.934932	0
201020041012	1.091421	0
020200010022	1.172579	0
022200110210	0.812197	2
100021002010	2.893255	0
100021000102	0.859504	3
002121012212	0.046852	2
010012020102	0.543275	0
002102020112	2.709103	0
020120000100	13.230155	0
002000102200	0.958936	0
100233020333	0.837047	3
010100022101	0.736206	3
101000302010	0.803915	3
002001021010	0.832773	0
001001001112	0.437757	0
101201012200	0.800889	3
010210210101	0.874448	0
120200211122	0.789613	3
330012333101	0.168290	3
112011202012	0.368244	3
201210002020	0.560655	2
200112000011	20.467475	0
012102021203	2.939405	2
002011041000	0.731010	0
200111222212	0.737747	1
001220200023	8.620867	0
142433442433	4092.991918	0
000002100101	4.316187	0
200000002012	1.689954	0
102121040012	0.281805	3
201012022121	3.543910	0
210102120223	0.846497	0
001011041002	0.619251	2
201020340010	0.907736	0
002010040200	2.049164	0
102012001021	53.888374	0
012102222020	0.785124	1
202012300221	2.611700	0
000111	0.162102	2
014053004345	0.009250	3
001001202100	0.784631	0
020110020202	0.614553	0
001020120020	7.111050	0
010220210010	1.488956	0
240410441420	0.854068	1
001002200003	0.474954	0
010021010000	0.853309	0
102220111112	1.208826	1
001221010122	3.315930	0
022010300210	1.286938	0
010100000043	0.349375	3
001102010200	2.954271	3
040400542402	0.827963	0
200000102001	0.702125	0
110012020001	0.815405	3
100000001100	0.483392	0
100011010212	0.807394	3
001001010240	0.636838	0
012002002222	1.068847	1
210002	8.961790	0
121001202010	0.734076	3
010200200043	31.580570	0
000012200010	0.770011	0
101021002002	51.260977	0
102021020012	1.038022	0
110002211110	0.817716	2
000122300220	0.484690	3
012012000012	7.729243	0
110001210102	0.718677	3
000020010000	0.573572	0
020000001013	0.721646	0
100101011200	0.815678	3
022020102011	0.977579	1
102010202000	34.308254	0
021110021022	0.586836	3
111220222021	0.792418	2
012002020020	0.603723	1
014140124144	0.004129	1
000122320221	0.213937	3
224253	0.993672	1
120102210140	58.718416	0
124140024244	56.890867	0
122020022013	4.487409	0
001021012112	0.754687	0
200010040001	0.117758	3
334240334244	1763.080559	1
122000220003	15.286096	0
100112022212	0.810246	0
100000000002	0.810225	0
021000100011	0.812511	3
000020000240	0.464812	0
120120010120	1.172103	0
014053014353	0.853088	3
020001002240	0.837873	0
201020001110	2.977456	0
002002020210	3.898077	0
012012201112	1.507057	0
000010300101	0.664813	0
101002200003	0.688142	2
110012212101	1.160775	3
001200041010	1.055497	0
200200110021	2.986247	0
102220200011	0.899322	2
200100010200	0.197856	0
002000042003	0.264692	0
000001002220	0.512621	0
100000041021	3.694663	0
212221101012	377.905059	0
100101001202	0.716249	3
201012100020	1.364113	0
022001300140	0.818988	2
100220040000	0.670199	2
000100210043	0.636606	0
020020022000	1.056197	0
200200210200	3.733898	0
022210000020	0.491725	2
000202002211	0.790339	0
012000022000	0.677379	0
100000242010	0.561824	0
002220020212	1.008162	1
102121002111	0.743924	3
122020222013	25.153867	0
201020001013	0.464693	0
220211112112	0.567453	1
021210110220	0.765444	1
111012212021	0.811455	1
211200211040	1.357819	0
220012000201	0.921528	1
200202000120	1.050427	2
020100020001	8.964099	0
120210212001	0.788528	3
102102002101	3.460192	0
000000000112	2.115920	0
020001010222	0.703387	0
110210220240	0.533180	3
020110210100	0.813642	0
222100121021	0.734482	2
000000300012	0.072103	0
102010002010	15.199913	0
002202101100	0.670284	2
020012022002	1.354531	0
200122	2.078709	2
101100100201	0.863377	3
011010221022	0.738472	3
022100102010	1.930279	0
002100021000	3.180454	0
021100012100	0.733981	3
021100120000	0.618342	0
022010020212	1.621026	0
010210020122	0.709678	0
000010222003	0.803183	0
120012000000	1.653109	0
101000012000	0.423088	3
001100200120	0.802529	3
101220002120	2.815292	2
001112040212	0.527219	0
352402543410	0.537005	2
000012042002	0.760275	0
110020200100	0.672105	2
200020200010	4.055205	0
000020	4.735716	0
330010353200	0.714239	3
122011200112	1.568656	0
201200000001	3.123796	0
012202210111	0.694006	2
201100022011	1.504602	3
222000100020	0.680434	2
020021010012	1.136178	0
020122100121	0.757534	0
000011100122	0.629103	3
102010040012	27.233128	0
100001300040	0.774515	3
020100021003	0.590409	0
010220010200	5.828280	0
121010101020	0.784693	2
112202001003	0.836693	2
020102020040	3.965746	0
012020122010	0.849842	2
201002020100	22.549714	0
201020041023	12.802049	0
330010353000	0.063269	3
211211222122	2.454998	0
200101120240	0.782741	2
000110020000	0.294767	0
330120333122	0.540597	1
002200300222	2.288499	0
012220	3.075897	2
021001000000	0.007360	3
022212010002	1.108367	2
100101200240	0.386196	3
000221300011	51.257465	0
101001040012	0.608635	3
020002110041	3.986538	0
201012341001	0.867673	0
001200300220	0.809566	0
220000102023	0.240369	0
102021111112	0.751055	3
004141024044	0.746868	2
210121020220	0.829491	1
000002041012	0.715318	0
002212020111	10.915728	0
122111	44.174492	0
042401440401	1.779699	1
002002002021	3.878498	0
000022102111	0.877589	0
010101221220	0.716687	2
002010000010	2.726223	0
021001111021	0.848424	3
001222110121	0.732582	2
020002010203	2.773886	0
112021202011	0.606652	3
000102210140	0.559052	0
210200110222	1.840063	0
200121001000	0.859230	2
112021041011	0.722221	3
002100200200	0.851091	0
021100022100	0.852839	3
100120201100	0.624724	3
120210010101	0.629283	3
104142024144	0.757981	3
020110012000	0.707959	0
200210112200	1.284134	2
121002212200	1.520938	1
100010110122	0.831239	0
220110110040	0.717580	3
012010211020	0.795558	3
002001201000	0.393209	0
112220222010	1.112255	2
210002000020	2.971489	0
002002011111	0.952560	0
102120122011	0.769281	3
120020220010	1.892259	0
024153104353	1.028659	1
001012002221	0.817586	0
100200002010	0.241135	3
000001011040	0.829527	0
002012340020	4.008549	0
021001300002	0.544726	3
001001201002	0.701986	3
012002100003	0.588113	2
210202021000	1.510625	0
102000102222	0.865829	0
022100211100	4.863045	0
022111210222	0.982782	1
120000120023	19.600178	0
120001110201	0.852899	3
020102310140	0.663024	0
200102001010	0.656304	0
001001010202	0.375530	0
012020112010	0.831456	2
210012200101	19.328513	0
012212201112	0.957315	0
212120221112	0.585380	1
332001333000	0.143728	3
002112001012	4.632054	0
022010300220	5.668305	0
021022020101	0.844293	1
001120000012	0.837018	0
021010042021	0.732798	2
000020002202	0.866819	0
221000012003	0.527798	3
001200220011	0.846353	0
000000001043	0.968463	0
210210220000	7.741540	0
212220021112	1.003049	1
200011021112	0.520800	2
200102000121	20.457642	0
000000000040	0.062035	0
012021000122	0.356994	3
101022002023	0.722184	2
112221221012	17.933635	0
020102020002	233.586236	0
002120000010	0.168102	2
122100022012	1.237158	0
221001000200	0.851873	3
000202021122	0.692678	0
112102121000	0.685912	2
122122012211	1.088654	0
000020320100	51.017742	0
101000002003	0.102884	3
100000202102	1.137624	0
200210022102	0.817293	1
241401440422	0.738417	3
220233010333	0.722125	1
200120012112	1.776468	1
001202010102	0.379082	2
010012020122	0.777469	0
201200112011	1.279481	0
010120120200	0.673914	2
201011141020	0.927618	2
222000101000	0.034465	2
100011002010	0.876062	3
020102002200	11.434517	0
012122122101	0.724959	1
100122042121	0.594026	3
212212	13.051651	0
010202002100	0.892769	0
201000020003	0.599082	0
112211210102	13.187704	0
011120022020	0.737556	3
212211011112	7.109248	0
022021011012	1.808764	2
002112200112	16.922706	0
221101112001	0.816159	3
012002222120	1.054842	1
000000200143	0.599278	0
000100300142	0.592347	0
201002021040	108.028887	0
211122120200	0.638333	0
020102021100	13.367025	0
002120001112	0.653986	2
014053024353	0.062186	3
100112220002	0.927008	0
332002333220	3.474837	1
000001002210	1.944378	0
000102221000	3.481589	0
024041114044	1.995392	1
211200202003	1.370134	0
121220111011	0.790104	2
022120010212	0.755678	2
201212202121	0.858706	1
002100020140	1.154547	0
020201000201	0.799006	3
100101220002	0.733474	3
010012021020	0.801839	3
100221000001	2.346503	0
212001200020	0.566462	3
022210000010	1.657262	2
121012102222	0.704979	1
000001100222	0.724443	0
002021300212	0.293592	0
220033142333	0.108859	1
110210202000	0.634314	3
100121010221	0.823547	3
021020010112	3.910768	0
201002222001	1.068604	0
002010041002	1.133308	0
001000020240	0.885916	0
211000212200	1.687344	0
100000000040	0.063277	0
120100021000	4.312882	0
210222112111	1.020838	1
200212001121	0.671348	2
202121111212	0.459155	1
022020010110	0.804078	2
000021002202	0.805235	0
042412	2.023844	2
020221	10.850267	0
000020020011	1.040680	0
100122120101	0.623575	3
122022002111	0.721600	2
331220333021	1.299650	2
332001353000	0.108019	3
001002200202	6.218635	0
102111002112	0.802102	3
002012300100	2.610371	0
331000333021	0.729139	2
002020001210	0.650070	0
011100120000	0.581090	3
120001020200	3.637685	0
100122110001	0.817992	3
201210200120	0.790621	1
210010020220	1.173951	0
001001001122	0.553465	0
101020022111	0.841058	0
020100212100	0.810737	0
330011333122	0.776024	3
120000000020	5.793917	0
041400542420	0.696332	2
001002002022	0.766609	0
101210102023	0.907726	1
110200212210	0.791622	3
011102222220	0.579130	3
220020122000	0.733958	1
000000122020	7.233350	0
210021222011	0.841489	0
021020000202	1.438361	0
000001041102	0.742098	0
202002001111	0.815259	2
000110100020	0.571077	0
012202000102	0.825783	1
024040	9.159964	2
200010020010	0.721192	0
001121300022	0.787162	3
010112020220	0.512100	0
210101120202	0.538045	2
100100202200	0.632120	0
202110001000	0.557202	3
200212000111	1.198531	2
002001020212	0.837743	0
002002021200	6.587680	0
000000222001	0.459888	0
020021012000	1.101855	0
222110121212	0.707032	3
000220320221	1.693866	0
022001100000	0.357438	2
200010002212	0.736388	0
100000121000	0.226478	0
000021021102	4.263313	0
021000000203	0.649537	3
020110100040	0.660221	0
000120002100	0.780080	0
001001200022	0.371818	0
202210010220	1.091741	2
010220220010	3.268298	0
020100010021	1.652735	0
012202020102	0.669589	1
201100021203	0.733180	3
201212101120	1.152263	2
000112220002	1.867084	0
214042	0.682216	1
041400441423	0.886566	2
022000300102	0.858644	0
001122041021	0.391004	3
330122333111	0.751851	1
220001010040	0.371402	2
112012211120	1.842891	0
010001220020	0.579967	0
002011022212	0.818920	0
021001010200	0.200241	3
000012110022	0.665174	0
200100000140	0.099849	3
021000000000	0.028649	0
000220000111	3.497523	0
200100300040	0.833544	0
020021300220	13.738892	0
000120001003	0.543667	0
000010212202	0.889567	0
100100001240	0.687404	3
220011100002	0.813839	1
000120002112	0.410705	0
121102022000	4.600525	0
020220011211	1.497082	1
000212300111	0.532933	3
120100010140	87.533998	0
002011000010	0.366653	0
001000200100	0.608100	0
102222002101	0.642751	1
001020210020	32.559229	0
100001041012	1.004782	3
201001102022	0.752491	0
021101001200	0.721142	3
010002300201	0.803437	3
101120000012	0.705557	3
024140224144	3.347689	1
102210010100	112.994103	0
122110	15.880500	0
000010042021	0.524377	0
020102200000	2.390128	0
012002000221	0.455717	1
100010201021	0.342116	0
221121121200	97.056899	0
000100221010	1.099257	0
110210022000	0.706066	3
100000210202	6.213598	0
201202001120	1.055108	2
000020300102	0.293317	0
110220210102	0.866256	1
002102001211	1.030095	0
220020112011	0.740116	1
110220212010	1.535106	2
202020211200	0.812604	2
020102120140	6.645776	0
021021102020	5.683073	0
110200211100	0.154154	3
000001220210	0.813893	0
012210000002	24.084554	0
000000301100	0.462818	0
102002111101	1.623781	0
001120112120	0.660174	3
022110200212	0.775103	0
200000040003	0.017266	0
330020333220	0.133539	2
102120221010	0.755123	3
221120102023	12.625616	0
220020111220	0.719017	1
020110210000	1.295481	0
001000112003	0.734943	0
010002020120	0.846230	0
120000120040	2.391145	0
001001102202	0.730102	0
012020000010	0.342367	2
110000001011	0.855031	3
002210	16.117823	0
100012002022	0.606369	0
201201000100	1.835941	0
112011211002	0.747694	3
221012100021	0.745142	2
202210011210	0.732347	2
112221212111	1.553369	0
021010001023	0.794549	2
211000221020	1.210963	0
000001001111	0.686721	0
011020000001	2.283025	0
202201000102	1.035345	2
202200000112	0.841851	2
001001120000	0.724927	0
012020022212	0.753994	2
010001221200	0.483779	0
122120002012	34.412184	0
022200310200	0.832183	2
212220121012	1.274165	1
011000202011	0.828022	0
004053224345	0.131030	3
220012000020	1.059783	2
001121001022	0.660718	3
000001320000	18.280855	0
020000111010	0.630275	0
012000220001	0.805529	0
110100221202	0.702697	2
001020022020	21.807708	0
202120000010	0.619861	1
220000111010	0.373107	0
220012100000	0.576600	2
121201200202	0.676443	3
004153024353	0.575233	2
010020100000	1.533143	0
022011100012	0.867293	2
210112121202	1.418027	0
020022001211	0.778294	1
002000042022	0.848625	0
002101002201	0.707329	2
011211120102	0.721501	3
212202101003	0.712533	2
121022212221	0.628905	1
022110320020	6.050773	0
202100001012	0.845247	2
001121040001	0.435949	0
001020000222	0.712182	0
001012040011	0.638814	0
202201001000	0.772347	2
000100020240	0.721215	0
102200012000	13.622431	0
100000100200	3.292941	0
002120300212	0.711035	2
010010000020	0.216584	0
101100102010	0.789548	3
210102020220	1.576200	0
001010122021	0.657994	3
110001210040	0.444084	3
200000101100	1.459187	0
100012041000	0.671161	0
102010040021	186.600404	0
101120202023	0.603326	3
001000241011	0.607337	0
120011010200	0.788161	3
000202302011	1.648319	0
201112000222	4.017471	0
021020020043	39.181653	0
201210002121	2.185707	2
112102222201	0.822449	2
210033000333	0.039574	3
014041024044	0.117692	3
210210100100	3.478915	0
100010200011	0.711251	0
000001012222	0.704497	0
332011	7.300520	3
220221010201	0.942110	2
100000122002	0.824828	0
120010000111	0.828396	0
001012041012	0.539229	3
210102222000	1.193719	0
100101101000	0.819114	3
220001102102	0.734201	2
001020021020	1.208327	0
022120120010	1.406334	2
001020020023	12.498823	0
211002142020	4.693374	0
021202	0.133417	1
110200220003	1.247835	0
011120020010	0.771236	3
110200221000	0.637153	3
000022002011	0.196584	0
020102110040	3.034646	0
121201110140	0.443428	3
000002200001	0.556084	0
122122002011	17.487000	0
002000201020	0.202234	0
000110202002	0.772668	0
000200320002	0.785822	0
100010010122	0.706085	0
332022333201	0.606679	1
020021210001	0.967530	0
210210101002	16.173700	0
112001241012	0.565400	3
201020002011	1.729858	0
012200000010	13.835345	0
120212212110	0.774188	3
210021002212	2.101847	0
112000212202	0.503395	3
120000100013	0.823412	0
012220001012	0.819285	1
110122022243	0.758026	1
210101020000	0.847558	2
221002101040	8.087982	2
011010100021	0.888127	3
331112	0.896447	1
100100000201	0.112432	0
100233112333	0.753717	3
222202	0.655988	1
011000222000	0.257908	0
221000100003	0.150038	3
211202211120	23.664093	0
112102221121	0.655872	1
020220010221	2.314795	1
221012111221	1.325565	1
012010210010	1.074419	3
101010242022	0.904571	2
120020000001	7.873049	0
001022000111	0.277148	0
112012001001	0.851709	0
012111022212	0.769431	1
100210000240	0.435279	3
022221012112	1.360550	1
020011010200	0.355290	2
220000122021	0.701880	0
200112200102	5.739708	0
000201010121	5.169423	0
120200110210	0.553085	3
100122200001	0.396668	3
200010141001	0.918895	3
221002101010	0.780711	2
200212000102	0.801961	2
330120333010	0.674532	1
200020201011	1.209781	0
010112020243	1.051754	0
202222111111	0.854728	1
100021001111	0.883442	3
001202300111	0.814725	2
102020141010	0.557011	3
022211000202	0.881310	2
200200110120	4.110658	0
200100111200	0.706581	0
000102300201	0.163092	0
112021001002	0.772998	3
001022201011	0.868463	3
200112001002	1.971841	0
012101020201	0.495711	1
000000202120	0.715173	0
200211202102	0.925630	1
000001100100	0.335006	0
002000110040	1.052081	0
202201300122	0.832858	2
111100222000	0.821229	1
001010040001	0.234026	3
210012021200	1.131131	0
210000040010	1.482266	0
330000353222	0.788990	3
200020000111	1.015221	0
210202120101	0.798072	0
020121211201	2.691372	0
210020020010	1.640640	0
101010012022	0.833679	2
121020100000	26.267365	0
002220211013	0.740216	2
201220011110	1.624319	0
002010001020	4.627369	0
100110000222	0.724139	0
000020020200	1.020299	0
210222000111	0.788193	2
210020110000	2.305760	0
022020102110	1.493927	1
000001220040	0.940529	0
101001002011	0.475474	3
020000110043	2.071411	0
040421540412	735.104083	0
220111120202	0.850809	1
120210010042	0.851661	3
022201210102	1.293128	1
020000101010	0.435825	0
330020	0.679586	2
021021010020	6.521836	0
021200220003	0.752105	2
100020010011	0.710344	3
330202333202	0.718500	2
222010101012	0.297307	2
022101120200	0.621436	2
120012000101	1.275233	0
122020102000	7.978844	0
001120300020	0.709689	3
001120000120	0.505360	0
020000201011	0.760941	0
001120100210	0.788616	3
100210220100	0.766706	3
330010333021	0.039253	3
121012122222	0.813825	1
102000041010	35.293028	0
002010001111	0.785504	0
010121020000	0.606783	2
200111	0.148473	1
210002101010	12.827433	0
000011001122	0.658157	3
020122001121	1.449698	0
000020302201	18.733910	0
202010021200	0.812417	0
332011333012	1.478562	3
022011102212	1.083117	1
021210011220	0.637815	1
210011212212	0.749673	3
022212210110	0.846847	1
020002300021	0.787696	0
000022141020	0.758671	0
001120001022	0.839246	3
000011002202	0.631740	0
111000202011	0.594383	2
110220211121	0.621072	2
334241	14.741140	0
330201333022	84.192854	3
202001040010	0.355046	2
210000220200	0.395084	0
002010200011	0.995266	0
000122120101	1.131927	3
022120201000	0.816220	1
020001111222	0.868467	0
200120022012	0.733993	1
102010041011	42.074268	0
000011200022	0.752917	0
242400	0.663790	1
000002300041	0.732670	0
020000112240	0.868683	0
012021001212	0.459720	3
221101121221	0.556975	3
200202101120	1.092775	2
002001300110	1.827978	3
202000211020	0.453576	0
101201100001	0.823382	3
100020010010	0.428416	3
002010202010	2.505108	0
120012000100	4.803209	0
100100001200	0.529493	0
000100221003	0.608334	0
202000111220	1.733838	0
000010222000	0.306017	0
201122100211	1.136503	0
011212000001	0.829340	3
010110221122	0.812491	3
001002300040	0.743298	3
001220000122	4.300695	0
022111211212	1.314216	1
002010220212	0.870853	0
200102000020	3.400710	0
012020221010	0.853531	2
020102020140	5.238113	0
000000011100	1.610778	0
010000022020	0.942319	0
212001201011	0.775247	3
121010101023	0.909501	2
330010333011	0.984014	3
000011010202	0.308463	3
200200121010	5.505947	0
000221022101	1.158673	0
210001000002	0.534545	0
120100121012	1.045271	0
000012102022	1.160800	0
000011201002	0.586581	3
140420441420	3.302639	1
122011000012	5.000350	0
102122000011	0.022083	3
000000012220	1.290871	0
201002011100	10.449241	0
000110010100	0.440404	0
022111002212	0.748415	1
021022110001	0.814192	2
120020022010	0.897562	0
041410542421	0.725314	1
000210300220	6.194274	0
201010102022	0.837621	0
024040304144	0.487746	1
010021120000	0.780361	0
011010220020	0.685692	3
000000000012	0.387486	0
110020201020	0.822743	2
000000300112	0.109983	0
002200012020	2.033002	0
222011121122	0.843959	1
221010110020	0.766981	2
330212333012	2.048744	3
021002202010	0.684721	2
012010210011	0.773393	3
112102021200	1.255803	2
212201101010	76.467869	0
022001000211	2.669098	2
202112001021	3.193886	0
000021002222	0.722832	0
122220211211	1.467911	1
001001241010	0.635557	3
010200120041	9.503264	0
020000000222	0.730321	0
000001201000	0.455802	0
100000300002	0.116821	0
122000220000	8.795206	0
020200112200	0.625891	0
020100102020	0.803990	0
200201120043	0.776902	0
010002100140	0.369945	3
222202111110	0.763720	1
012220020100	0.840106	2
120102010040	5.260183	0
102122112111	0.769245	3
000000000242	0.179824	0
110012220002	0.675892	3
210210022000	5.242766	0
120000200002	12.090299	0
000202010120	0.449680	0
020012001112	1.212157	0
332001333202	0.633752	3
110100222001	0.827461	2
001200040010	1.108262	0
010100121000	0.538560	3
020100120222	0.781679	0
021220212023	3.871084	2
200101000002	0.795985	2
002000002021	2.525902	0
000201301102	0.830836	0
020020000012	2.360465	0
202000011003	0.265634	0
002010040002	3.185678	0
020020002100	0.823213	0
020102010102	1.895364	0
012011002112	0.756819	3
211102121000	2.169151	0
001010040000	0.194317	0
100210102002	0.704095	3
210012020240	0.708836	0
021201010140	0.237537	3
122020022010	6.794332	0
331000333122	0.771326	2
010001300200	0.456775	0
000021001102	1.240618	0
100121042002	0.512535	3
002010001021	6.448887	0
020012000010	3.215048	0
100101000200	0.056340	3
101001002010	0.278205	3
020220111201	0.764010	1
021110020022	0.406543	3
100012042012	0.665450	0
000020120200	2.688968	0
112211212212	30.283757	0
002120110010	0.677911	2
000102300222	0.244005	0
020000000013	0.270638	0
002002340021	1.599551	0
210102120220	2.084532	0
100210002011	0.757268	3
210012000021	2.796015	0
000220300122	4.940417	0
000111022200	0.770438	2
021020120043	45.099631	0
120020202003	38.758920	0
012102021200	2.611433	2
010212000100	0.375328	0
012102020203	0.518563	2
112012202000	1.819573	0
100010200010	0.758532	0
330012333001	0.050174	3
220122111121	0.842242	1
000000000143	0.119468	0
100100210102	0.508544	3
200100000002	1.379779	0
122022102011	0.877380	2
010021011000	0.854555	0
002002222010	1.560874	0
020002010200	1.418692	0
202012000221	3.778162	0
020102010040	0.460537	0
100002002003	0.554562	0
100001002012	0.709166	3
021101000240	0.279720	3
000002000002	0.220813	0
042412441412	0.547793	1
000010020240	0.811247	0
000011040001	0.668167	0
121220212212	4.392306	1
100001000100	0.393973	3
021020020012	8.461097	0
002021021012	0.854716	0
000022021021	0.820332	0
010002210110	0.773064	0
200000120140	0.260949	0
001002001100	0.692406	3
112210212212	17.362528	0
001001000112	0.591881	0
000002022200	1.544820	0
011010000021	0.400785	3
101000002010	0.028440	3
100100000200	0.029323	0
011121220020	0.726985	3
020120300100	0.939653	0
021020002210	1.632441	0
222010142020	0.767710	2
022020022010	1.434584	1
000201210200	48.010144	0
000220010040	1.000581	0
212002021100	1.075743	2
000211001222	0.844995	3
012100120140	0.356323	2
000111200202	0.639780	2
021201002220	0.717901	3
332012333221	1412.998616	0
120120000110	2.608179	0
002222001111	0.662233	1
200011020012	0.560624	2
001000302000	0.588910	0
000100300210	0.748901	0
200210112100	1.621249	2
001100020241	0.662075	3
012020000011	0.670620	2
120100220101	2.584275	0
220021000010	1.512471	2
330212	0.722317	3
112220222003	1.300508	2
210210102100	1.249979	0
332200333002	3.084472	0
000010010202	0.575921	0
120020220003	30.458468	0
211000120003	0.668070	0
022110021112	1.636813	0
012202112110	1.059135	2
021000202000	0.340334	0
110220011200	0.720369	1
020220110003	0.586262	2
000000220203	1.034550	0
110021200122	0.793443	3
002000141010	15.854236	0
122101222020	0.726803	0
100000011100	0.692777	0
120112210100	1.779935	0
000201000042	2.745533	0
221000111011	0.770065	3
100212210122	0.876104	3
200233120353	1.085020	1
024041004044	2.527524	1
120120210212	4.687467	0
221101120000	0.383895	3
121102012100	2.552487	0
200112010202	3.091676	0
141410542421	0.603568	1
020010211200	0.666113	0
021210212221	0.397983	1
220001	0.112687	2
210002001022	1.180190	0
100022041020	0.717819	2
200011221112	0.828298	2
200021010212	1.757577	0
110220210000	1.084615	2
000012120122	0.833414	0
112012221020	8.744362	0
012121022111	0.623984	1
010020000000	0.800414	0
020000212203	0.681369	0
002012040012	0.270531	0
000200202120	1.810595	0
122033102333	832.374699	0
022110320110	2.080816	0
120211212101	0.833088	3
112010212012	0.606909	3
024140214044	9.005880	1
001101002202	0.733242	3
021120020011	4.699258	0
100122020101	0.498234	3
000100002120	0.702202	0
000001300112	0.537855	0
120100020040	50.353356	0
100020212003	0.866617	3
220000111023	0.828174	0
120200211110	0.707472	3
000022020011	0.554550	0
200010010022	0.761198	0
000122340101	0.068000	3
210212120100	3.063778	0
100120002011	0.333175	3
000000320140	133.984275	0
000220300010	5.260615	0
000120101003	0.729884	3
021022300001	0.839645	2
022212211111	0.820532	1
021000000001	0.200899	3
022000011000	3.553812	0
112021202002	0.726734	3
000002320022	0.666618	0
010021010202	0.807897	0
012002011003	3.498108	2
121201212100	0.371914	3
100211300202	0.783309	3
021121020222	23.873881	0
200210302002	0.791995	2
022111110212	0.796328	2
012000102023	0.739382	0
200000110040	0.253212	0
000021041011	18.853041	0
124040204144	242.408509	0
100010201020	0.223324	0
124240014144	58.540510	1
200222001101	1.415948	2
000121220202	0.872860	0
020221310201	18.672104	0
110200200020	1.447958	0
120211010100	0.336979	3
102102202210	5.012145	0
220020110210	0.790359	2
122012200011	0.833216	0
212202112203	0.687047	2
201000021020	1.357979	0
000010302001	2.220868	0
201101002022	0.798233	3
200100040011	0.663758	3
000200320140	0.559658	0
022101300201	0.735335	2
010022020221	0.760853	2
102000002120	0.892860	0
001122001101	0.572825	3
100020102010	0.386120	3
000212000202	0.308464	0
040400440421	10.796720	0
220101110040	0.720861	2
110021042002	0.754645	3
210202112100	1.596086	0
101000002122	0.430748	0
200010200012	0.605574	0
200121000221	1.122008	1
021100100000	1.018311	0
000202110110	0.824477	0
002121000011	0.656171	2
002000201013	0.907994	0
022101112201	0.949246	1
002000200010	1.158407	0
002121300111	0.721683	2
002212000101	62.796808	0
001000222000	0.265540	0
000010300122	0.059687	0
011102221040	0.706690	3
211011202222	0.677192	3
000020120011	1.243785	0
201122300211	0.917274	0
210200101003	24.336303	0
101122001011	0.441331	3
330020333210	0.169845	2
122022102111	0.776695	2
210200100000	20.551260	0
101011040022	0.812811	1
221012302222	1.074582	1
020012300020	0.794225	0
112102220111	0.877031	2
001012041020	0.121510	3
110021200010	0.454494	3
100122010001	0.754398	3
110220220200	0.594148	1
002020201012	0.447318	0
010211000022	0.441271	0
002120300010	0.322004	2
201012112221	1.515026	0
120101120200	9.155108	0
120012010222	1.125502	0
332002333002	0.515450	1
000033020333	0.007803	3
014041014144	0.142659	3
102122000111	0.158523	3
110002211010	0.817112	2
200021222010	0.804635	0
040400542421	1.589911	0
001011012222	0.888029	2
101012202020	0.715195	2
200133000333	0.288729	1
102120010212	0.836780	3
202110101000	0.829068	3
200212000110	0.990406	2
110001220140	0.458131	3
211012000222	4.521739	0
101201000240	0.676529	3
020212	0.184689	2
000021000121	0.806638	0
122220112011	1.684286	2
041410441402	0.519144	1
200002000222	0.824272	0
000001000120	0.374538	0
210021011012	1.173723	0
020211011112	0.668653	2
022001000000	0.394962	2
000001300020	0.124991	0
001012040022	0.277267	0
002020002000	1.527898	0
211122000121	0.932878	0
020110000040	0.817678	0
212102021100	1.114318	2
001020020010	3.226629	0
201012221122	1.063288	0
112202221011	0.739927	2
012202120102	0.754280	1
100112200241	0.741333	0
122021202010	1.765046	0
010100021202	0.788126	3
210012001002	1.905036	0
010011200202	0.671596	3
210200120210	0.715224	0
220120101021	1.421685	1
021000001023	0.974316	3
000000040001	0.902216	0
200102000120	8.631430	0
220100120002	1.994389	0
021002112003	0.878356	2
002120300111	0.658823	2
211200102100	39.335720	0
010210000022	0.373644	0
122001001011	0.750755	0
020201210102	0.459286	0
331202	0.522654	1
100122002001	0.143576	3
220102110103	0.834311	0
000020020001	1.956796	0
221220012112	4.522501	1
001010302022	0.736691	3
002020101112	4.072331	0
020210010010	0.770638	2
000000220100	3.165598	0
014153124353	0.779486	1
001022002201	0.713723	0
200120110000	1.207058	2
222000001000	0.388702	2
220200112020	0.541750	2
022221010202	1.210979	2
111220212020	3.597064	2
122202011003	0.620241	2
222000000003	0.613716	2
022102010120	1.639658	0
120200112100	0.778023	0
220221110010	1.154855	2
021200212010	0.773975	2
002210020202	22.432570	0
000020022110	12.064830	0
021000000021	0.639496	3
012000212000	0.639741	3
220001000201	0.764532	2
101001102202	0.759388	3
220102112220	4.580713	0
200100300021	1.546816	3
220221010000	0.937286	2
002110220202	0.605831	0
220100121100	0.749767	3
021220112023	1.637527	2
100110000020	0.510067	0
000010210012	1.045107	0
200200112010	1.904106	0
024041014044	1.008109	1
211112010122	1.196679	0
020100210001	0.929690	0
102020000112	1.696103	0
200200120020	7.507459	0
000000021000	0.761699	0
001122300211	0.797568	3
000100140000	0.541820	0
012021040002	0.437297	3
350420353400	0.123308	1
012112220202	0.900391	0
112202011203	0.803447	2
101200002011	0.708329	2
210200320100	1.052172	0
002100122003	0.837263	0
021120002020	10.185784	0
100011200122	1.035508	3
120201211110	0.630616	3
120210212022	0.854090	3
000012200000	0.989150	0
012021000222	0.327403	3
101001212220	0.815773	3
002000111000	0.503640	0
221001111142	0.868659	3
221102101200	3.835749	0
110021220000	0.590165	3
000011201012	0.463031	3
202212010101	1.167050	2
021110010122	0.789335	3
010011020142	0.591988	3
020012001020	1.587240	0
011021202012	1.094880	0
200202100110	1.181734	2
010201020201	12.336933	0
202001041020	0.397103	2
002010000011	2.138783	0
200210001002	0.734163	2
010200120102	1.249743	0
012021202010	0.552668	3
212010202000	0.403713	0
022010120003	0.840475	0
021100022101	0.765656	3
001220020200	4.729549	0
010020200100	0.617345	0
100121220202	0.687042	3
001022300201	0.113932	3
102033022333	173.819645	3
000122002111	0.586380	0
200001100140	0.777173	0
021101100000	0.830420	3
020122000111	51.700083	0
010102022200	0.990773	0
000012001100	1.138695	0
100122010241	0.769733	3
210020221000	2.393136	0
000233210333	0.084404	3
124240014244	32.960699	1
021201110220	0.620202	3
200210210020	1.126879	1
012002001000	2.071621	2
212000201003	0.210448	0
110012210102	0.554488	3
200210300000	0.155182	2
012001000012	0.499555	3
112112222200	25.951740	0
120102020140	49.578883	0
331000333010	0.474273	2
210011	0.133888	3
102000040020	16.365492	0
330221333020	18.400685	0
001121101221	1.152109	3
112000221001	0.750689	0
012021210212	0.757817	3
100210012100	0.879710	3
200200222010	2.432692	0
001101120202	0.622298	3
102122101011	0.393442	3
002021300112	0.416770	3
012021001012	0.437309	3
122020212212	1.882315	0
010100122120	0.735287	3
112010210000	0.705931	3
020100120001	3.803927	0
202211201012	0.729920	1
200100000023	0.727622	3
102212	46.660978	0
021100100043	0.504367	3
200200010203	6.585766	0
010020002000	0.820509	0
000011201022	1.074791	3
021000112100	0.628915	0
000200000121	2.528043	0
101122122021	0.712278	3
210000221200	0.903886	0
210000220203	1.125308	0
102200211000	7.984421	0
221000110002	0.766343	0
101100000201	0.749619	3
202200101101	1.166556	2
000112300200	0.478300	0
000002000023	1.971880	0
120002111010	0.848508	0
121122002021	16.672788	0
110101220200	0.361852	1
121021110000	5.838896	0
021100020000	0.761862	0
201122001211	1.837268	0
350401353402	0.208769	3
100100100200	0.234888	0
000122000141	0.651113	0
120012000001	1.780912	0
200020200011	0.801916	0
330200333222	0.304647	3
100010020001	1.008467	0
212010001002	0.809452	0
201001222022	0.600370	0
332012333000	12.381435	0
201200000000	7.105381	0
200201220240	0.775655	0
210001101002	1.177158	0
221020121000	65.765292	0
200220020000	2.100391	0
024140104144	0.935462	1
200012010001	10.546306	0
112220212011	1.331713	2
021001320240	5.450089	3
330010353001	0.204294	3
002010000111	1.764637	0
202200000002	1.565198	2
100210220000	0.568308	3
101002042020	0.641848	2
000100001021	4.020986	0
334241333244	4404.714203	0
100100122200	0.764040	0
011122201021	0.721365	3
201112000020	3.397497	0
000002100200	0.872842	0
110012020000	0.721790	3
102000200020	6.377912	0
121001202011	0.848270	3
211002200000	7.320120	0
000000020202	0.207451	0
100100100002	0.590041	0
002121	0.143633	2
010100221100	0.181099	3
120033212333	0.164160	3
211102222220	2.585661	0
020000100010	0.479587	0
222011111012	0.777909	1
201010040000	0.674805	0
210020111000	1.595574	0
002010001120	1.582390	0
102000002200	90.281213	0
000000222022	0.833539	0
022200010112	0.743635	2
330112333202	0.356560	3
022201110211	1.117668	2
211102221100	12.626949	0
111022212001	0.673610	1
200100300011	0.861468	3
021220110200	1.533103	1
214240104044	0.655300	1
200001101000	1.143958	0
021000000011	0.602139	3
112002200200	0.604668	2
000012040000	0.107960	0
010200120140	2.052528	0
000010210022	0.778267	0
121001220200	0.576776	3
100210300240	0.844100	3
011222200121	0.769152	3
100202020102	0.415110	2
200200110020	14.068292	0
222001101003	0.784388	1
022211211102	0.710939	1
000102000201	0.465959	0
100100101100	0.699946	0
112220202003	1.043638	2
100000041020	0.230171	0
210102120001	0.685497	0
201000102010	0.313458	0
021120020211	1.522912	0
210102221110	1.195798	0
002010000022	14.967016	0
001122300221	0.367377	3
120122000001	18.252917	0
002210010100	55.492517	0
020211002212	0.726691	2
112002241000	4.733050	2
120100200201	7.134474	0
012011000212	0.513803	3
000010302000	11.977735	0
002000201023	0.778177	0
001000010241	0.933037	0
200100040022	18.405672	0
022201300200	0.662653	2
021002220020	0.842766	1
020220310221	0.759365	1
100021102010	1.871827	3
041420442421	16.779443	1
112102220121	0.702751	1
112222221211	0.844321	1
210202222100	2.728715	0
102122202011	0.525812	3
000100100043	0.293657	0
101000002111	0.646844	3
020211002112	0.830667	2
010111020202	0.510735	1
100101212201	0.741638	3
201012001220	2.001811	0
001020101003	0.930216	0
022210210000	1.893985	1
120000100010	0.468521	0
001002100100	0.767273	3
120211010142	0.666977	3
000110000010	0.561801	0
002021112212	0.262689	3
210033001333	0.135504	3
014041024144	0.145451	3
000201300111	1.012948	0
101201112200	0.722796	3
020020001001	6.025629	0
012102121203	1.733597	2
010212300101	0.585733	3
011000201200	0.791035	0
100011041012	0.834693	3
000002000101	0.288924	0
211033101333	0.803857	3
002200221003	2.464992	0
010010020100	0.538041	3
200000100100	0.376098	0
210033110353	0.374626	3
201012022120	3.358819	0
120000111000	0.891888	0
201211000102	0.840249	2
001020020020	6.058857	0
101002002001	0.566408	2
121120002023	202.533286	0
120010000011	0.723295	0
000002040022	0.547103	0
122022102110	0.763461	2
001012040012	0.556003	0
010020101000	3.074682	0
112012221121	0.807395	0
022011101012	0.501257	2
000022201211	0.814238	0
021202010100	0.583221	1
211010212020	0.905412	3
102101000220	0.796731	3
112210201020	12.923770	0
000210100122	0.691790	0
022010121012	0.855526	0
000002322100	2.810463	0
012012022000	2.079802	0
011202110140	0.760086	3
100100220041	0.748062	0
000000100210	1.622308	0
121120222010	2.016327	0
100120120003	0.859760	3
010000220143	0.724009	0
010200010201	13.683190	0
100211221102	0.836066	3
102202001100	0.898592	2
020120020222	29.481541	0
100122121101	0.651156	3
201102002001	12.871259	0
000021320002	78.352976	0
024053024345	0.943280	1
002012020212	1.018912	0
110001220102	0.985360	3
020100222003	0.618438	0
022121020211	2.395444	2
012202212010	1.651728	2
010002221100	1.173353	3
211012202021	1.827410	0
201201001102	1.665408	0
211000200010	2.332763	0
000010200001	0.786864	0
111220212021	0.923185	2
000110	0.258044	0
200102000201	1.070643	0
010000100020	0.441699	0
100010020220	0.833218	0
101121022000	0.791689	3
200012120000	1.118374	0
212022100111	0.805833	1
000100000211	0.464304	0
001011002022	0.237026	2
020022010221	1.115061	1
111000222010	0.676049	2
222210110020	0.842197	1
201000011020	0.726996	0
001121000020	1.755868	0
210100221100	0.482137	3
002210210211	1.212187	0
001221010200	23.645664	0
202100001220	0.725759	2
021122020201	10.404059	0
220000111222	0.824908	0
002102010120	1.830207	0
004040114044	0.095745	0
010001220200	0.196783	0
000022010241	0.489617	0
004142014044	0.535128	2
000112320122	0.767969	0
201201211200	5.878286	0
110220110200	0.389605	1
202010141010	0.777467	0
110001221000	0.467003	3
104240224044	2.564809	1
110000000011	0.723590	3
121121102212	24.391221	0
101122040001	0.844062	3
221012101021	0.663323	2
210200110140	0.429887	0
104240	4.195608	2
002102000211	1.690457	0
211012000020	8.714172	0
220020112111	0.779028	1
112222	0.294346	1
210100000201	0.733194	3
200110010201	0.521306	3
000120200100	1.099692	0
022011201112	0.713135	1
101000302000	0.820144	3
011200212000	0.969124	0
201202001020	0.712447	2
001022320021	0.807978	3
120212212122	0.812864	3
200210122100	0.603978	1
010200212200	1.103196	0
014042114044	0.445259	1
024040024045	1.590184	1
101122202121	0.341224	3
021201010022	0.853581	3
012012220001	1.092185	0
112220212003	2.675350	2
211001202200	1.149262	0
201122001000	0.920061	0
100020210200	0.695183	3
022010002003	0.816753	0
100012102012	0.777217	0
020100021010	2.269131	0
100001040010	0.552412	3
001010222022	0.829937	0
210211210142	0.857171	0
110200210100	0.167249	0
221100002012	0.712245	3
200211300101	0.804332	2
100210101002	0.738176	3
000000300100	0.023175	0
102000002021	6.868286	0
201202001102	1.080134	2
020212010101	0.609098	2
211002202020	1.820869	0
201121001220	6.297152	0
110022200101	0.658998	1
100000242003	0.548748	0
000120001000	0.702768	0
022000110000	4.723594	0
001002040000	0.040868	0
102102200200	3.836387	0
000220300111	5.905576	0
021000300000	0.287594	0
010020110000	0.389807	0
100100210140	0.094874	0
120011220200	0.734871	3
102100102020	0.445083	0
112012211020	1.591765	0
110220220000	0.669481	2
004140324044	0.804237	2
000220201000	5.882229	0
004140024144	0.032878	2
022000300002	0.738461	0
100002040012	0.750524	0
010000120243	12.326525	0
000002040110	3.932418	0
211002000200	3.594769	0
100001000140	0.712429	3
111201220240	0.588166	3
200010102000	0.578676	0
021021010202	2.021875	0
020001300222	2.485024	0
011210220000	0.573161	3
010033200333	0.032935	3
210002202020	1.522880	0
332002	3.386260	2
010012110002	0.325729	3
100210100100	0.680660	3
120002010200	8.011304	0
212010241000	0.611787	0
102121100212	0.728466	3
202110000000	0.784936	3
010100020211	0.773744	3
200233210353	5.512287	1
200133101333	0.770246	1
222200111200	0.725433	1
020110221100	0.770509	0
000120020202	0.792687	0
210102120210	3.954047	0
012202000002	0.836930	1
000100001221	1.486648	0
000001041002	0.492581	0
221022111111	1.497573	2
001021200020	10.845029	0
001012001000	0.470500	3
120022220100	0.961173	1
000012320000	3.844026	0
012202021102	0.813008	1
001101	0.145080	3
210200120040	10.438076	0
001020121010	0.724028	0
022121211211	0.745848	1
000120002000	0.348705	0
100220000101	0.949380	2
000001300121	0.562803	0
002020211012	0.607854	0
000121010000	0.813713	3
221012212121	1.200638	2
000001000021	0.162629	0
004142024144	0.487970	2
121012002021	0.668673	2
021102022010	0.814354	0
002012000100	2.537472	0
334240333044	0.875554	1
200021120002	0.779094	0
000010010240	0.490589	0
210200000003	7.311478	0
020220010010	1.114790	2
200212000121	1.760688	2
012211010002	2.231354	0
020000110120	1.112980	0
221001100021	0.816627	3
211010222120	1.082016	3
000222122100	0.580685	2
012202001100	1.013490	2
001012300002	0.772574	3
000201110200	22.632210	0
000022200221	0.782393	0
221110101122	0.824386	3
121200010003	0.542191	2
220100020200	0.911604	0
020022300221	0.714136	1
000112020102	0.765661	0
222121	0.317837	1
011202200100	0.764511	3
200000002210	1.152343	0
224040114044	0.558017	1
012202222110	2.208019	2
100100221000	0.312916	0
012211212222	1.489344	0
121220012110	0.835393	2
004042114245	0.702153	2
002120122011	0.873795	2
210021142001	1.238107	0
010120222201	0.902480	2
001012041121	0.767500	3
122011010202	68.656476	0
332021353002	0.314209	3
001110001021	0.571364	3
020102021000	8.016584	0
112100200020	0.811599	2
212201101020	278.225857	0
000000041002	2.453449	0
102000102002	19.459652	0
330212333022	0.251330	3
210200011003	1.740448	0
021100010100	0.709040	3
102010000000	47.385589	0
022021011112	0.811991	2
220220	0.328396	2
000110000201	0.425205	0
002021000212	0.128180	0
101021002200	134.201726	0
201211201122	1.256036	1
100121010000	0.808204	3
100011212212	0.716118	3
100100210240	0.324878	0
000120300140	0.733143	3
200220010100	1.037588	0
112000212221	0.804283	3
001200040020	1.310596	0
120100012000	1.279781	0
002112000202	1.762212	0
020201211101	0.813073	3
022010300012	12.637498	0
200000202200	1.788054	0
001100	0.420901	0
000102221100	1.495642	0
100200010240	0.474550	0
000222110101	0.502593	2
221020122220	0.919672	0
012021000022	0.364503	3
012011002122	0.644520	3
102100222012	0.820084	0
010201200040	54.846823	0
224041	0.723686	1
220101020200	0.483918	2
000000000043	0.357151	0
000202300120	0.305906	0
001000340210	0.660410	0
011002010200	0.828422	3
121000202003	0.318831	3
201211222222	1.099909	1
000000001040	0.290551	0
000200110200	1.683473	0
200011021012	0.832542	2
211220000010	27.966255	0
211200210000	4.032643	0
011021000020	0.837300	0
001222010100	0.709467	2
120220010010	1.254731	2
001120300012	0.834910	3
200233210333	2.626107	1
200102	11.066825	0
001010202021	0.326432	3
000222300101	0.057895	2
201233102333	5.944948	2
111220212121	1.102766	2
021002000110	0.809948	2
212001201022	0.622802	3
221201111140	0.240311	3
022002000001	3.434419	0
120233200333	0.266860	3
020000000023	11.751253	0
000102300212	0.452433	0
212102120200	1.991189	2
000020020100	16.564911	0
012100020201	0.777466	2
211001201020	0.726691	0
001020101011	0.715527	0
000200010023	38.193023	0
201210010121	0.738474	2
022001210200	0.793010	1
020001010020	1.067247	0
010020200001	1.386517	0
021100022000	0.277228	0
201000042100	1.360527	0
021021300000	137.951285	0
100120200100	0.416945	3
201000212040	0.712024	0
004053104345	0.127977	3
110000000200	0.806159	0
222001111000	0.663756	1
000201020141	19.848954	0
201020040013	0.834974	0
022100000200	37.166939	0
102033100353	559.342837	3
201011022122	0.783481	2
020102010140	0.268148	0
200102000010	1.925699	0
332000353002	0.488189	3
002010001012	0.553078	0
002110010000	0.789064	0
200210000001	1.746519	2
001220000112	6.651069	0
100012042021	0.564112	0
102120000000	0.664658	3
000011020202	0.364891	0
002210210000	7.377958	0
212202221003	1.607212	2
210000122010	0.767958	0
120102000100	143.844678	0
024040104044	1.051651	1
121210212211	0.752396	1
020002110141	0.914474	0
202112001012	8.852674	0
000010021022	0.785598	0
122000110000	7.028156	0
010222	0.186923	2
022211010010	0.951528	2
100120000003	0.124855	3
002100010002	0.796549	0
002200222000	3.180858	0
022211012102	1.305383	1
330120333022	0.375349	1
120210111202	0.849772	3
011020000022	0.570014	0
024153014345	0.682523	1
012012042000	8.404491	0
100120120011	0.806180	3
000212101102	0.782774	3
000212010121	0.939021	0
002010300010	6.351464	0
120012200241	1.788313	0
202100042000	0.514509	2
002010000110	1.732873	0
221100102001	0.667630	3
001001200000	0.148126	0
220000110201	0.765045	0
210001100200	0.636221	0
100000300040	0.065552	0
024141	5.960298	2
002001200002	0.767110	0
220000220000	0.516970	0
000022300122	0.549593	0
014041304044	0.713301	3
012012000021	12.888297	0
100010210002	0.803953	0
002000000103	0.775188	0
021020001011	0.524896	0
000200001100	0.732769	0
010210300002	0.539982	3
101201010240	0.780659	3
000211010212	0.421485	3
210012100101	1.736892	0
102102041110	1.401570	0
010010000003	0.814545	3
211200110100	0.848950	0
001202010101	0.797373	2
021002021100	1.133963	1
020021002001	1.937936	0
012200000202	3.196518	0
210102020203	9.949887	0
201210121220	0.791302	1
100120000220	0.572893	3
112102221000	0.161776	2
211002142003	1939.003384	0
332021353011	0.145846	3
020200201000	0.748769	0
022000122203	0.894266	0
212011221010	0.686069	3
222000121003	0.041935	2
220011121012	0.567294	1
221221110012	1.995283	0
000100300141	0.636850	0
001000220102	3.712192	0
100220222100	0.865607	2
121012220020	0.717074	1
002000201003	0.674952	0
202102211120	1.173787	1
100021000122	0.710021	3
200022020000	0.878554	2
010000142003	0.479291	0
010010210202	0.752594	3
210101222203	0.684713	2
101122200211	0.725764	3
332210333000	735.792163	0
202202021110	0.819300	1
040401440412	0.057120	3
010122202103	0.832881	2
220101112200	0.658220	2
002021111112	0.811386	3
102122222011	0.592070	3
021020101020	37.380069	0
121012202222	1.873392	1
211102221200	10.629839	0
020120320001	15.401164	0
122221212010	0.543498	0
122111020202	6.141304	0
112012212212	2.505575	0
002120300000	0.214968	2
112102220102	1.049600	1
010211010022	0.701638	0
001011021122	0.760204	2
200010010240	13.276020	0
211110102021	0.786583	3
020210112122	0.797347	2
112000202012	0.813380	0
200222001111	0.754636	2
221201102240	0.529694	3
100122122201	0.677101	3
000100020211	0.878602	0
002202002102	0.659806	1
000100100220	0.806188	0
120120020011	20.579258	0
000111010202	0.184107	2
202100001200	0.687735	2
000022202111	0.848907	0
200211010100	1.113146	2
102121202210	0.835493	3
021010001000	0.659738	2
002001211000	0.810545	3
001210000140	0.802849	2
000220222010	1.878328	0
001121002222	0.739002	0
122201012200	1.640739	0
110001201000	0.204514	3
021100110000	0.546067	0
120122000101	45.607616	0
000002010141	1.430483	0
211222210101	17.333264	0
042401440402	1.296883	1
204240014144	0.649416	1
012020021012	0.820606	2
004141014244	0.125892	2
200010000022	0.144607	0
200010300122	0.786737	3
002110200011	0.747837	0
112210221020	4.156395	0
102101000200	0.519740	3
221002110000	1.838783	2
112021202012	0.602050	3
000102110140	0.277186	0
110022210000	0.740018	1
210210000200	9.683117	0
022100111100	1.044042	0
121210212020	0.204185	1
001100122000	1.085543	3
100120100003	0.410950	3
210102120020	0.751177	0
001010120020	0.671441	3
012020212010	0.712114	2
000212200100	0.713075	0
021210111021	0.828240	1
024053004345	0.435845	1
100011201002	0.624649	3
100012200010	0.879703	0
002001010100	0.488811	3
002001101000	0.852362	0
010002201100	0.719032	3
020110210212	0.815621	0
200200300210	4.471664	0
021201210221	0.560897	3
021101011201	0.760126	3
001012002222	0.700883	0
012112020100	0.921192	0
201000141002	0.886696	0
120022010201	1.107606	1
000020041011	0.747894	0
011010040122	0.592047	3
100100100220	0.831590	0
012010201021	1.049270	3
101000112020	0.820995	3
100121220212	0.751554	3
102100202120	0.869949	0
021220212102	1.204488	1
010001120020	0.797734	0
201001202022	0.715438	0
001221020200	44.370017	0
202000011100	0.622708	0
002102000020	3.636295	0
002001000201	0.555807	0
100122000241	0.578311	3
002000100102	5.383153	0
021101110000	0.580834	3
024140124144	5.602120	1
000000021011	0.515961	0
001022040001	0.386046	0
001000100100	0.975468	0
110001220220	0.873482	3
200101010141	0.886894	2
021001010001	0.529737	3
022110122010	2.494332	0
122001	9.322152	0
020000101003	0.207017	0
202010021012	0.685511	0
101200002000	0.162030	2
010020000202	0.590072	0
000220020003	1.415115	0
110002220000	0.412349	2
201010042011	0.566384	3
010000042000	0.334347	0
000012300220	0.535176	0
012002000222	1.212394	1
021120020210	4.500555	0
102200002002	7.860450	0
141401442410	0.484852	3
012021021012	0.766499	3
012001041012	0.579676	3
020010000220	0.884757	0
000200000101	2.544179	0
102002300201	0.758094	0
221200012000	0.585555	2
202200021100	0.915122	1
121200202100	0.489799	2
100000012021	0.716006	0
200210011002	1.058843	2
210022100200	1.668668	2
002002012020	1.900776	0
004041004144	0.184016	3
100110000122	0.872656	3
000020020012	2.722717	0
110010001000	0.837540	3
100122220101	0.677312	3
111022212021	0.702967	1
011122000101	0.675142	3
210222212111	2.103139	1
214240124044	0.988380	1
010100222200	0.624141	0
000210010212	0.776011	3
221210111220	0.648540	1
210012200112	8.726197	0
000012040020	0.475515	0
112002220200	1.116258	2
010200100140	1.069751	0
101201211221	0.754785	3
210002021003	81.206382	0
011222200101	0.782331	3
014040004144	0.087227	2
202001201000	0.303203	2
012220112013	0.467527	2
100033222353	0.695638	3
002200002112	1.120755	0
100100121100	0.492254	0
200133041333	0.559274	1
001010020020	0.337946	0
201110022221	0.847319	3
000222011111	0.746858	2
012021042022	0.788576	3
212100120003	0.688913	2
011100220000	0.727824	3
021120112000	1.099768	0
020020100200	0.694986	0
331000333022	0.325239	2
212100121000	0.570594	2
010200220020	20.606864	0
020012210100	1.206496	0
100221010000	6.341758	0
000000020013	0.627592	0
012220000001	1.663917	2
200111000202	0.596799	1
000000021010	0.192666	0
201020222023	126.632455	0
221021100020	10.958937	0
200110000140	0.762996	3
200000020201	2.138665	0
022021101001	0.857423	2
022021000111	0.895516	2
101012102021	0.433859	2
120220110003	3.063056	2
022201011210	4.132571	2
020000300222	4.165974	0
201220011111	0.893936	0
210112122001	1.114561	0
122133	145.576642	0
120022120000	0.681428	1
000201000002	10.801268	0
000100110121	0.797644	0
100020300022	0.709978	3
102000100012	20.915400	0
102212000111	2.794317	0
000201300102	1.663584	0
020120102000	0.414045	0
000101010222	0.539006	3
210100120041	0.892982	3
102220221112	1.105439	1
100122012001	0.807114	3
111021212201	0.552160	3
202210101020	0.529293	2
021010012020	0.766181	2
012010002010	0.983049	0
121020101020	2.945337	0
200210120000	0.392947	1
000021100122	0.637796	0
022221010212	1.326942	2
020011010012	0.703629	2
201210101022	1.021578	2
011222112121	0.708280	3
332202333120	2.402365	1
022000222023	0.881516	0
220021101011	1.096159	2
010012000141	0.580467	0
000100110141	0.720676	0
220101000200	0.739675	2
020020011200	1.170926	0
211102122000	1.518792	0
012220202000	3.601301	2
200102010140	0.850914	0
110210010000	0.689410	3
200011001012	0.336255	2
001120042010	1.048242	0
330002333211	0.215573	2
002002000041	32.296821	0
010202211110	0.796038	3
000102222200	6.404412	0
000001000110	0.263763	0
201201120240	2.048743	0
102220022011	1.251925	2
102020102212	0.773326	3
000002001102	0.568245	0
002120302212	0.858539	2
112033222333	89.188933	3
022102111100	1.227108	0
222000101023	0.396200	2
000021001112	1.570142	0
010102200200	0.820467	0
100212220122	0.786908	3
142411	71.449412	0
040420542410	0.400371	1
021011122222	0.736532	1
210100110140	0.384723	3
122000011003	2.088949	0
100101201000	0.765434	3
100022101201	0.775566	2
022021012212	0.757475	1
122022202010	0.953012	2
021001011040	0.641100	3
100120042002	0.773334	3
110021212002	0.808616	3
021200211211	0.527247	2
100210220040	0.572278	3
202112011021	1.188794	0
210210010202	1.882237	0
120200010200	0.450602	0
212201101000	125.247408	0
110202220140	0.586396	2
012010200011	0.408767	3
000012000212	0.462251	0
000222212101	0.668292	2
100211110142	0.779325	3
221201112240	0.391968	3
200211101100	1.285283	2
102233200333	94.694228	0
200010041011	0.330170	3
000121000202	0.142493	0
221002001000	0.567110	2
020000120040	0.778017	0
122122010111	4.862797	0
110000200041	0.777294	0
212002000201	0.758364	2
200000200002	4.335725	0
221001002100	1.086005	3
102012011100	0.783769	0
020100000043	0.191199	0
000001201010	0.387665	0
011000122000	0.770271	0
002102210203	75.309793	0
102122102111	0.338947	3
201211221122	1.028526	1
000000320121	1.939279	0
002211200212	0.807129	0
122220102003	0.740695	2
000000120020	10.170583	0
020000200100	2.694494	0
001200041003	0.773151	0
012220001011	0.692674	2
110012202001	0.619338	3
112000212201	1.049293	3
020011	0.119630	2
202000020003	0.513466	0
332001333212	1.643426	3
200000222200	0.753894	0
002111000212	0.693575	2
000021040022	65.852562	0
010000200120	0.933365	0
012221010011	0.445620	0
211202210120	1.183333	0
002100022020	0.460157	0
020011010000	0.574753	2
000201220101	0.989549	0
122011000002	13.318678	0
100100202202	0.773754	0
040420440410	1.405918	1
101002040020	0.856833	2
010000020041	0.633913	0
201220021011	0.648453	0
002020040011	0.516747	0
000110300000	0.542050	0
200000042010	0.090008	0
000110000100	0.290619	0
330010353022	0.139144	3
011020000002	1.122980	0
200020022010	0.843818	0
212000101010	0.493772	0
020011020112	0.540168	2
012002001011	1.402723	2
122120002011	26.157364	0
004040214144	0.058366	0
100100000022	0.423407	0
020210210220	0.492241	2
100012002021	0.470818	0
200201000122	3.091841	0
200121001212	2.576181	2
100000020140	4.885727	0
022101020210	4.425946	2
202000101220	5.279447	0
001201000040	0.535099	0
210021001010	1.066645	0
000100020203	1.744945	0
002002001221	3.567501	0
101120002200	0.584529	3
000020012000	1.431142	0
121100222011	0.754372	3
020010100022	1.940850	0
021021300020	38.643299	0
201220220111	0.778622	0
012000220002	0.761762	0
101012102020	0.598939	2
000020010112	0.343717	0
001220002020	5.448549	0
000201000141	4.176589	0
210020000022	1.398331	0
122020000013	22.614456	0
112212221102	1.208338	0
002010021012	0.725264	0
000010340021	0.188677	0
022111211202	0.964370	1
200210020001	1.733757	1
110210020042	0.638578	3
202100001011	0.662151	2
021001212000	0.645473	3
020101210210	0.818633	3
011211220102	0.493564	3
104040224144	1.533621	0
110001212201	0.738001	3
020201110040	0.213909	0
210102210200	14.156704	0
021000020100	1.491087	0
001002040020	0.118049	0
110211221142	0.796451	3
140410442411	0.211261	3
102100022020	0.730604	0
022011000002	1.014216	2
221200100000	0.549968	2
102001101022	0.897035	3
001000210002	2.392121	0
122020202000	2.123132	0
000022000110	0.691513	0
041400441400	0.009602	2
010222110101	0.516065	2
220012110001	1.095682	2
000202122112	8.435605	0
201020021000	27.988629	0
002002100020	3.979401	0
201021302022	249.478654	0
100012100001	0.771514	0
102111042002	0.460557	3
220022	0.731432	2
102020002100	0.791295	0
200010102020	0.773970	0
100120100201	0.730856	3
022221310001	0.659803	2
001002122220	0.831554	3
101200110000	0.795721	2
330010333022	0.021838	3
002010002003	0.729870	0
020101201200	0.761065	0
101202122100	0.732810	1
004041214144	0.700319	3
121001110001	0.625803	3
101102202000	0.817753	3
010212020142	0.450345	0
002010001112	0.708030	0
000001010012	0.765485	0
330000333201	0.020922	3
212001101010	0.400591	3
110021211020	0.805530	3
021020	11.244417	0
000010022000	0.796145	0
101120000200	0.783382	3
010021220001	0.701776	0
100112000000	2.032316	0
020120120000	2.310815	0
212000101200	1.117250	0
100021000010	4.780900	0
220200110203	0.509972	2
002220121211	1.048893	1
010011110202	0.806800	3
200011020002	0.707718	2
020220012011	0.840457	2
200020220003	0.823292	0
022000021000	5.468135	0
020100210210	1.540076	0
021000212000	0.295089	0
002000221100	1.395441	0
100100002040	0.761946	0
122121021212	9.253975	0
210210100002	3.263647	0
000010000202	0.039267	0
000002020040	0.035606	0
202211101112	0.425457	2
330201333021	694.488776	3
201200121003	1.995947	0
110211020042	0.711279	3
021002011000	1.041297	2
212000211011	0.767372	3
000200000141	6.885851	0
022101020200	0.613840	2
110002222222	0.812514	2
021001010012	0.762101	3
000200300041	10.845763	0
202200102010	0.837132	2
002012020100	13.370931	0
021000001012	0.575317	3
221220110112	1.658592	1
114240114044	0.739322	1
022010100022	0.710198	0
012000001001	0.946251	0
200000201013	0.753376	0
211022	18.340567	0
331022333020	0.684505	1
101010142022	0.625717	2
020021200000	6.500632	0
202001001003	0.601936	2
021010100020	0.609543	2
010002210100	0.336536	0
012202021100	0.931274	2
222110121000	0.443524	3
221012000021	0.810178	2
001000300240	0.440324	0
000122010200	0.582662	3
102020241010	0.816464	0
001001002010	0.274281	0
120220111211	0.862682	1
011202212100	0.577733	3
000021300000	0.269774	0
002001020000	3.497735	0
121210212222	0.466845	1
211011101022	0.629462	3
111002212000	0.542827	1
021002010003	0.672523	2
350411543402	0.296500	3
001000121200	0.870697	0
000112300010	0.881007	0
021020000010	2.104711	0
202100211003	0.760726	2
000000340222	0.797194	0
012221022212	3.312637	0
332021353022	0.652364	3
010001011220	0.814964	0
000220010022	5.858828	0
100001010102	0.897788	3
000200040012	1.006701	0
350420353411	0.789467	1
100210002001	0.801803	3
001020002012	1.865343	0
120100000002	13.322275	0
200010300010	1.200544	0
200002002121	0.820061	0
210211010202	1.786403	0
000000021201	1.641460	0
002002211003	3.270149	0
211002100100	1.443063	0
201210012120	0.960936	2
120020202013	0.849924	0
002020002010	0.103251	0
221101012200	0.848306	3
202121111000	0.678091	1
000021210202	0.807880	0
202221300111	0.720697	2
201201010040	4.184490	0
200100010002	0.715630	0
000020340012	0.884132	0
011201120240	0.702504	0
330000353221	0.751423	3
200020000112	0.802374	0
000022102001	0.711180	0
221201212200	0.597227	3
011120122112	0.822086	3
121012022021	0.735274	1
202001201211	0.606850	2
100021200012	2.114921	0
010101120210	0.767371	2
020002000200	1.571523	0
114240024044	15.231051	1
011020010020	0.691078	0
020220010000	0.928587	2
000010211040	1.016847	0
201000301012	0.885148	0
022010010200	25.735463	0
200233200353	0.592213	1
110000120040	0.800703	0
000202011100	0.564583	0
010200210040	0.466277	0
101020042010	0.071373	0
022201012211	1.487405	1
121201	0.126562	3
102000000210	27.441160	0
010011220202	0.875755	3
200100021100	0.747718	3
001110002021	0.720352	3
202210001222	1.387074	2
200000002200	2.711407	0
101000022010	0.652413	3
000222010102	0.801219	2
020000310000	0.676513	0
102210000122	20.027300	0
211000211020	1.283641	0
000000111220	1.088917	0
002102300112	2.803085	0
021020001023	59.773582	0
120233210353	0.121001	3
000110100202	0.649266	0
020120020000	12.242287	0
120012112112	0.906382	0
120022002000	0.748714	2
211212211121	9.774275	0
210102120200	5.100319	0
002002340001	0.741583	0
020220211100	0.736416	2
200000001120	0.990516	0
001002002200	0.716588	0
210012100000	7.616039	0
100001201020	0.942283	3
112020212001	0.623008	2
022000220020	1.079231	0
001000120002	1.298281	0
212010001020	0.346843	0
210111221222	0.845160	1
021002200040	6.366516	2
000000341020	0.621831	0
000200210201	11.292772	0
004140104244	0.177984	2
022121300212	0.707371	2
202210300220	4.941442	2
200100020002	1.235583	0
020200310201	7.475399	0
121220211112	1.137721	1
211002042000	4.177305	0
201211101122	0.942621	2
020200212010	0.517004	0
012102022020	0.558521	1
121012212221	1.011990	1
000200040022	0.993612	0
200120001021	2.027420	1
221012121041	0.647264	1
212002220020	0.687976	1
000220010011	4.770987	0
000102110041	0.883353	0
100011020142	0.633746	3
110022210101	0.413840	1
110220012100	0.683285	2
201020011000	42.039079	0
001201201020	1.336479	3
100022041000	0.721623	2
000112340102	0.831525	0
021002010202	0.831967	1
001201010220	0.561187	0
210120221120	1.464119	1
000120000240	0.359068	0
332200333040	1.279533	0
210000110200	0.755204	0
022000300201	12.455122	0
041410540401	0.359654	1
120102210203	101.908898	0
200211320202	0.784220	1
332220333212	3.109435	1
200210111200	0.768800	2
000001020012	0.593843	0
210202210102	5.659007	0
121102002010	1.129671	0
201012121021	0.872773	0
110012211101	0.751665	3
001000210000	1.175809	0
012102122203	1.324489	2
101121122212	1.497275	3
120100000040	47.385518	0
212000101103	0.622157	3
022100111001	0.852748	0
022010100011	1.786331	0
212221211012	2.288810	0
111000202022	0.678198	2
220233110333	0.100015	1
212011011212	0.656338	3
000010012000	0.785002	0
332012333201	159.593269	0
201201201000	2.893901	0
201102002100	1.948083	0
011200210102	0.765558	0
100011100022	0.800875	3
000012101020	0.840978	0
210210020240	12.173832	0
202211010110	0.765416	2
200000041013	0.649271	0
021100020201	0.956388	3
332200333022	0.706853	0
101120202010	0.308161	3
202212011102	2.688240	2
000200002003	4.494967	0
000002010040	0.042066	0
020021300002	30.578425	0
201122002021	2.118506	0
000120000222	0.208934	0
021010100000	0.498712	2
200010340102	0.818637	3
004053104353	0.126214	3
001000300202	0.199179	0
021210211121	0.559712	1
000000200203	3.309736	0
101220002010	1.069389	2
200101000220	0.839078	2
121210212201	0.735405	1
001100000000	0.399500	0
120000210040	113.675881	0
121001002221	0.715620	3
221101120220	0.689314	3
022001010102	0.719164	2
010133000333	0.755282	1
010210220002	0.715068	0
001021002021	17.934557	0
022211012112	0.928856	1
120020002010	1.146034	0
001200200000	0.811906	0
010021100000	0.611706	0
221010122023	0.576008	2
024040324144	0.657269	1
330220333202	2.655633	1
001200201003	0.795883	0
021001010100	0.269986	3
010110020002	0.616208	3
040420440420	1.792152	1
200101010040	0.712041	2
022010210010	1.972893	0
022102020000	51.382056	0
020221210111	3.672264	0
040400441422	2.366815	0
210021000212	0.733887	0
221201112202	0.659309	3
010201	22.502481	0
202200021001	0.985279	1
020002010210	4.000278	0
001001001200	0.441909	0
102111042012	0.226188	3
000001041010	0.169511	0
010022021111	0.829844	2
200000200040	0.182100	0
102002000200	6.366088	0
012012120000	5.104846	0
001200002220	0.880298	0
102002211000	12.530124	0
220120200000	0.806113	2
200121001222	1.320924	1
200010201011	0.779180	3
002001001202	0.468283	0
210001110200	0.815371	0
220101000240	0.663989	2
100010121021	1.152763	3
001000302010	1.265474	0
120210110020	0.823570	3
014140024044	0.008500	1
002010222010	0.909629	0
000100201003	0.289247	0
204140114244	0.787833	1
022010300212	1.573526	0
102102000201	1.817117	0
000102200040	1.125018	0
211210100020	4.033184	0
011010201122	0.824794	3
014240224044	13.948500	1
022212210112	0.498255	1
001220000102	4.248921	0
220211110212	0.335259	1
001000100001	0.515040	0
002202120102	0.556603	1
000010340011	0.412205	0
210010100010	0.648136	0
212211201112	3.626884	0
010200212002	1.315871	0
201002012200	1.249986	0
011002122000	0.675411	3
121201112000	0.548553	3
000000021110	2.028518	0
110002200040	0.314102	2
022200211220	0.808792	1
200200101010	2.212826	0
201000001043	0.716100	0
121010100023	0.720783	2
001202120100	0.686516	2
210000200201	9.648652	0
002120222112	0.741767	2
110000200122	0.733549	3
012001040011	0.679864	3
000200100200	3.833144	0
000100002043	0.669138	0
110011220202	0.835830	3
010102000102	0.630671	0
121001002040	0.774031	3
000010110102	0.567654	0
002120010110	0.658683	2
021201	0.194895	3
000100110020	0.747168	0
110000042000	0.646179	0
022201110210	0.847132	2
201000101211	0.898274	0
120220011003	3.351382	2
000200302140	1.056890	0
021100020240	1.443648	0
022021000001	3.961004	2
120220010000	2.105512	2
332021333012	0.071996	3
102100001010	1.274382	0
000122000221	0.066234	0
120000221100	1.458963	0
200121	1.713707	2
100101020200	0.190086	3
201010141020	0.271881	0
201000202120	0.637641	0
330020333021	0.129045	2
220002122020	1.052528	1
100000212002	0.581649	0
010002200023	0.875168	0
001012041021	0.073971	3
221221111001	2.886502	0
112202222100	0.811604	2
200120010222	0.853162	1
020002122000	1.506674	0
000101011221	0.609825	3
200010000003	0.213347	3
002002300210	4.215315	0
112200011000	2.941529	0
002100300011	0.829196	0
020000000202	0.561733	0
111200200202	0.749309	2
112033001333	0.252150	3
110100020201	0.766405	2
001002300212	0.660161	3
004040114144	0.392139	0
100102010000	0.647455	0
100011202212	0.743120	3
120200210102	0.640766	0
112102221112	1.322588	1
012011001212	0.816652	3
201211300222	0.246579	2
002100110200	0.852072	0
210210002000	5.813404	0
000033112333	0.184293	3
001212300120	0.714137	2
010220200003	36.477811	0
211101121200	0.798507	3
020200110002	0.754666	0
110010220140	0.748788	3
104040304144	0.610820	3
112002210200	0.759094	2
012001300102	0.704208	3
110000200140	0.293700	3
100210200000	0.147241	3
020000021040	15.832971	0
200122000001	0.611091	2
100101222201	0.721393	3
212002211100	2.323041	2
200100300001	0.291336	3
000200010041	30.529930	0
200122300101	0.826905	2
100122210101	0.672056	3
112002001000	1.933465	2
022210310221	0.383283	2
120020001011	0.895099	0
100110000000	0.457507	0
200011000011	0.775796	2
022220	0.402538	2
010102220240	0.337970	0
211220210020	13.613313	0
020200212201	0.558599	0
010210011002	0.827152	3
020012010202	1.263534	0
000033000353	0.000891	3
012001041021	0.797517	3
200100110200	0.728782	0
000210002010	0.679632	3
001010201220	0.781438	3
000202300121	0.425434	0
001001001111	0.516711	0
022201010012	3.004686	2
200200100020	7.911476	0
000000020120	16.990222	0
002220012012	1.163983	1
020002100002	0.893619	0
002020120010	18.372178	0
000201202102	0.848279	0
210010101020	0.604303	0
000133210333	0.372592	2
002010010022	0.992750	0
120001101000	1.996972	3
200000201001	0.696357	0
001211000102	0.765131	2
020000220140	1.102623	0
221101121210	0.807603	3
200102020120	1.247439	0
012010201012	0.777715	0
002211000100	66.810851	0
112012201111	1.108292	0
102022002011	0.528764	2
100210200042	0.797607	3
101010042220	0.748217	2
101021102012	20.162180	3
102212001102	2.954760	0
102212000121	4.085369	0
220021000011	0.708443	2
012010220020	0.834273	0
200101200201	0.760903	2
001120002211	0.827924	0
020000100000	0.111787	0
220221111202	0.787168	2
022201211112	1.568582	1
020000100143	0.584855	0
010220110010	5.241624	0
020200211121	4.063908	0
000000220120	1.504054	0
122020122003	6.393901	0
114142	0.650047	1
120000000201	3.253758	0
004241004245	93.006918	0
201220001010	1.678848	0
022200300012	0.832653	2
201001001020	0.304887	0
001120010020	0.939883	3
201010200020	0.583330	0
212211000022	2.167901	0
010102320102	0.718906	3
102211022212	9.044036	0
022100002000	5.531982	0
001001040021	0.161657	0
112021	0.120601	3
100202220100	0.789811	2
224241	0.854299	1
110220110100	0.353885	2
121001222022	0.719511	3
102033002333	1134.138137	3
101000112010	0.616067	3
200020001211	0.780635	0
011212211122	0.821187	3
022211110202	1.143919	2
024140114144	0.480617	1
200001120140	0.813044	0
012000040003	0.796140	0
101120000021	0.619388	3
011000020043	0.531575	0
112010201102	1.093594	3
210112020201	9.824371	0
000112110001	1.087638	0
010000000001	0.247519	0
332012333010	145.969172	0
020021110002	2.416572	0
000000112002	0.812519	0
021002310122	0.829484	2
004041104044	2.103974	0
014241004044	50.711878	0
000201000040	27.992962	0
002102001222	5.682292	0
012021202022	0.819267	3
000220010003	1.122957	0
200012340020	0.566857	0
020122010111	2.531697	0
022110112010	0.823525	0
021001020001	0.809208	3
112112221100	4.980474	0
010000200021	0.905082	0
210221010001	1.201231	0
021120022020	60.867027	0
200210212000	2.168831	1
102100022222	0.828126	0
220121020000	1.244365	2
012222112111	0.758422	1
120210212002	0.710489	3
012021000202	0.165597	3
112202212000	1.393500	2
020010000210	0.884397	0
002033241333	1.040782	3
010000201101	0.836449	0
121102120100	1.131247	0
010101201221	0.750322	2
002010020011	3.161576	0
202001041000	0.192676	2
200210011100	15.655223	2
102200010200	6.282272	0
000202120221	0.662116	0
021220010002	1.160464	1
102100000020	0.652899	0
221000112100	0.593043	0
202200011100	1.616116	2
012021222010	0.793318	3
002010201001	1.593660	0
040401540400	0.619070	0
332000	2.393881	0
010000002043	0.591197	0
002220020211	2.071288	1
100010221020	0.706569	0
204140304244	0.623706	1
020221310221	9.343749	0
112002202203	2.489690	2
021020000120	5.961240	0
201011340020	0.892107	2
000100201011	0.728305	0
210002001221	0.902906	0
011220202023	4.073000	0
211002102100	17.614240	0
022101320201	1.123029	2
112000001010	0.814377	0
002000041003	0.553726	0
002010121210	0.893208	0
000212011112	1.041677	3
021002110000	0.761471	2
010102320200	0.818025	3
200211020100	0.659146	1
000212020202	0.483533	0
002202201100	0.884602	2
102102000010	7.726349	0
121002102000	1.062162	2
200000141020	3.656405	0
102210000010	1.860837	0
210210001002	0.965209	0
141420441411	0.748949	1
000200100122	0.866170	0
022000010212	1.555787	0
201101000220	0.711792	3
102102002102	4.161080	0
210022001011	0.868073	2
220000110000	0.066988	0
000201022100	4.044199	0
021022300021	0.729170	2
000220320010	1.515392	0
002001210202	0.834109	3
021000020001	0.713716	3
012000221011	0.898370	0
221002120000	0.554072	1
002000010043	0.579101	0
210021210221	0.779179	0
000000012011	0.936800	0
120020110010	2.661377	0
020000320100	4.467211	0
110000201101	0.650130	3
100120001201	0.801320	3
020201100200	0.638364	0
022121020201	3.591547	2
202212301111	2.132270	2
011000211200	0.751439	3
002020002111	1.242904	0
211002100001	2.312440	0
200002340011	0.674022	0
000000102021	9.622146	0
210211211102	5.326649	0
012012000011	1.226070	0
020020110100	1.769615	0
200002020200	2.246868	0
330000333000	0.000066	3
210002021110	0.783143	0
110001210101	0.826403	3
102000101003	1.096238	0
221201111020	0.650850	3
100000222203	0.888006	0
040400542401	0.719698	0
022121112011	0.751776	1
001110200020	0.801183	3
200000102002	0.801424	0
042411441412	0.356531	1
011202020101	0.556897	3
200000111000	0.242229	0
000121100000	0.806491	3
110001200140	0.647869	3
011211	0.576980	3
211020201000	51.647654	0
200020102003	0.850014	0
014140224144	0.030330	1
014040004244	0.010941	2
020101110042	0.780048	0
001200002003	0.395204	0
010100020012	0.794142	0
100220020000	1.275105	2
122202011000	0.683889	2
000222300111	0.179610	2
212002141020	2.585743	1
021110021021	0.775259	3
120211210240	0.731336	3
010201000201	72.131720	0
202020021011	0.843009	2
000101120121	0.617417	3
110120222000	0.694346	1
000121110212	0.781370	3
012011010212	0.782070	3
000100020222	0.753932	0
002210300000	94.354055	0
100211200042	0.708991	3
220133121333	0.393677	1
102102	4.859174	0
202202011110	0.708851	2
200010040002	0.187569	0
212002101101	0.694326	2
100002102010	1.081372	0
000120001201	0.752287	0
000210001100	0.636914	3
122122012111	1.001645	0
002012020001	38.790897	0
001110201122	0.753733	3
100022040020	0.608787	2
110100222040	0.712882	2
021110001022	0.831940	3
000200012200	1.531511	0
020012300000	1.059699	0
021020101010	1.380277	0
121020202011	0.853499	0
001000020200	0.457815	0
120011010022	0.792147	3
101022002221	0.753958	2
021110210222	0.822284	3
102220100011	1.043364	2
024142004144	0.814696	1
211011000022	0.792616	3
120000100000	0.667552	0
120000101003	0.326422	0
120220012000	2.842176	2
022021112010	0.799413	1
000102110202	0.666967	0
010010000202	0.622334	0
000000102020	7.094988	0
020200010203	0.643567	0
110012200041	0.659666	3
020021010202	0.589914	0
331200333100	0.741673	2
002020002110	0.485680	0
004141224244	0.566692	2
100121110201	0.628458	3
200112000001	6.264827	0
210000110001	0.520896	0
212101221220	0.767081	1
200010000010	0.214920	0
000110100000	0.470024	0
210211201102	1.164585	0
021012300001	0.770437	2
022102320210	131.995000	0
101012222021	0.839651	2
100100222200	0.559603	0
020100211200	2.654252	0
200000000110	3.143054	0
002011011112	0.736251	3
010220020101	3.481570	0
000002200200	1.664147	0
000220010122	4.778175	0
221220111110	1.862152	2
002012010100	13.554506	0
022000220013	1.826360	0
100001200010	1.172351	3
200200022120	1.576928	0
020112010212	2.528673	0
000000222021	0.820741	0
010011220000	0.796744	3
002210040020	0.730598	0
000220320201	4.945999	0
020120210202	11.177893	0
014040104244	0.072889	2
212000220020	0.791479	0
110010211222	0.469642	3
201033201353	0.739137	2
000001020121	0.686106	0
200100010102	0.639028	3
100100200002	0.554456	0
010220200010	6.995938	0
022020202010	1.128665	1
012100220040	0.892652	2
012202020122	1.430340	1
000210020140	0.794212	0
001021002012	2.413540	0
010001212000	0.805666	0
001000000240	0.252983	0
002010041022	2.732000	0
010002211100	0.650012	3
202210000120	1.493961	2
004041214245	0.648749	3
114240014144	2.877230	1
202202011111	0.928449	2
000200012140	0.631474	0
100022040021	0.415223	2
021000000012	0.770506	3
331000333001	0.168024	2
021020001010	1.376524	0
001201300100	0.561456	0
010012022000	6.364466	0
001000120200	1.762576	0
002002020012	2.718339	0
200100011000	0.721763	0
000021000000	2.191324	0
212001111200	0.736198	3
201000202010	0.437787	0
200200001220	8.970120	0
210102120002	3.235511	0
330010333210	3.155411	3
001000012000	0.426896	0
022020111210	0.735958	2
012021110212	0.845144	3
002021300111	0.583978	3
012112120000	1.137973	0
110210022020	0.828811	3
001002101020	0.664843	3
202021040011	0.725225	2
200112001200	2.184120	0
201000001021	1.333783	0
002110300010	0.748204	0
002000140000	17.020059	0
020010222000	0.500155	0
002000141003	122.303076	0
002102000121	4.390030	0
202000040000	0.394616	0
012011002022	0.548657	3
012210220000	9.731858	0
101100000202	0.757700	3
120021010002	12.146447	0
200200101003	3.544533	0
000002020140	0.043638	0
020100120002	7.195698	0
112202210101	0.536975	2
000002320040	0.369060	0
000010300202	0.130637	0
000200000122	0.715606	0
001120100021	0.720588	3
100100002140	0.873548	0
101201200140	0.821735	3
000022300110	0.679669	0
002011002212	0.543617	0
012033221353	0.569381	3
200020100011	1.000217	0
212002221010	0.787859	2
140420441410	1.759795	1
112122212111	0.842764	1
101101122220	0.791499	3
102020041011	0.489824	0
022010210003	0.885652	0
221002120001	0.790578	1
121102002000	23.987361	0
101220202120	4.203304	2
021120021001	10.182936	0
000001010112	0.771159	0
242421	0.901988	1
010200000200	1.938847	0
001000220100	0.748088	0
010211201111	0.875773	3
022221310101	0.727026	2
020100000012	27.830239	0
210002102101	1.629498	0
101120002120	0.445900	3
010000002100	0.467483	0
024140204144	2.142177	1
012033240333	0.788743	3
000222122110	0.669672	2
022211110211	1.766465	2
020201000200	0.137227	0
201000041100	0.790174	0
001020212112	2.943881	0
212010	1.019848	0
000110001102	0.804347	0
004040024044	2.070638	0
020110012011	0.733695	3
010220210122	1.558379	0
022011101011	0.632048	2
241401441400	0.852794	3
102000100020	6.778345	0
000000222012	0.820125	0
100020000110	8.612623	0
331012333222	0.662547	1
352402543400	0.595841	2
121002212220	0.637229	1
101000012010	0.639772	3
100100000210	0.686244	0
202100000011	0.818186	2
000011300202	0.190185	0
220020111011	0.811155	2
200012000000	3.184725	0
002012020211	3.124368	0
112220202010	0.741072	2
022121020212	2.710244	2
010000100001	0.776246	0
111220212022	1.149892	1
351420353421	13.549991	1
210112120201	2.634599	0
010000120143	0.830575	0
000000200210	0.616476	0
022111210202	2.712444	1
202011001112	0.055496	2
112002202021	0.754374	1
000000011010	1.172080	0
000021320001	13.581157	0
110020210022	0.704004	2
212000001021	0.824234	0
010201210102	0.865411	0
001220002023	16.160609	0
020210000022	0.804990	2
200000342010	1.212917	0
011000000000	0.098046	0
021001020000	0.278250	3
221021	29.359369	0
040420441410	1.838530	1
112110201210	0.844360	3
001012001121	0.577892	3
001220002212	1.257268	0
100020001012	0.638196	0
220012010202	0.801110	1
122011001002	1.154654	0
201002202000	1.474735	0
221201100100	0.609878	3
120000220140	32.299871	0
222210111210	0.793327	1
004141004044	0.485019	2
021002300202	0.823721	1
210002201100	0.754329	0
221011102122	0.683249	1
002212000111	9.305153	0
000001040020	1.838836	0
101020212112	0.689697	3
010010042001	0.767908	3
100120202200	0.691538	3
122001010121	0.848721	0
112010200001	1.911068	3
201021012012	5.384146	0
000010222222	0.767619	0
002000320202	12.667179	0
242420	0.983841	1
040400440412	0.016096	0
022001002200	1.856745	1
000000211010	0.624512	0
022102010203	8.150408	0
000102300000	0.110603	0
200211102012	0.936105	2
020000120043	0.786127	0
022120012010	0.653910	1
021110020200	0.438723	3
200211100100	0.777377	2
122121012011	4.008944	0
041410441411	0.261502	1
110002010000	0.453112	2
202011040022	0.541790	2
200200010122	1.524962	0
201002001040	331.107422	0
210121020001	0.809986	2
102133001333	0.735389	3
002021302010	1.102175	0
350410353400	0.042679	3
332021333210	0.534640	3
020012110202	0.937660	0
141401442422	0.326476	3
102002222003	2.712235	0
012001041020	0.469638	3
332002333200	1.494206	2
002111001212	0.747774	2
000202000020	0.717712	0
012220000011	0.955708	2
010100120010	0.819677	3
100101212202	0.830552	3
122012	47.805433	0
000020301002	1.123078	0
000000320021	3.522420	0
000000121020	3.075977	0
002211201212	0.441411	0
000100200043	0.242350	0
012011000222	0.667934	3
102122102011	0.184243	3
210012101022	1.161370	0
211033201333	0.427601	3
100122000202	0.726815	3
012212221112	0.668894	0
200000201000	0.237241	0
212211221210	0.879677	0
040400542412	0.385565	0
000121001200	0.895096	0
000002002010	6.628871	0
010220002003	5.261987	0
111001202022	0.795358	3
001120020012	1.202027	0
220201010200	0.704526	2
002021212212	0.819370	3
000201300112	0.855516	0
112001202020	0.518567	3
020102300102	0.815098	0
100121010212	0.766576	3
201112001221	2.471376	0
021200010020	0.671156	2
201020200000	11.459993	0
100011000212	0.668048	3
101002002002	0.730121	2
001200010040	1.291591	0
022010110011	1.583718	0
102001021000	1.227165	0
021100012200	0.814403	0
122022202110	0.810127	2
210010221000	0.775731	0
202100221010	0.716893	2
200010202003	0.372099	3
000022001100	0.676677	0
121020001010	0.714125	0
222000101020	0.117208	2
000021000112	0.669344	0
002120002212	0.317860	2
020001221003	0.777688	3
121001102040	0.743480	3
020001220000	0.405327	0
000201300002	4.285085	0
000001100120	1.121213	0
102220012010	1.497684	2
211012101221	2.878940	0
202201300102	1.006094	2
120220110000	2.363976	2
220010102212	0.799069	2
221000022000	0.562337	0
210122121211	1.706760	2
020001100140	0.484132	0
020012012112	0.813224	0
022221011212	0.858186	2
330100333140	0.142265	2
200210121000	1.064968	1
111220202120	2.695196	2
202210101120	0.789111	2
101001102020	0.379489	3
101001022011	0.866399	3
012010221010	0.663731	0
121020000023	14.877487	0
101020222012	1.084139	0
010022010021	0.828985	2
001012141021	0.793765	3
012100221000	0.837551	2
022121211212	2.029662	1
101122212011	0.870405	3
010120020022	0.695249	2
001022042111	0.905125	0
014040004044	0.006290	2
100211200140	0.763735	3
240433442433	0.117905	1
020021120000	3.316668	0
040410441403	0.562246	2
100210020240	0.623658	3
111120222210	0.776106	1
100033242333	0.742697	3
200200112003	1.564989	0
000022100221	0.509462	0
102000101010	18.386995	0
020133020333	0.360774	2
220112120002	3.298584	0
000020202001	0.835336	0
210000020140	0.616388	0
121220212221	2.872488	1
021100112002	0.749040	0
201001000011	0.742923	0
004040014144	0.092137	0
110010000000	0.653408	3
221001100022	0.739124	3
101002102200	0.799406	2
122021000012	2.418784	0
110012210202	0.758105	3
200212000122	1.326849	2
122001001010	1.638733	0
000000020010	0.860834	0
221021101020	112.027707	0
110020211012	0.719614	2
200111001202	0.815302	1
002100010200	0.580722	0
120233100353	0.738526	3
011100220100	0.677408	3
012020212012	0.721517	2
000000340201	0.681276	0
200220110110	0.845326	0
010100021020	0.703367	3
100011001222	0.780851	3
120201010210	0.833657	3
120200220200	0.641862	0
002010002211	0.831037	0
100100222040	0.626938	0
001100000001	0.547328	3
101200002100	0.689452	2
002102000212	9.230212	0
120100020200	37.059004	0
022011101112	0.411468	2
220102122203	523.705656	0
020122020011	23.426164	0
011002202010	0.759333	3
121220122211	0.792079	1
210002100202	1.058117	0
042411540402	0.437367	2
220012002101	1.953060	2
010001200043	0.653003	3
201220000021	5.388632	0
012001200102	0.744051	3
001100220140	0.809262	3
001001001201	0.803900	0
002121000202	0.389199	2
000000302011	43.814163	0
102002000201	2.477801	0
000001141010	0.774228	0
221001112040	0.746040	3
202002001101	0.831036	2
102002211001	1.135814	0
012021020010	0.853523	3
100121221212	0.729823	3
002110300201	0.679131	0
102100202020	0.444291	0
001022010201	0.750257	0
204140014244	0.535825	1
014140124044	0.007542	1
024142014045	0.925686	1
221101122121	0.598910	3
120110210020	0.873918	0
201202001101	1.037108	2
002102202203	1.685998	0
010020210000	0.232328	0
200200202203	4.557199	0
001001041011	0.121884	0
012112020000	1.965068	0
201201002001	1.457905	0
012021002212	0.159787	3
220100100140	0.522107	3
212033111333	9.706333	3
101220201011	0.809563	2
010033100333	0.143053	3
100011022122	0.743544	3
210002102020	5.747815	0
200110000220	0.601258	3
121201112001	0.843817	3
201002112200	1.635261	0
210000011000	0.812751	0
000200200001	21.919214	0
330102333110	0.490318	2
000011001102	0.489097	3
200001110040	0.758977	0
021101110100	0.718419	3
100210010040	0.476729	3
210020220010	4.292680	0
021021010201	1.290278	0
220001110140	0.735033	2
012012002100	0.750817	0
020212000100	0.522791	2
004053204345	0.015119	3
100120202011	0.641065	3
000102110040	0.740744	0
100011120142	0.758549	3
010002221000	0.819699	3
010002220003	5.257940	0
202000221220	1.701698	0
004153004353	0.069899	2
102100122010	0.777542	0
100220002011	0.819831	2
200200000210	4.810897	0
000210041000	0.786889	3
022110000011	0.961931	0
122100002202	0.839480	0
212202121003	1.071093	2
010002010200	0.469649	0
012112020202	5.202052	0
112001202010	0.508762	3
102121000202	0.835211	3
330201353002	27.944926	3
121101212220	0.833590	3
201012021021	0.895135	0
002012020000	20.864837	0
102102202203	12.305043	0
212011111212	0.831071	3
110200210120	0.667033	0
020022002111	0.656714	2
120211211200	0.693242	3
002202002002	0.859081	1
022000011001	1.773704	0
120000100040	6.591292	0
200010001020	0.274624	0
011002000003	0.655606	3
042401441402	1.720956	1
000002010041	1.731273	0
211222211101	22.767222	0
200000002023	0.344649	0
210001200200	0.820782	0
012100040000	0.578789	2
100200200001	0.820550	0
220012120043	0.803401	1
010001002021	0.751750	3
022101010201	0.864916	2
000212010122	0.447160	0
020110120000	1.039826	0
102000012020	1.528899	0
204040004144	0.287095	2
012020002212	0.462999	2
104041204044	0.814978	0
210112022202	0.868879	0
000210002022	3.074581	0
200211	2.519538	2
110000241001	0.727883	3
102120212210	0.802769	3
010010001102	0.821782	3
120010212011	0.851060	0
101012002222	0.656590	2
122201010210	5.687624	0
010000142000	0.412537	0
020220112112	0.750079	1
112122222011	0.780057	1
000002200021	0.831145	0
022001000222	1.575618	2
002000201000	0.398780	0
001200200003	0.457320	0
000202111100	0.805738	0
102220012210	1.180059	1
100010010102	0.529863	0
351410	0.690094	1
102000102001	18.393008	0
012202011101	0.818830	2
000211222212	0.491573	3
110100220120	0.757205	2
001020222012	1.130838	0
210102100243	0.749381	0
022011012122	0.814601	1
011100020200	0.755741	3
102202002112	1.100957	1
101000022011	0.767439	3
010220110003	3.279327	0
000002002201	1.711629	0
112102220002	0.862663	1
100100020201	0.268214	0
011000202000	0.123630	0
200010202011	0.631141	3
120012012112	0.708306	0
020120020001	9.839862	0
012102122100	0.890361	2
330000333202	0.006749	3
000122300021	0.184226	3
120012010000	4.426950	0
202101011200	0.683072	1
102102040110	9.127837	0
332002333011	0.412587	2
210102021203	7.522499	0
010010000000	0.266420	0
214053024345	0.812207	3
100033041333	0.153765	3
020211000212	0.450694	2
001010102021	0.108393	3
012033101333	0.174641	3
201000002201	15.103692	0
120000100202	0.748387	0
100012041020	0.672361	0
210012100001	3.233915	0
002000001103	0.649158	0
010201100040	82.035582	0
211102202000	0.718530	0
002000000100	0.974328	0
221201112102	0.622315	3
000033242333	0.243087	3
220000221000	0.664298	0
112102222221	0.683728	1
220000220003	0.482381	0
012012001021	14.719390	0
000102300211	0.532586	0
001011040020	0.183871	2
004140004244	0.006546	2
120133200333	0.426800	3
220011121112	0.362369	1
001020201011	0.654733	0
020200201100	0.674252	0
021220010001	0.827906	2
211002142000	44.898669	0
014140214044	0.825786	1
012102041200	96.101737	2
332021333000	0.347473	3
102121042012	0.537590	3
020211210212	0.186664	2
210020101211	0.884599	0
332021333001	0.852041	3
220000100143	0.748619	0
212001101022	0.707069	3
210121020210	0.849285	2
000002200011	0.844399	0
042411440410	2.107003	1
000210000100	0.311931	0
020000000221	14.730304	0
001011041222	0.703025	2
200010041002	0.504816	0
011000001002	0.820246	0
220133120333	0.257378	1
002210000000	60.906077	0
120020100002	2.121295	0
122222	0.287530	1
201200112210	0.811038	0
221012000020	0.826223	2
022001000212	4.438926	2
010211020122	0.300749	0
221002111040	7.896790	2
102120012112	0.428694	3
101210002000	0.798365	1
120000101000	0.771840	0
020001100043	0.724210	3
011202212101	0.778719	3
001001100102	0.780164	0
120000100003	0.228564	0
202221001112	0.690857	2
000211212212	0.364588	3
211000110003	0.777096	0
021200010201	0.737725	2
000112000111	1.223277	0
000110120040	0.652705	0
020120310101	0.832068	0
120000100002	4.725579	0
021110001122	0.665158	3
221201111212	0.663099	3
021020100010	3.054894	0
210011100022	0.698351	3
022122110111	0.880178	2
140400540410	0.819841	3
012000000102	2.856521	3
120220220000	0.778804	2
021200202003	0.798495	2
350420353410	0.329003	1
200012010120	0.833490	0
020020110000	0.758739	0
012012001011	2.424588	0
002000002022	1.691854	0
201011042122	0.683922	2
010002111000	0.796291	3
102122020011	0.660287	3
110210010002	0.811603	3
121001102110	1.114255	3
020200110200	0.293052	0
010212010101	0.665923	0
024141114245	0.916344	1
011120222220	0.826668	3
210211210102	8.590553	0
021001110240	0.574129	3
222001121010	0.813747	1
012220202010	1.097618	2
201211001112	0.732672	2
220001100000	0.260161	2
110022211111	0.509886	1
011201020240	1.129440	0
330102333112	0.720996	2
330020333002	0.071864	2
220221010211	0.952142	2
000200202002	0.859476	0
102121042022	0.699822	3
020002000201	3.011019	0
011120020000	0.602826	3
200122001021	0.667933	1
201000040021	0.684471	0
012211021112	1.097676	0
201000000022	0.397103	0
100011002212	0.494515	3
014041014244	0.151852	3
000001040201	0.801937	0
210202110200	1.086510	0
021102010220	0.721402	0
102100122020	0.741983	0
202000000020	0.481912	0
100010220022	0.818066	0
220012110000	0.532744	2
222010001011	0.707878	2
221000121143	0.715535	3
100012201020	0.820346	0
210001000001	0.662442	0
211002100220	0.790457	0
201000041001	0.557677	0
200010002020	0.509791	0
201100021100	0.822400	3
200200221010	4.746834	0
110000200101	0.578140	3
020110211222	1.634639	0
210000120201	0.837977	0
210010220010	0.615071	0
000100100022	0.830777	0
002000010040	0.358978	0
022100121000	4.570970	0
112002201120	1.118470	1
021120120001	3.184229	0
021221010102	7.116640	0
330000333200	0.002520	3
100212110101	0.776625	3
002010101112	1.191524	0
021201012221	0.702420	3
210112120020	2.866375	0
022010220200	0.813422	0
102120102100	0.783373	3
201010102021	0.423116	3
010021220000	0.693879	0
200211002202	1.659116	2
212211202211	0.563554	0
020220012010	1.504607	2
001211300122	0.540338	2
010011010202	0.813913	3
200000120040	0.234075	0
110233200353	2.391493	3
202210001210	0.567466	2
001020200120	14.473760	0
000002020041	2.093463	0
020122310101	0.779278	0
000212320202	0.776682	0
202200000102	1.708705	2
021001112100	0.781774	3
010002220202	0.782087	0
021002110003	0.831012	2
022101020201	0.889610	2
002000041000	1.387412	0
001010340020	0.039287	3
141400442403	0.284641	2
012001000200	0.193437	3
112112222012	111.645709	0
021021001122	25.718729	0
022000120200	4.156147	0
122200210200	1.159482	0
020122010011	1.570712	0
220102112203	256.567336	0
122000010020	2.511139	0
111000202001	0.768576	2
332012333222	1562.986718	0
220120110010	0.815990	2
000002110240	0.323923	0
000000302021	9.305102	0
100210020202	0.598806	3
202200011000	4.073878	2
202001040000	0.174594	2
100100100022	0.817407	0
021021340001	0.591523	0
012002001010	3.578865	2
102000140000	19.089059	0
002002022120	1.798042	0
021100020222	1.522831	0
200121101212	0.962984	2
212202121110	3.958507	2
002233100333	77.065884	0
210001120201	0.805233	0
112010200100	0.886211	3
021000102000	0.165670	0
120100222010	0.396527	0
000112300022	0.718695	0
012022000210	0.732466	1
001110040122	0.682431	3
001033201333	0.177885	2
022200202003	0.761866	1
021210212222	0.540110	1
001022020201	0.730291	0
330202333212	0.586040	2
020001110000	0.165844	0
200200022100	1.743800	0
022212010212	1.032970	2
110220110000	1.390239	2
022100002003	0.959809	0
042412540421	0.892844	2
004240014245	0.778545	1
000020112000	0.697255	0
201122000201	1.541453	0
101012002020	0.413690	2
002202201010	0.812414	2
102100001022	0.854652	0
212120	0.177665	1
112102212100	0.772576	2
101001022022	0.679586	3
002102001010	0.763911	0
112010201002	0.546155	0
002101000002	0.802470	2
010000001001	0.897324	0
121220212121	1.480617	2
000110040020	0.595593	0
330102333120	0.750426	2
200012000101	52.571545	0
041420440411	1.405018	1
002212001112	2.103844	0
210000021000	2.494367	0
010211110212	1.380298	3
102022002111	0.671043	2
010001010001	0.695727	0
000001102002	3.300262	0
000200320210	0.679005	0
200033012333	0.183647	2
100210002012	0.621946	3
001211300102	0.419874	2
102220022010	1.194127	2
210012000022	11.157904	0
112002211202	0.576972	1
212033221333	0.173191	3
010200020110	0.721059	0
122020122000	2.491127	0
241411441422	0.859010	1
000010210200	2.650916	0
211210	13.221357	0
200200101022	0.816378	0
002210020010	12.263720	0
001001201011	0.661860	3
020000100043	1.298353	0
201010041010	0.536170	0
100101010201	0.431001	3
012122020201	0.694617	1
012110320022	0.706458	3
021010001220	0.849645	2
041420542411	0.977921	1
100102020222	0.790995	0
122220010010	1.204977	2
121120012211	0.778593	0
010001211101	0.737799	0
201010342022	0.380949	0
211101221102	0.830166	3
020000020040	1.127980	0
100001110200	0.818210	3
221001102100	0.503639	3
022121112212	0.698635	1
020133010333	0.381239	2
100210201000	0.341888	3
110000200040	0.070625	0
212002000200	0.587499	2
014141	0.498768	1
100211000242	0.758736	3
000000020020	4.167131	0
120122010101	5.061785	0
220001100200	0.801407	2
211002022000	23.022326	0
000000320120	62.917179	0
000202000121	0.519689	0
000222010121	0.133716	2
111220222112	2.322128	1
011010000022	0.470869	3
330020353002	0.346112	2
202000120003	0.500258	0
100200101220	0.750685	3
221211011122	0.794000	1
100101212200	0.655263	3
022000122021	3.562086	0
122021101012	1.112879	0
120220210100	1.811781	2
200100212000	0.658529	0
122022100000	0.549819	2
112010241011	0.365961	3
014242024044	0.619340	1
200110202212	0.821696	3
000100302040	0.808469	0
002002000210	4.973582	0
200200010112	4.097674	0
010000121003	0.714347	0
202011040012	0.397814	2
212200221000	68.151208	0
210012100220	0.781615	0
212100021000	0.728958	2
020020002000	1.559381	0
210210002100	8.681008	0
102100000012	1.045815	0
000000121010	0.349681	0
112102220112	1.152662	1
010221000012	20.897591	0
100221010001	0.808722	0
020001100020	0.819389	0
100233010333	0.413990	3
022021001001	0.973219	2
201100022010	1.079164	3
200212310101	1.985374	2
012212211112	0.880572	0
211012000221	2.544907	0
200033141333	0.869605	2
102010041012	28.677924	0
120022120001	0.853220	1
021021000112	2.061756	0
120101220200	3.102747	0
020120102001	0.776150	0
020120112001	0.838047	0
021200012102	0.863513	2
011002000022	0.674496	3
210100120040	0.125615	0
112201220000	6.314747	0
200210020000	0.209118	1
111220202021	0.738033	2
122220212011	1.636083	2
200120010010	0.823997	2
041410441401	0.424854	1
330212333200	0.806661	3
120012212001	1.126956	0
120202	0.400875	2
000122300221	0.042770	3
202233121333	0.643161	1
002021200010	0.820578	0
022212211112	0.604288	1
110220111001	0.774877	2
211210101020	8.151574	0
002200200020	1.391388	0
002100001000	2.156873	0
011002122003	0.784223	3
021100120020	1.112023	0
010220212000	7.164169	0
101000012020	0.785437	3
202011201210	0.669740	2
100110040002	0.790787	0
010001120021	0.672082	3
241402	0.790246	1
010033022353	0.565948	3
222210111221	0.716830	1
020100210203	0.800935	0
022111210212	0.624123	1
202000111100	0.644015	0
101120100011	0.742588	3
000011100102	0.441577	3
001020300100	0.739615	0
022010022010	8.423962	0
201020040000	1.503290	0
110002200043	0.834024	2
200102001000	3.998576	0
001100040021	0.571644	3
200011040102	0.474076	2
102121001211	0.764128	3
112002202011	0.709860	2
220211111212	0.707311	1
012001100002	0.768448	3
202000112220	0.768463	0
101001040002	0.742970	3
002100000102	0.703377	0
200001042003	0.662625	0
110000202202	0.795080	0
024040024144	2.611689	1
100012012000	0.802586	0
042410441420	7.127815	1
021001010000	0.054692	3
122000111010	1.084738	0
021001201200	0.813906	3
120100121200	8.479297	0
002101100200	0.713221	2
100220201013	0.629728	2
001100001000	0.569732	3
011200222010	0.771045	0
000022040000	0.813999	0
100010101020	0.244280	0
010102010240	0.594938	0
120000210140	79.960093	0
000022320211	0.858513	0
020221310202	34.107991	0
210002142000	89.933692	0
200221000110	25.899266	0
101012102222	0.682272	2
121002222000	0.636061	1
000222221121	0.676516	2
000011220000	0.641347	0
200202000100	0.585468	2
102002300200	1.107696	0
100000010040	0.319773	0
100020202010	0.363321	0
000122021121	0.867960	0
000000320012	0.754909	0
001222100121	0.750494	2
112212210100	4.912191	0
201002001002	5.802000	0
020002011210	6.356922	0
002202101120	1.351546	1
002010010010	1.467060	0
100100001012	0.598597	0
002202121100	0.504221	2
101102000000	0.799833	3
001000022000	0.289131	0
022000011100	1.244353	0
120210212021	0.829262	3
100020000003	0.820944	0
330010333220	0.105445	3
110100200201	0.812083	2
002102001201	9.114686	0
022122120011	0.820171	2
001202002101	0.734081	2
000021000042	0.516752	0
110211010142	0.471163	3
200110100022	0.789691	3
102111	0.250921	3
020111020202	0.613201	2
210200	16.177175	0
001000000202	0.175966	0
022101310200	0.752783	2
002010201022	4.918192	0
000001021010	0.660281	0
002110300020	0.478982	0
012120121012	0.735519	1
010020000212	0.648872	0
010002201040	0.758034	3
212001221200	0.422176	3
001020042000	7.140622	0
000200000112	0.717809	0
022000110222	0.643564	0
000200002000	6.004495	0
000002010140	0.093788	0
004141114244	0.617569	2
121001102022	0.608512	3
022012000020	19.760592	0
210120221020	3.693992	1
112012201120	1.050367	0
331220	3.163554	2
210022101021	0.752563	1
221033101333	0.333468	1
011202	0.093925	3
000112040102	1.205078	0
001020002121	5.667709	0
222012001012	1.635632	2
011020021011	0.839745	0
100100200040	0.061943	0
020010001001	1.023211	0
021000010000	0.062052	0
101200200003	0.408728	2
212002221020	0.651443	1
110012210101	0.661991	3
012001000011	0.741704	3
004041	3.666155	0
212000101003	0.303075	0
000001020112	0.744263	0
201102000220	0.851348	0
010002000140	0.176088	0
121101002002	0.829327	3
002011201210	0.674045	0
002010000122	3.558985	0
110211020240	0.734475	3
102120022012	0.454807	3
112000220200	0.845043	0
022221320101	0.927283	2
000120300240	0.668598	3
332200333140	1.539011	0
002000101100	2.060190	0
201112121220	0.714632	0
022000221020	2.305498	0
001010102120	0.849364	3
010000012040	0.818515	0
022020001012	0.993555	2
210102120203	16.507918	0
002010040220	0.773231	0
021000	0.649392	0
002020201112	0.484866	0
022001100010	1.580108	2
012102022120	0.888413	1
120001220102	0.858142	0
022221010201	1.881272	2
000000222011	0.725752	0
022111020211	2.069909	2
021121000210	5.288066	0
221020100023	220.390768	0
022121211012	0.763823	1
350410543420	0.021339	3
120233010353	0.269053	3
120111212212	0.413327	3
020100000021	2.563263	0
020201110102	0.751091	0
020200010201	0.474838	0
202210000220	1.432023	2
022121000212	0.572681	2
001002201020	0.776650	3
121110022200	0.848381	3
221102	13.394702	0
212001141002	0.423655	3
202210000110	3.718131	2
000022301021	0.593858	0
212010201120	0.772136	3
002010041012	0.217618	0
000202010100	0.095480	0
101020342010	0.797438	3
000121010222	0.422166	3
001222300120	0.770480	2
000120220000	0.649076	0
100233010353	0.616532	3
000002320002	0.289894	0
001002220003	0.663904	0
000102210100	0.543216	0
101001102201	0.771896	3
200001020200	0.829516	0
012101020000	0.858888	1
220101112201	0.828572	2
002000020140	4.171784	0
020120020100	15.187545	0
201200211000	8.882894	0
000200320001	1.546787	0
102020000111	0.826323	0
102210000022	15.705833	0
000002302200	2.140373	0
200200220020	2.689162	0
020022022011	1.084716	1
010010020040	0.884171	0
200001002002	1.018247	0
201100011000	0.777934	0
021022000121	0.789479	2
100012221021	0.807947	0
020100310102	0.727473	0
022210110010	0.813245	2
011210100020	0.864376	3
020122021001	2.090940	0
000020001112	1.837733	0
200100000210	1.064969	0
022200210201	0.603931	1
040411442411	0.568382	2
122102002001	1.663424	0
001000101020	3.005948	0
200210011020	0.767934	2
002021040011	0.706520	0
012212220000	3.424336	0
122122001111	88.957627	0
002100300021	0.772047	0
002002040001	0.838737	0
040401441412	0.195262	3
020010022000	0.617847	0
002002320210	26.200038	0
102012002012	34.940900	0
000202300141	0.866397	0
121000212003	0.450997	3
010202210102	0.155646	0
042400441421	0.887954	1
210000202003	0.082892	0
000000020140	7.253241	0
000121100201	0.729180	3
101001012100	0.687062	3
022100020210	20.431436	0
201001202000	0.270930	0
211001220211	0.848065	0
000011220102	0.284821	3
020000010000	0.245572	0
004142004044	0.335095	2
020000011003	0.356929	0
020120020003	0.603376	0
110002120043	0.859389	2
012010240020	0.346459	0
001121000200	0.297901	0
101000242020	0.761549	0
021002020000	0.731410	1
120121	27.566993	0
221221110002	3.738840	0
000002010102	0.509737	0
200100001022	1.715754	0
210201000102	0.721529	0
101100202100	0.703628	3
001102000210	0.842958	0
000121001210	0.815684	0
221101121201	0.515714	3
200011001102	0.785598	2
121011102122	0.717176	1
010210	1.797983	0
220201000200	0.798897	2
100010200021	0.508076	0
022120021212	4.131524	2
022000111220	4.304135	0
210000000012	8.279958	0
221001302000	0.800925	3
121001212000	0.351201	3
210002010000	9.073151	0
011002000001	0.424902	3
021100320201	1.483021	3
100200010122	0.818940	0
110000212003	0.818589	3
100102210040	0.541950	0
200000002021	0.736096	0
202210101002	0.697977	2
021000222003	0.297405	3
212102020210	1.771492	2
211000100000	0.813979	0
110100220241	0.333538	2
000010100011	0.566018	0
011002211201	0.701680	3
022111220202	0.820141	1
120020200000	13.574877	0
000222010122	0.735662	2
142410440410	29.821307	0
002121300211	0.545416	2
022012300212	1.428463	0
000000200200	1.917322	0
002110001020	1.260000	0
221000202003	0.586692	3
142410440411	50.757434	0
201210101000	0.990643	2
010101120222	0.828546	2
001220012023	100.581667	0
022120111110	0.876709	2
200121000000	0.836594	2
200211120212	2.523817	1
332020333022	0.770766	2
102121102011	0.574977	3
020010111022	0.786002	0
022100112000	1.141359	0
330021333011	0.369299	3
011001042022	0.728310	0
000000200222	0.744903	0
021211212222	0.587605	1
020001001000	0.891614	0
200210020140	1.678371	1
020001000003	0.264908	3
022000011003	7.976782	0
102000020000	13.693865	0
200020001200	2.006076	0
122020101210	1.466281	0
210222	4.351802	2
020133021333	0.715165	2
000012302011	1.662839	0
022000000201	8.110052	0
012200021000	40.273225	0
100033002353	0.364574	3
021201210120	0.812115	3
112002202020	0.748091	1
120102210200	135.341555	0
101012112212	0.741724	2
220211112212	0.362799	1
102233	299.426978	0
001002000240	0.505444	0
210001212000	0.759589	0
020101000002	0.796269	0
010211110002	0.527685	3
202200011111	1.234498	2
100011220142	0.867599	3
101021002012	3.643432	0
002010020000	8.443009	0
121001202000	0.169327	3
122120012110	0.704075	0
112210211122	7.008842	0
212000101100	0.315098	3
000100300012	0.406572	0
000000310002	0.208033	0
012102122200	1.088550	2
010000200041	1.458803	0
010100002200	0.759449	0
010011000122	0.633685	3
000020200012	0.840563	0
200000042100	0.558209	0
210012022000	2.226159	0
020010300001	1.288089	0
100033122333	0.050691	3
200100102020	0.616302	0
102120212010	0.767570	3
020000001202	0.795551	0
000221020101	2.785509	0
201201300100	2.968403	0
101020002220	0.377457	0
222110101020	0.527562	3
201002002002	2.712155	0
001201040000	0.733268	0
002010002202	1.126115	0
021102210203	161.158933	0
112012220021	1.170335	0
000233212333	0.298611	3
222210111200	0.779406	1
002021102212	0.482094	0
000211100100	0.823655	0
002010211012	0.867365	0
000010040011	0.114472	0
020102012200	34.916832	0
122121202212	17.444119	0
100000000110	1.551847	0
014240014044	0.516712	1
000122100001	0.627325	3
000202010040	0.625635	0
111020212010	0.680639	2
100002010002	0.703519	0
121010100020	0.796847	2
201000001040	6.082236	0
201211021022	1.539709	1
100112000001	0.722154	0
220012110202	1.953481	1
330002353001	0.082024	2
000102210040	0.843766	0
330021353011	0.596019	3
120001001000	0.745786	3
220010142000	0.573485	2
000100201000	2.256676	0
122020202211	1.303342	0
202111001212	0.519354	1
014140324044	0.695710	1
020001300200	1.357933	0
210012101021	0.915508	0
014240	5.005191	2
002022120011	0.721885	2
202211201212	1.232399	1
121202212212	0.581338	1
000002020121	1.940272	0
022012000221	1.642948	0
100000201010	0.116836	0
040400540411	0.097356	0
201101011202	1.051200	3
100120000202	0.458225	3
020101210200	0.276339	0
001012222121	0.735390	0
000000102011	6.337178	0
021020040010	0.447826	0
001001000240	0.272473	0
020100300102	0.922294	0
122110120000	2.328990	0
200000200043	0.154074	0
022221310111	1.070112	2
010211011102	0.812901	3
020201010200	0.069805	0
111000212220	0.644104	2
020200010222	0.924571	0
002102012111	0.866588	0
212011001010	0.503400	3
201000341010	0.749464	0
102002211003	8.947075	0
011122042101	0.861000	3
000022000000	0.116199	0
021001000220	0.448746	3
120010	0.820737	0
000100200102	1.168306	0
120001200100	1.378977	0
022012010010	13.991437	0
220110120201	0.833109	3
000220020101	5.091755	0
021000020010	0.777382	3
101120212212	0.667655	3
010233022333	316.811317	3
021102002100	3.014381	0
100100020101	0.328203	0
102101221202	0.810619	3
022201210201	0.722424	1
124041014044	33.136463	0
100220020011	1.181624	2
001122010021	0.828236	3
120000210103	0.769162	0
010133222333	0.819066	1
120010010000	0.520745	0
104140004144	0.088890	3
100020040022	0.692204	0
022033112333	11.637519	1
211002100010	1.685357	0
041421440402	368.410810	0
000001320040	56.461232	0
002100000011	1.137445	0
011012002020	0.651660	3
200010000000	0.028442	0
202210211020	1.137823	1
000101000022	0.624720	0
000120300212	0.698227	3
210200210200	10.452899	0
020000300202	0.552839	0
330011333022	0.231599	3
200212020101	0.816041	1
332102333100	2.331939	2
011202020110	0.847230	3
221220111100	2.704788	2
200211010122	3.220284	2
102121022210	0.593451	3
200110100001	0.831942	3
001220020011	1.137958	0
100211200022	0.731813	3
101010202121	0.826317	2
021020011010	0.711328	0
020202110140	0.560074	2
211000001003	0.550915	0
000100122000	1.231172	0
010100021101	0.689258	3
202201020020	0.777006	1
020001300140	0.475777	0
100021012000	0.804991	3
121101002000	0.570015	3
212021111012	0.882321	3
000021300110	0.752802	0
021122020221	66.015325	0
011202211120	0.724899	3
352400353402	1.687726	0
210211100002	45.527402	0
202200021200	2.021570	1
112010240020	0.772288	0
221001111001	0.381708	3
000001300120	0.522617	0
330200333021	17.388557	3
110200210002	0.498038	0
002000022021	1.199965	0
022021300001	1.029737	2
122101020200	9.764607	0
210200010020	20.360621	0
221101122240	0.283767	3
201000340020	0.916498	0
121221212102	17.757866	0
200000112200	7.996755	0
001102000001	1.641631	0
000020041001	0.575269	0
001001112020	0.717272	0
021101020220	0.579422	3
022002110200	1.126985	0
001022302221	0.789689	3
021020041020	0.845934	0
010100200200	0.697166	0
004040124145	1.876363	0
022102310100	0.810273	0
000101110040	0.530446	3
022221310222	0.711626	2
022020000001	0.753538	2
201121022212	0.883662	0
211001220000	0.932706	0
000020112010	0.781066	0
000200300012	0.524133	0
010001201000	0.215926	0
002002101100	2.880805	0
330100353102	0.397055	2
100010002010	0.255189	0
000102220140	0.606694	0
101102102100	0.749191	3
201212012022	1.059452	2
000001210201	2.655791	0
201211011122	1.506815	2
220010000012	0.777620	2
350402543410	0.467456	2
101020002120	0.587464	0
020111011222	0.711509	2
011210000020	0.733386	3
110021000202	0.781365	3
022000	6.791684	0
201210022140	31.538738	1
100220010110	0.935396	2
201220102010	5.337844	0
120220210010	0.718683	2
001002112200	0.590836	3
102200002020	22.858612	0
000012340010	0.600575	0
104040004144	0.545523	0
200211300100	0.689757	2
000020320022	3.449704	0
200212010000	1.253061	2
330210333111	1.143681	3
100201000101	0.972368	3
000001010041	0.618194	0
202102001020	1.059276	1
022120340020	3.419203	2
214041214044	0.706923	3
221200111010	0.701596	2
114041004144	0.749124	3
100100200120	0.779112	0
120122210001	9.414441	0
200200211000	7.252867	0
001201010240	0.494346	0
010012000012	3.268348	3
110101222200	0.607022	1
112002211110	0.871766	2
014240214045	0.276319	2
221100120240	0.800044	0
022000001013	4.713103	0
330102333140	0.639627	2
000220010000	2.907234	0
021000022000	0.334645	0
201201110100	1.536753	0
102210202000	17.837044	0
120021002001	1.231855	0
021221011001	1.105939	0
201001201021	0.846806	0
001021020000	31.487076	0
012102221000	0.316688	2
100122040121	0.412961	3
020202111101	0.818338	2
021002100202	1.529020	1
001010041020	0.005552	3
224053	0.644816	1
202010040001	0.856608	3
011202020120	0.833793	3
212011021112	0.586553	3
000200112003	8.300923	0
212202201101	0.742891	2
000021000122	0.509712	0
240410440400	0.120655	1
201212122222	1.160154	1
121210212200	0.651646	1
010000300001	0.240925	0
002001200000	0.434585	0
120000220003	0.117333	0
334040334244	0.020975	2
000010141021	0.604685	0
221220111220	1.152764	1
114053024345	0.564602	3
102000340000	1.459671	0
120222211101	0.830864	1
122210212202	6.563443	0
012202212120	1.307323	1
020120010022	0.399992	0
001001100010	0.563392	0
100100120043	0.533987	0
011220020043	0.607296	0
100200022200	0.676660	0
210211200122	0.795886	0
210011141022	0.767975	3
011120220043	0.759861	3
021102110102	3.212709	0
020221210100	1.893270	0
101000102212	0.834258	3
122120022011	4.044746	0
000222021121	0.470070	2
022022000011	0.743038	2
002211020212	2.378312	0
000021022100	0.791303	0
002202010120	1.634298	1
020000020100	6.884657	0
211001220100	0.863333	3
002111220212	0.871585	2
202212001111	0.778675	2
200201000200	13.324919	0
202000201000	0.037444	0
221001102040	0.672139	3
000202300002	0.244402	0
220101110240	0.463522	2
120201010200	2.281371	0
022000110210	7.662984	0
201110102021	0.760465	3
201001102020	0.796857	0
000000102200	5.103025	0
121000022000	0.599950	0
112220211201	0.921996	1
220120120000	0.609835	2
102120222111	0.658165	3
000002020002	0.431469	0
012112021112	1.149677	0
212033101333	0.020166	3
004041214044	0.293470	3
012210210101	0.846972	0
010012100001	0.854643	3
110012201112	0.536334	3
120210202200	0.501610	3
000100102200	1.295670	0
010001120141	0.638594	3
010101021212	0.732959	2
201010002020	0.081393	0
212001221000	0.209851	3
100110200040	0.842976	0
012220020111	0.830541	2
020000221000	0.252139	0
020100320002	127.857502	0
001112000202	0.708234	0
202000001103	0.710037	0
010210020101	0.597363	0
002001300211	0.726378	0
201212022121	1.462555	1
100210000040	0.168492	3
200133202333	0.324385	1
112100221100	0.747588	2
021010300201	0.838655	2
120133212333	0.774536	3
010000002040	0.396528	0
110102020040	0.472301	2
020221010221	9.912483	0
000101320201	0.850471	3
204140004244	0.524828	1
011220202020	6.728737	0
020201211111	0.567867	3
112212221120	1.603056	0
000200012203	0.821011	0
210020000000	8.178908	0
012020001000	0.512294	2
221000110100	1.085642	0
000100110040	0.426679	0
110020210100	0.495949	2
200120101010	0.775430	2
014041214245	0.686287	3
002202110120	0.927162	1
101001022001	0.614906	3
020100000111	1.266008	0
024142304144	0.917821	1
000011000220	0.672492	0
200012300022	26.675886	0
120211112122	0.761874	3
022010001021	9.981079	0
000210222202	0.807394	0
120220012003	4.198705	2
112002221201	0.774448	2
004241204044	10.457455	0
021101222200	0.743176	3
002220002210	0.773937	1
010000201000	0.189492	0
221000142000	0.212194	0
101100040020	0.697596	3
010002200043	0.473542	0
001002210001	1.117642	0
120220101003	1.499209	2
212102022203	3.337215	2
010102020121	0.805141	0
122021211112	18.365675	0
000210200000	0.369755	0
120122020111	14.249679	0
330220333000	0.244192	2
000012012001	3.668480	0
142410441421	718.238706	0
350421353410	1.402064	0
001001220022	0.705835	0
020233010333	0.122006	2
002100000200	0.602262	0
122120222011	1.570942	0
040410442403	0.482666	2
102101100200	0.764945	3
222000111000	0.131297	2
201100002101	2.001854	3
331020333012	0.641362	2
201001041022	0.205068	0
100200020022	0.812949	0
200012001020	1.008677	0
120002100040	0.625971	0
002200002002	1.222008	0
201011201222	0.815168	2
120111210212	0.541144	3
201120001011	1.678714	0
001001202220	0.802661	0
222110101112	0.619047	3
000201001010	0.824854	0
221100120201	1.000909	3
010000200102	0.982349	0
010210120240	0.648800	3
010021000201	0.687833	0
201220201011	0.933630	0
112021212010	0.621866	3
100102100000	0.677186	0
002200020200	4.644350	0
011000220003	0.226136	0
211020000021	2.248546	0
102022040010	0.196148	2
021102021002	1.085799	0
020121010011	1.510457	0
101022302211	0.755937	2
140400440421	21.167328	0
200120101020	2.015895	1
000010200200	1.319186	0
110002020040	0.687045	2
200020010101	2.129225	0
112212211120	7.394113	0
001202120122	0.784635	2
002000100021	1.366867	0
020000111000	1.186215	0
021200211200	0.416119	2
210020100010	4.956993	0
100121101212	0.862440	3
010111120200	0.721811	1
001000141000	0.609791	0
010000020200	0.337585	0
002100001002	2.078488	0
014140204044	0.240196	1
102102220201	0.829079	0
101100202001	0.818679	3
121100002021	1.110103	3
200100100022	0.886876	0
100210010100	0.505851	3
110202220120	0.859923	2
011020222120	5.582092	0
001001001222	0.587001	0
101122000201	0.681170	3
220201020240	0.830668	2
201012002020	6.908762	0
221020100021	0.645360	0
120212211102	0.720788	3
210011010202	0.829539	3
002020300102	0.738278	0
212002101201	0.837540	2
112102221003	0.220783	2
220101220240	0.615247	2
022211010212	2.348599	2
010110120142	0.615251	3
000011220122	0.762883	3
000121001201	0.916514	0
000000020041	4.427475	0
010210000002	0.097348	0
121011202022	0.745495	1
101122202021	0.305127	3
001100220000	0.783906	0
221021301201	971.373519	0
112200211100	2.515494	0
124053004353	16.753002	0
000202300040	0.609524	0
200122000111	1.055548	2
211200110200	5.395929	0
022033022333	2.801646	1
002200201000	4.021066	0
021001000001	0.081945	3
010000200140	0.366178	0
000212100101	0.749881	0
022120211010	1.750709	1
330001333210	0.623489	3
001212300102	0.456202	2
210210002022	1.627762	0
000021020022	4.434351	0
000222011121	0.630741	2
112001211202	0.656412	3
020200110020	0.964981	0
214040	0.543818	2
022221	4.421311	2
040412440422	0.624586	2
200110202012	0.756989	3
012000000043	1.393292	0
022220010110	0.765236	2
112002202121	1.135802	1
121110122021	0.855767	3
010000210101	0.738101	0
210100222203	0.839641	3
021012100021	0.736055	2
000120010201	0.607719	3
100102110140	0.276140	0
330001353000	0.012597	3
102021002111	0.548932	3
212200000000	5.425312	0
120210202110	0.652685	3
331020333021	0.566723	2
120221110202	4.059181	0
120111120212	0.727643	3
210210020220	1.430984	0
100102010201	0.657001	0
112033221333	0.660185	3
122000000020	10.782509	0
221020100010	1.224885	0
110000212210	0.478786	3
220120110000	1.733700	2
200000042001	0.356893	0
012111	0.331466	1
200000021220	0.824837	0
001220112020	23.108322	0
100212000112	0.613208	3
021220011010	1.119984	2
121001102100	0.363124	3
020121020022	65.616257	0
100020041022	0.737902	0
210011221102	0.737836	3
012002000102	0.651462	1
011200020001	0.814942	0
020102210201	16.985823	0
201212012121	1.360189	2
002102011010	1.190618	0
101001222020	0.827036	3
000002021200	2.094730	0
210212110100	1.628954	0
200012300011	8.886711	0
100000212020	0.673257	0
021201110020	0.830774	3
020221012000	0.844122	0
020221010211	4.571285	0
022112211222	6.093329	0
001000200011	1.038153	0
000201000121	1.667161	0
120133222333	0.362922	3
102000120003	27.402126	0
100121040222	0.692537	3
010102220102	0.599608	0
010020220010	1.564819	0
200211122122	0.766819	1
102020121112	3.211122	3
241410440422	0.741132	1
211120022112	26.149293	0
010202020102	0.385337	0
222001001020	0.781379	1
020001100102	0.846036	0
021012211122	0.781025	2
200100020020	0.625146	0
020101100200	0.473657	0
122221	9.083683	0
120201212201	0.839212	3
010020022003	0.736324	0
110122020000	0.796775	1
330001333000	0.008096	3
022120112011	0.666529	1
200211021112	0.923144	1
210010220000	0.145980	0
112000211202	0.675993	3
002122300210	0.765162	2
221022121121	1.288815	1
100211020212	0.776187	3
000020000101	0.799036	0
114140224144	0.095543	1
210012220001	2.087353	0
000220320100	4.409789	0
102221012012	2.942853	0
001010041010	0.701986	3
012011042012	0.528282	3
330022333010	0.236313	1
010000042003	0.679610	0
110220200011	0.656066	2
221001111040	0.210398	3
012102000200	2.679356	2
002010102000	4.326505	0
111020212021	0.769465	2
200120040020	6.879849	1
220000101000	0.037568	0
200020340001	0.977839	0
201001201011	0.867175	0
210102220243	0.649711	0
020100210201	3.145270	0
012010202011	0.664940	3
012000202021	1.109424	0
201200020003	1.111163	0
022000001212	0.892746	0
210210010002	4.657228	0
102210000100	142.750435	0
212011011112	0.752503	3
110201221222	0.832055	3
110211210102	0.261154	3
024142114245	0.865665	1
202210021222	1.104512	1
121002202001	1.296513	2
012002100201	0.802003	2
352410353420	1097.636497	0
021001100012	0.801890	3
022122012111	0.870279	1
220100100043	0.410283	3
000002020020	1.563502	0
002001002210	0.784006	0
020000100102	6.268882	0
100100110043	0.797181	0
011002122001	0.847230	3
020001000201	0.180765	3
101121002211	0.624953	3
002000120003	6.627718	0
110102222010	0.605960	2
101201110040	0.689910	3
021101010220	0.731148	3
000200222003	0.700691	0
000021300011	0.356371	0
201010340020	0.302500	0
020210	0.131356	2
211011011022	0.714843	3
220200102023	0.828868	2
001000300220	0.692945	0
110021220100	0.840029	3
101220222010	4.075400	2
101000040021	0.424411	3
110002212200	0.686606	2
010100021000	0.399217	3
211000100003	0.333351	0
000000142010	4.867196	0
021020110010	1.977364	0
022000222020	2.348440	0
022100110121	0.650923	0
021010100040	0.750523	2
020000010221	4.595328	0
100200000040	0.097437	0
202102001220	1.981807	1
042411440400	1.139963	1
020200212210	0.468224	0
212002101011	1.096962	2
220011120112	0.303271	1
104040104044	0.422660	3
220110111200	0.729831	3
000010012022	0.831410	0
000222102111	0.720173	2
000000222023	0.687418	0
021002102000	0.900072	2
041411440402	0.663964	1
210212002102	1.040370	0
101020200020	0.763017	0
001121000021	0.392552	0
112000001200	1.187266	0
101122002201	0.489332	3
020211212002	0.891067	2
220001110000	0.596044	2
100011120002	0.824115	3
120010010101	0.743437	0
000200020012	0.589061	0
022001011020	1.370993	2
000022012001	0.756698	0
120011200122	0.656991	3
020102020222	142.050662	0
010101120201	0.117525	2
200212020000	0.755187	1
000210211000	0.851393	3
112000202023	0.523055	0
022120112202	0.737144	1
112002220203	0.878500	2
000012340020	1.390838	0
002201010200	74.139013	0
212122	0.201833	1
110001241002	0.569747	3
021001110221	0.711548	3
200010000101	0.748835	3
020111210222	0.656535	2
022120340010	1.879033	2
000022210221	1.878410	0
222121121212	0.796683	1
010002100003	1.207576	3
200012000120	37.855958	0
101100220000	0.826622	3
001000110240	0.672996	0
012220112010	0.692770	2
001201010202	0.554488	0
000001020041	0.902829	0
000012100100	13.498433	0
001122020021	0.618996	0
040400540422	0.708562	0
122120020010	9.822838	0
020233	0.833499	2
000100200140	0.682090	0
120020010200	36.740642	0
011012201022	0.757198	3
102101211202	0.814985	3
120212000101	0.759939	3
020101120200	0.340330	0
201200000100	3.440274	0
010022210101	0.464125	2
112102221011	1.023839	2
204140224044	0.609314	1
020001210040	0.676317	0
120111212202	0.657816	3
112011200022	0.933256	3
204140	0.547051	1
210210020102	1.191244	0
200000222203	2.646808	0
012202010112	1.419064	1
010233120333	805.881251	3
021020010212	2.339410	0
221022101001	0.795579	2
142400441411	427.055270	0
010001001022	0.831040	0
010000111100	0.856592	0
120020212020	1.349872	0
201020302012	354.160206	0
000001310040	0.777787	0
200111202202	0.765715	1
000001010140	0.054422	0
211020202020	35.992599	0
111202	0.217457	1
212001100002	1.392226	3
112220212201	1.240187	1
110200	1.169110	0
201000000100	3.036011	0
101120122212	0.838525	3
020100000040	3.626409	0
001020041003	22.437613	0
000022300100	0.286733	0
200211320022	1.229289	1
000012000241	0.895150	0
000020140001	1.459005	0
002011002202	1.317108	0
122000011000	9.692874	0
001002140020	0.784021	3
101000022100	0.598618	0
010000122003	0.327924	0
214140224144	0.290764	1
200010100240	1.096346	0
200100021010	0.694875	0
100002010040	0.369358	0
022210300202	0.846639	2
002002101001	1.434562	0
021101020201	0.390343	3
221110112020	0.748519	3
120100220210	0.718939	0
000212002022	4.497619	0
010000110002	0.591549	0
010212021112	0.680043	3
002120000211	0.563482	2
000001302002	4.117913	0
004042224044	0.749438	2
240400	0.447007	2
002011200022	0.540284	0
102102221221	0.613565	0
200000201103	0.832921	0
022020000100	0.800429	2
101102000220	0.837475	3
200000211020	1.104668	0
000001300110	0.624171	0
201000302222	12.073152	0
010211010042	0.789198	0
110202211102	0.055074	2
210010202001	0.791259	3
042410541411	0.822490	2
000001021000	0.762538	0
000100002002	2.906767	0
122020211210	0.954746	0
220000101220	0.786250	0
100010000240	0.487249	0
200022300221	0.711388	1
202111121222	0.654316	1
000200010112	0.817155	0
110112220022	0.792446	3
212102211220	5.608714	1
212202201000	0.757072	2
011220202012	1.108307	0
202211001110	0.885060	2
222002111111	0.872733	2
220233010353	0.713998	1
101220012023	3.206382	2
001110122221	0.810130	3
001000002020	0.362932	0
330021353021	0.596134	3
120000000140	7.570113	0
110220202000	6.340822	2
021021000020	17.467909	0
201212100121	0.725113	2
011002112100	0.831319	3
332022333101	0.810992	1
120001210121	1.489698	3
221000111023	0.877577	3
211002141000	23.128165	0
000001320002	6.619868	0
201110020021	0.861294	3
100021202000	1.038296	0
211202200100	1.378149	0
014040224244	0.514430	2
221101	0.100575	3
001002121010	0.833078	3
211011021122	0.798366	3
102002221003	8.818378	0
010201220201	1.018195	0
102210002002	56.624665	0
001010140020	0.368400	3
120000220043	0.802899	0
100120012000	0.449403	3
202210121020	1.422778	1
000001302200	0.764099	0
012102221101	1.228588	2
022000010012	2.734014	0
101020201010	0.702267	0
012200020100	15.969948	0
012012220011	2.172471	0
201020011110	1.967877	0
000212102202	2.649627	0
102101110200	0.798152	3
000202122102	4.886146	0
102102001110	1.423069	0
022000101010	4.153130	0
101112102122	0.526317	3
000120010010	0.768002	3
000002310240	0.668365	0
020202211110	0.522313	2
002020340011	0.955486	0
012100220100	0.518577	2
022211011222	1.057037	2
000011221112	0.692921	3
012010000020	1.078209	0
201212322120	1.149811	1
002001000210	0.478401	0
102012041000	1.607237	0
200200101100	5.024786	0
110201210040	22.838354	0
001021042010	36.827062	0
200000340020	8.519080	0
210010100003	0.647435	3
100100212000	0.537479	0
101010212021	0.762852	2
010001120040	0.163724	0
330011	0.649742	3
120221010000	6.813821	0
011200010100	0.719354	0
002021042012	0.552116	0
142410440420	58.936557	0
212102222000	0.604618	2
002100001010	0.625858	0
021002	2.413288	2
121021000020	19.745293	0
112021212001	0.730519	3
200122001121	2.361812	1
020000000140	4.894805	0
201212121221	0.772732	1
222001100010	0.722785	1
220100100020	0.661202	0
002211000122	27.873634	0
200102020102	5.669114	0
000220300120	5.229309	0
020002000022	0.899243	0
011020010200	0.813475	3
002022002011	0.397532	2
202010041012	0.476014	0
000102300140	0.355286	0
200201300201	11.088876	0
201021002022	26.369039	0
002002200001	0.737053	0
002000101011	3.716511	0
101020202122	5.077767	0
330022333201	0.004065	1
000000320002	7.019128	0
020002100020	0.625131	0
200011041010	0.744913	2
000000020102	19.098752	0
000001120201	0.581298	0
004041114144	0.284559	3
002010010000	1.568144	0
120221211100	1.085521	0
020101012200	0.566947	0
012001000020	0.460390	3
112100220100	0.697937	2
021201010222	0.333470	3
002002002221	1.643923	0
000121300221	0.669542	3
220202	0.394233	1
000020340002	0.678042	0
002122300001	0.481178	2
000000302200	3.488071	0
011001000022	0.765984	0
101120222012	0.819050	3
122120211112	7.584290	0
011200222000	0.708076	0
104141104244	0.706927	3
201000012020	1.303833	0
002112201112	4.627971	0
102020112010	0.715670	3
210001122000	0.642690	0
000020040012	0.571825	0
021001002221	0.637045	3
101100000000	0.455085	3
204141	0.506441	1
121121222211	0.936761	0
022110210000	0.999034	0
001210300101	0.644163	2
021120000200	1.375675	0
200210021020	1.035883	1
020233111333	0.560240	2
040421440420	26.435352	0
012220000010	0.575165	2
001201200000	0.670671	0
200012340002	0.854406	0
201001000100	2.105895	0
010200	5.936937	0
200012040102	2.431170	0
121202112100	0.751843	1
012021022022	0.839734	3
212211001102	0.659676	0
210022122010	0.803002	1
000000040013	0.080254	0
332010353021	1466.296438	3
021021001000	31.321634	0
212200201010	6.209858	0
012001221200	0.669100	3
012220022212	1.506432	1
200200000112	9.657665	0
101210202023	0.838489	1
221010101000	0.365165	2
042400441411	0.754444	1
100102120040	0.483657	0
201100000202	0.581746	0
212020121012	0.770800	2
010000220001	0.330977	0
002020010111	0.736853	0
112010201120	0.639643	3
120100200002	53.632958	0
210020001020	17.039903	0
141410440420	0.551865	1
000121202212	2.364484	0
352400543422	4.045211	0
121001200202	0.686145	3
201001040002	0.371944	0
120012202001	0.878066	0
020210211201	0.596182	2
104053114345	0.571591	3
012002221020	0.993374	1
000021010122	0.564687	0
000222010111	0.369506	2
000101010242	0.458727	3
200120000010	0.801503	2
110020210001	0.615685	2
001022002121	0.318859	0
211010011022	0.903498	3
000000222040	0.687716	0
002102100201	2.151076	0
202100211000	0.774682	2
220100120203	0.899402	3
001102000220	0.481556	0
000020012212	0.843293	0
010102020020	0.739995	0
001221000102	18.771267	0
100102200100	0.768677	0
331012333220	0.873600	1
110000002020	0.506335	0
021201112000	0.623533	3
224053104345	0.598797	1
010000100141	0.791874	0
201021041000	108.429761	0
211000141010	0.960447	0
212002101003	0.763631	2
100121000222	0.440444	3
121112012021	1.109848	0
200200202103	2.956274	0
120012000221	0.705157	0
100202000100	0.158826	2
021021300002	40.520625	0
010112020222	0.164327	0
010200220043	104.995121	0
011001000202	0.712740	0
330100333020	0.588573	2
112021021112	0.673969	3
020201010210	0.514384	3
000011001222	0.505823	3
200220101110	0.821435	0
000222001111	0.524879	2
201000122000	1.696336	0
100000002211	0.917558	0
330012333221	0.468293	3
121010122022	0.788437	2
021001002220	0.611549	3
210202000120	1.012437	0
101021002020	6.780666	0
020200000011	0.611673	0
330200333002	0.072315	3
011000220000	0.146688	0
212233	486.040068	0
010211000142	0.780237	0
212120021012	0.591309	1
211200120003	20.068965	0
104053214353	0.474066	3
221100121201	0.703799	3
120120100100	4.712503	0
002000302022	0.763501	0
000000141010	0.805418	0
020020300011	0.841915	0
201120002120	6.826260	0
220100100240	0.785765	0
001200020202	0.616092	0
200012000022	2.644283	0
142420440400	18.896051	1
201001040020	0.467006	0
020220000221	1.060134	1
100020040001	0.218333	0
210100102222	0.828862	0
110202211122	0.159813	2
201002141010	0.722282	0
200120100010	0.809564	2
222001	0.145001	1
352400543411	4.123171	0
011020022010	0.836826	0
012020000000	0.457307	2
000000300241	4.769032	0
212000221021	0.766843	0
010122340121	0.448898	2
020011000012	0.205701	2
201120042001	4.501361	0
004040204044	0.030575	0
020200212203	0.864427	0
012000001003	0.634494	0
000210200100	1.354646	0
001102100220	0.763392	3
022021000101	1.235294	2
222101111202	0.838935	1
221021111212	2.071458	0
202001001001	0.793679	2
000012220001	3.087471	0
100220212003	4.573609	2
020120002001	5.710789	0
330100333021	0.643641	2
021021001201	34.555574	0
100200112000	0.462842	0
202000001100	0.294478	0
001220012012	0.868349	0
201212022021	4.893643	1
020122010101	1.764421	0
020000221003	0.097801	0
110012202000	0.717681	3
010101020212	0.599271	2
201010302020	1.266912	0
010012000100	1.880470	0
010012300000	0.460685	3
200002000121	0.966730	0
120000211022	26.532127	0
212033100333	0.119212	3
012001010002	0.807983	3
122020201112	34.827471	0
102020111012	0.797122	3
000002220102	1.127120	0
002020340002	2.603435	0
002100001011	0.706714	0
100111000202	0.626427	3
200000010222	0.749256	0
000121001222	0.742153	0
220021102000	0.671380	1
021020000023	69.621893	0
110102020140	0.819632	2
214053124345	0.841815	3
001022201111	0.645884	3
020102000020	6.296724	0
112100221000	0.517507	2
112001202002	0.675505	3
120101210222	1.208498	0
000202000002	0.486592	0
012001041002	0.426703	3
202000201003	0.051162	0
040411440400	0.359131	2
102002002003	5.575095	0
102001002012	1.865562	0
020000020103	0.691363	0
212012201121	1.931058	0
102001000100	0.661497	3
011120020200	0.834127	3
022210110022	0.658492	2
000210020240	0.724107	0
201000222010	0.636583	0
022012011201	0.848420	0
022100121003	1.174317	0
110233212333	1.090698	3
000022020000	0.534095	0
221020101020	23.036181	0
021201110222	0.497223	3
020101012201	0.777702	3
211100221200	1.333494	0
122000001010	18.810802	0
000121300220	0.509564	3
220120120100	1.433983	2
000000302201	14.321241	0
001000000121	0.492890	0
102200002012	17.889353	0
020020022010	1.233079	0
212233210333	370.800101	0
020221110000	2.342978	0
010000120041	0.425149	0
022122022011	1.120296	1
012120122110	0.780703	1
000001021001	1.114535	0
110210210042	0.775494	3
100020112000	0.672677	3
110001201010	0.724798	3
120000220000	4.294327	0
002001200003	0.765866	0
000021300122	0.276636	0
210000021003	0.640886	0
202010041001	0.472078	3
000210001040	0.390097	3
220201110201	0.802392	2
332022353011	0.458385	1
122120211212	5.924926	0
000100020201	2.156246	0
022011300011	1.431088	2
000002010120	0.467991	0
120000100140	3.193318	0
201110000022	0.502218	3
002202300110	8.854772	2
020220210000	1.432675	2
210010210100	1.616057	3
100100210101	0.614472	0
104041014144	0.632878	3
000000002021	13.174377	0
200211200212	1.408665	1
000201300041	11.687325	0
000110000140	0.676152	0
110010211200	0.531670	3
040402440412	0.214761	2
011102020020	0.686818	3
221200112102	0.666905	2
100100200020	0.343682	0
002001101010	1.819101	0
022211110022	0.832456	2
221021100112	3.413235	0
001002021010	0.774592	3
121120122210	1.146687	0
211000220000	1.229789	0
020021000021	20.371452	0
021000102003	0.370242	3
140411440400	0.801540	3
221110121002	0.807407	3
012001300200	0.916828	3
100122041121	0.727847	3
001010041023	0.261281	3
100120012001	0.872208	3
010100020040	0.012228	0
000000102002	13.103198	0
121001120240	0.799744	3
201210001122	0.923225	2
002021001102	0.641969	3
142400442402	15.151116	0
112021212012	0.344180	3
201022002211	34.719047	0
010021000212	0.313781	0
211000202202	1.994499	0
022000000013	7.838631	0
102121222011	0.670103	3
000220010100	3.259448	0
000210120000	1.014608	0
201110201122	0.957018	3
332020333001	0.735341	2
021221010021	19.769442	0
012102040220	12.401099	1
000100200141	1.065489	0
100220010010	1.584316	2
210021001002	5.354593	0
020101020200	0.066100	0
200112300220	8.221501	0
020002010141	0.928501	0
100010002222	0.785952	0
102100001200	0.632755	0
000000020023	16.479997	0
212021001000	0.741310	3
101120222120	0.839337	3
112102221010	0.413716	2
020200010210	0.554044	0
222101121220	0.706935	1
011022000201	0.486918	3
012012201021	0.664852	0
020111211212	0.603136	2
002010020220	20.033816	0
010001200002	0.484727	0
010020221010	3.550295	0
220100101003	0.398693	3
112011241000	0.595763	3
200000121010	0.744318	0
020211011212	0.577369	2
200212010100	1.206117	2
000010040201	0.716243	0
000011340002	0.293364	0
020100000041	8.168563	0
101220222023	1.517426	2
221001110000	0.135557	3
200210120220	0.977083	1
021120000101	3.853391	0
101000041011	0.661831	3
000102121010	0.902331	0
112121212212	0.650084	1
000002302211	14.166058	0
012110020022	0.737517	3
012122320201	0.747345	1
201000040020	0.169024	0
010000022003	0.202222	0
001102000101	0.669633	0
021002110140	9.321982	2
101120102021	0.660014	3
010001201100	0.729467	0
000202100100	0.218078	0
012011020202	0.755840	3
000200000012	1.101762	0
002000012020	0.712739	0
201201022122	1.140377	0
001020241020	0.665054	0
002012010011	1.441541	0
211001221000	0.736017	0
022210212212	0.769471	1
102220022013	1.308583	2
101112142212	0.672729	3
200112001222	6.494342	0
101001100000	0.743639	3
101122200201	0.758249	3
222012001201	1.945137	1
222033141333	0.329204	1
001012340021	0.260151	3
101120122010	0.716074	3
352420353400	1.194407	1
201000202100	0.624360	0
101101220202	0.774731	3
000021000110	19.858641	0
010120000022	0.804124	2
001001010102	0.548920	0
221120122120	8.357893	0
040402441422	0.781758	2
000112000100	2.983062	0
200010040021	0.412246	3
200210320000	1.566762	1
104041024044	4.248620	0
001001100022	0.422881	0
000000142011	1.280335	0
202210211212	0.856369	1
100211200122	0.670557	3
110200210102	0.108705	0
000002302020	6.135185	0
020200212211	0.767136	0
012000001011	0.903642	0
210200000002	10.028985	0
002012202112	4.828864	0
221001110001	0.493211	3
011022102111	0.612450	3
010211020142	0.762047	0
000002010012	1.510188	0
200212010101	2.206766	2
010002200100	0.239031	0
100002020140	0.559684	0
002210000011	24.669539	0
120022	1.952333	2
010001020201	0.292020	0
000010201021	1.154835	0
104140004044	0.030422	3
201211111112	0.836417	2
204140214144	0.502527	1
000200122100	0.740953	0
100022000010	0.757264	2
010220200100	42.516631	0
001020020200	1.012716	0
000021001012	8.710679	0
020020300200	0.961429	0
022011122212	0.703415	1
010101120200	0.049971	2
210102120102	0.884594	0
200020012000	1.748848	0
120000101111	0.802688	0
121101212202	0.288906	3
200010340021	0.509374	3
212002101023	0.826955	1
122033122333	1596.314957	0
221220111000	1.615048	2
212002100020	1.021747	1
002011000112	0.184147	3
020100200200	4.114435	0
022021110022	0.837536	2
104041214044	0.638501	3
201220002020	81.497046	0
100120022011	0.863530	3
332200333012	5.503368	0
211011002222	0.828078	3
000100002040	0.716537	0
010001000012	0.869576	0
001000010240	0.482199	0
010002001000	0.376098	3
212011	0.135468	3
000001020040	2.020706	0
001021212112	1.165841	0
000010000121	0.572501	0
012220112011	0.598191	2
041421441402	773.637913	0
020101100201	0.787100	3
331021333020	0.707283	3
200202300100	0.599462	2
000102010140	0.110916	0
000001340010	0.561786	0
202002210203	0.855491	2
000012012021	1.714240	0
020120010043	0.748020	0
004240024244	5.961516	1
210010220001	0.745166	3
000202210140	0.665096	0
001000220010	0.818928	0
332021333022	0.516877	3
000200040001	4.323572	0
214240114044	0.333957	1
122010101020	4.562183	0
211002212000	12.922204	0
350412543402	0.453586	3
200001042000	0.320914	0
000020100101	0.796976	0
022000101023	1.529729	0
020121210202	6.277848	0
022000100020	2.132280	0
002000220100	1.221641	0
100120022100	0.685809	3
010020010010	0.695312	0
220000000043	0.323952	0
010222110111	0.766735	2
020102010120	1.937358	0
220000000003	0.151602	0
200021000202	2.429393	0
000200210222	0.845091	0
111020212020	0.666565	2
000022000100	0.256301	0
020221010202	4.480314	0
012201020002	3.764052	0
211222210121	3.003627	0
210210110002	1.592899	0
010000212000	0.327081	0
012000202020	0.455842	0
020200011220	2.213459	0
112102220020	0.395416	1
001020000100	2.849786	0
021101020212	0.834015	3
000122100101	0.502880	3
102110000020	10.453483	0
011200000200	1.081615	0
100120001200	0.338476	3
000110220202	0.695661	0
000010041011	0.158936	0
200120300000	0.566264	2
020102012203	34.504798	0
010200210012	0.815247	0
200210002001	1.471819	2
021221011011	1.957533	0
331022333011	0.516604	1
020001211000	0.767985	0
002100001003	0.613098	0
121201212200	0.072409	3
022021021112	1.112718	2
021021001010	3.300780	0
000002020021	2.895720	0
021201111201	0.793017	3
121101012200	0.495547	3
011200202020	0.762320	0
001000001102	1.150468	0
102101040010	0.612196	3
000212000101	0.069111	0
000000200010	0.297621	0
000000201013	0.454890	0
011022	0.120639	3
202200011011	1.180115	2
010200221003	1.409185	0
002010020100	2.838136	0
101000002222	0.673361	0
104240024244	14.531667	1
101021002112	1.769907	3
000000202102	2.832355	0
010002300140	0.669240	3
200210100100	0.618521	2
122120012010	3.348231	0
200011040011	0.812110	2
022220010111	0.828486	2
001002300240	0.800377	3
000112200101	14.766594	0
121110122020	0.730438	3
202212101121	2.779080	2
010220202202	0.879185	0
102021002110	0.998358	3
041401442422	0.124677	3
100102010140	0.275115	0
212200100000	504.030887	0
210002210100	4.900474	0
210120020001	0.793358	2
122120221012	15.252038	0
011200212100	1.038657	0
201120002012	23.205954	0
000101200002	0.803966	0
002010302202	0.820203	0
012221000011	22.735231	0
201001002010	0.449425	0
010011211222	0.791888	3
020101322200	0.630473	0
102120212110	0.764443	3
022010220000	6.204930	0
121021202012	4.129823	0
000120300010	0.198687	3
142412	168.493772	0
110122021221	0.825251	1
001001340002	0.163013	0
111220202210	2.285237	1
021022100011	0.805049	2
202233200333	0.810326	1
201210101100	0.812953	2
100010041011	0.273116	0
352400	28.929646	0
332000333020	0.567654	3
100121001200	0.398673	3
000200300112	0.443943	0
012010001010	0.570031	0
201201302220	1.152971	0
120020200100	2.306118	0
001020042003	1.198433	0
201212012120	1.575813	2
200012000110	1.911887	0
002210200020	14.328321	0
000200302000	11.741761	0
200012300010	15.429450	0
022001021010	0.802323	2
210020	7.961775	0
000201300020	23.874929	0
020001000000	0.061162	0
000100300220	0.511467	0
001220300211	1.125233	0
020000000200	0.738957	0
012002220010	2.046182	2
221200101043	0.431597	2
021002020100	0.403019	1
220000001010	0.631574	0
000100220001	0.899423	0
014053214345	0.583601	3
011002202000	0.470683	3
020000011000	1.640479	0
100000222012	1.113267	0
210200110201	12.025784	0
000011221102	0.765602	3
004142304044	0.791155	2
000020300010	0.057077	0
002000100020	5.716948	0
004142004144	0.457212	2
101001012000	0.715627	3
020012010000	4.181964	0
002120102112	0.647736	2
022120020212	2.579792	2
221001002000	0.360817	3
200012002021	2.887486	0
100121001212	1.041244	3
111010002020	0.601568	1
012202011003	0.738619	2
000202310100	0.516672	0
010001100001	0.604079	0
011002000220	0.656470	3
220020	1.884943	2
100000200210	0.814287	0
001101000202	0.400062	3
330002333201	0.040840	2
100210110100	0.748650	3
014240104044	0.514766	1
000012020222	0.795865	0
122122201011	19.842490	0
012200010040	0.406863	0
200100000022	5.166381	0
012001020102	0.807908	3
001010002021	0.054225	3
002021041011	0.679901	0
200210011120	0.811443	2
114240024045	16.756724	2
000021210012	1.111417	0
111220112023	2.834398	2
220200212023	0.912552	2
022221310201	0.933934	2
040421441410	152.434381	0
001100000140	0.684517	3
212002001201	0.947059	2
120100002020	2.072603	0
221020100020	35.755230	0
114140224045	0.409525	1
110021001010	0.755823	3
110000200020	0.203753	0
222000121001	0.439776	2
002100041002	1.190626	0
022001010201	1.114199	2
001022200121	0.697705	0
002002221100	1.723188	0
020102210210	28.759015	0
012010200001	0.685931	3
021020001013	0.848467	0
000012000202	0.112115	0
121000212000	0.051903	0
204040304044	0.045110	2
000202000141	0.525742	0
002200102010	2.688953	0
002101221200	0.778442	2
111201212212	0.499376	3
001200120000	4.353960	0
022033122333	3.337986	1
220100120200	0.555421	0
001201000100	0.548207	0
110020210101	0.783436	2
001122000222	0.618400	0
200011202000	0.692337	2
100102200140	0.330049	0
200120001010	0.779488	2
200100011003	0.695497	3
101001022000	0.289938	3
112010201020	0.214572	0
201122022021	2.040593	0
011002000210	0.766407	3
000010102010	1.236142	0
102001000200	0.853849	0
330100333120	0.740684	2
000200100210	1.095280	0
210000001022	1.710537	0
100201000112	0.828471	3
120120200000	30.944178	0
200200202100	3.779793	0
010001110102	0.688816	0
120101000240	91.569485	0
200012002011	2.028307	0
100000021010	0.544942	0
200100000012	5.364938	0
120102000040	8.109361	0
001220300222	1.096327	0
210000212020	0.757041	0
011200	1.416155	0
201100022100	0.775541	3
001222000110	0.706594	2
021000300012	0.837886	3
120220000000	3.410240	2
200001201003	0.696730	0
000110001021	0.778885	0
101012222020	0.847217	2
201001001102	1.116552	0
000220340010	0.675961	0
012220000110	1.097037	2
200200201220	3.420061	0
102101100201	0.781434	3
002021010202	0.346770	3
021120002003	0.832821	0
332020333011	0.565573	2
002102020110	2.670985	0
220210110020	0.806579	1
210002120100	1.566585	0
000102320210	0.857393	0
104140114244	0.296650	3
012001220200	0.771788	3
004240114044	0.972079	1
000000102023	11.774818	0
000021012202	0.731190	0
210120100000	0.983017	2
012010042020	1.279328	0
200210110040	2.473762	2
000000010040	0.158863	0
021021001100	80.197707	0
101212322122	0.825630	1
040400441401	3.222056	0
104040	1.111430	0
102202121100	1.925764	2
210002200040	0.628849	0
104040224044	1.773145	0
021221010220	5.359310	0
210000042000	0.766084	0
021102010102	11.932183	0
010200001010	0.661030	0
002010300112	0.693880	0
102122212211	0.674738	3
000000201023	83.410723	0
212033241333	0.478452	3
330210333020	0.782687	3
011010220022	0.764158	3
020201300200	1.052510	0
102002102000	14.011923	0
100102020200	0.503273	0
120201010201	2.649494	3
011102020201	0.805531	3
000101021202	0.634481	0
201002001120	8.044839	0
000000002200	1.728759	0
001010242021	0.601539	3
001100000010	0.727747	3
112012221011	1.052535	0
111220202220	1.696952	1
212110121112	0.714938	3
000020040002	1.025418	0
121000122000	0.462564	0
120201211102	0.821572	3
122000100010	19.056183	0
021201011222	0.794171	3
202021011012	0.626466	2
121001	0.136186	3
200110100202	0.732493	3
000100102201	0.729887	0
212033001333	0.041776	3
112022212001	0.629297	1
120112020002	25.810331	0
011200010000	0.551960	0
001012102020	0.673474	3
350410543421	0.033526	3
201010002021	0.133357	3
000000321000	0.791029	0
121001000022	0.794418	3
010012000001	0.349819	0
201002000010	5.209595	0
212012101021	2.529940	0
012200010002	3.598820	0
212102021220	1.536286	1
100200012003	1.936596	0
004240114245	4.843669	1
010210020100	1.753628	0
002000221003	0.977220	0
200110000240	0.506198	3
012002300201	0.773233	2
121001202202	0.792527	3
120200111000	0.480999	3
012021112112	0.596382	3
221012111220	1.944963	1
000020341000	0.626814	0
100222010101	0.700034	1
202021010110	0.706954	2
012100022020	0.755387	2
120120212000	1.903915	0
000200212100	0.864684	0
000001340020	15.163777	0
012220022010	0.960990	2
221201	0.087329	3
200200000201	6.369603	0
120000120100	6.959776	0
200201100102	1.369275	0
022110000000	4.419686	0
000100012100	0.718199	0
002000020202	3.625777	0
100000200020	1.187636	0
020220210101	1.560238	2
110012201101	0.690258	3
111222202121	0.805833	1
101200211003	0.712865	2
010020100010	0.606065	0
012100221100	0.848046	2
121000	0.694086	0
212020111000	0.678501	2
120021002000	20.836399	0
201201010100	8.537974	0
120000200040	103.890654	0
022000010112	1.511468	0
201002202003	1.070947	0
000110221000	0.767199	0
210102120140	0.540024	0
000001002200	0.519913	0
010000200023	1.327713	0
021110022200	0.856208	3
200120202000	0.460899	1
001010141020	0.258565	3
022121320212	5.306418	2
004241114245	135.791178	0
040412440401	0.441255	2
102002101011	1.237781	0
012000040001	0.763451	0
201222012211	1.195776	2
120111010240	0.706990	3
022211310202	0.818546	2
211012222122	2.814450	0
210200000040	0.572610	0
020100220200	1.226999	0
110112220122	0.824111	3
010002210040	0.248401	0
100000001120	0.736348	0
000100302002	0.604185	0
000010041021	0.949572	0
000100002102	0.847970	0
204040114144	0.752154	2
100120220000	0.287597	3
210011100000	0.720191	3
020112020002	97.569077	0
000021020001	2.360201	0
012100020000	0.268451	2
200110000211	0.784799	3
040400440423	5.101674	0
012000001022	0.709550	0
000002020011	0.735663	0
110220202003	3.843032	2
220200111011	0.796703	2
001000002023	0.559722	0
002210000022	69.848961	0
101020200012	1.038290	0
000220010110	3.006071	0
000110020100	0.549559	0
331012	0.528448	1
100120202202	0.861988	3
000112000142	0.693754	0
200111000240	0.613682	1
011200202010	0.790170	0
001102000000	0.481382	0
000010000221	0.656758	0
120002210040	14.959415	0
011211220222	0.841970	3
101120122020	0.718634	3
210100110043	0.773202	3
001001012020	0.823288	0
200211320122	2.527905	1
012020202001	0.735743	2
020120020010	24.944233	0
201200200000	16.296493	0
122011000212	1.574508	0
120000000203	4.460936	0
200211020022	0.752409	1
122210210100	110.314319	0
222011001112	0.600733	1
100122101011	0.734042	3
120000211003	0.188621	0
101202002101	0.756221	1
000002300102	0.473955	0
110202210102	0.144188	2
010211010142	0.689212	0
200000211023	0.738083	0
001220100021	17.637069	0
112210210000	17.050993	0
020220001003	0.750661	2
021211210121	0.666751	1
120010220022	0.851606	0
200000010203	63.293760	0
010220002000	16.532628	0
210201	40.372790	0
100100002012	0.720225	0
000201000112	1.578010	0
121100110001	0.765988	3
212000221200	1.042212	0
010001201001	0.960432	0
021101021201	0.785170	3
202210011110	3.921385	2
041412440420	0.559040	1
112021221202	0.803169	3
210001220001	0.773426	0
001020201000	7.976078	0
000102010203	75.440973	0
121101222202	1.519056	3
000112220202	0.736981	0
120233110333	0.194845	3
220010100012	0.574940	2
101010002011	0.706854	2
201200001100	7.275676	0
020021302010	1.597697	0
000121000010	0.793315	0
221100121020	0.603801	0
220010102100	0.838468	2
101100122210	0.719912	3
001000040002	0.697034	0
330000333222	0.049561	3
001020041000	10.882099	0
010010000011	0.759135	3
000102000000	0.865507	0
022102010200	8.271663	0
211002122000	17.860457	0
200212010001	3.006230	2
020211110212	0.467647	2
002012011012	5.065239	0
011120002023	0.564565	3
100212200101	0.402224	3
120000010202	2.393758	0
110210020240	0.632738	3
000202200000	0.631936	0
100000041013	0.822496	0
330210353001	0.642066	3
000200001011	7.973402	0
201120202010	2.414364	0
224140024044	0.557589	1
100000040010	0.153644	0
020112010102	5.131635	0
120000101010	0.626531	0
000000320010	1.199986	0
002202022121	1.405390	1
332010333221	395.732775	3
100100120101	0.646497	0
010100320102	0.685579	3
010002220140	0.767581	0
120011201122	0.714521	3
102220002012	0.618220	1
212020201012	0.656127	2
022211110011	0.847620	2
220001111000	0.708900	2
352400543401	25.316943	0
102010102010	6.685472	0
102120202012	0.390943	3
000010220022	0.616001	0
100121000201	0.133009	3
000001020141	0.748759	0
010200012020	2.653535	0
022000010020	3.353442	0
010002100000	0.169264	3
011000000010	0.592021	0
012002040003	0.307441	2
024142114144	0.808170	1
021101222220	0.907639	3
042411441402	0.809145	1
212002221003	1.829085	2
000210210000	0.474719	0
112000202020	0.345196	0
040400441413	0.370585	0
002021040002	0.572200	0
022012220111	0.849786	0
040422441411	0.823189	1
000100022000	0.484086	0
121020000020	33.413656	0
012222	0.196498	1
020100220240	0.788472	0
121211212222	0.361830	1
000200222000	0.730540	0
012011010202	0.864315	3
201202011102	0.805548	2
112012200000	5.148601	0
121100120100	0.700720	3
021002102100	0.846935	2
002210000110	19.554433	0
202200121200	0.773134	1
000100220220	0.858590	0
110210200102	0.735053	3
221100121200	1.097385	0
104040104144	0.755332	3
110122220243	0.607772	1
210201100200	118.369420	0
202202001110	0.817483	2
210200110020	3.174584	0
000200102140	0.759375	0
210022210221	0.911677	1
212102022210	0.879022	2
000200020220	2.476314	0
200012320201	1.189086	0
000001011001	1.445967	0
100020122000	0.803220	3
002021002212	0.153138	0
022122012011	0.654902	1
000100300001	0.038876	0
000211002012	0.809473	3
200220010221	1.058975	0
100000102002	1.954774	0
200011041002	0.724739	2
122220211110	2.256672	2
110211211102	0.375678	3
000012300110	0.780261	0
010121120001	0.785435	2
200001002020	0.817484	0
000012302002	13.978872	0
210210011002	2.394509	0
201212122122	1.240689	1
201012042022	0.536567	0
222220	0.638628	1
021101210201	0.630910	3
200210102011	0.841681	2
011200102000	1.362827	0
112011221020	0.819876	3
001000102010	1.062748	0
332000333201	12.843428	3
100212020141	0.528441	3
000011122212	0.790469	3
020001300201	1.313607	3
100100002120	0.832569	0
000001000241	0.468145	0
120120010001	3.745394	0
200200202200	2.648517	0
212011222010	0.769512	3
010010120100	0.961813	3
010001200040	0.263204	0
121200202003	0.478973	2
112012221200	0.863933	0
201210201220	1.524668	1
210010220100	0.676638	3
002202300120	2.409883	1
200033210333	0.201716	2
100100042001	0.804409	0
000033102353	0.228218	3
000010001211	0.727234	0
022211000211	0.705648	2
202102	3.657802	2
201110001220	0.810393	3
020221111202	1.625054	0
200120040120	6.446183	1
220000100000	0.015542	0
202210021010	1.341951	1
001122002211	0.689393	0
010200001201	0.853551	0
010100102023	0.776801	3
100121042011	0.837968	3
220000101003	0.036485	0
330021333002	0.014406	3
021001100220	0.796619	3
020002000001	3.154643	0
221001111140	0.262400	3
022000001020	2.998097	0
331002353000	0.787575	1
002102300212	1.524142	0
210120020220	0.872555	1
041411440422	0.134166	1
114140	0.594040	1
200122010021	0.843997	1
200000002020	0.484678	0
210002110000	4.768165	0
011002000000	0.133110	3
102002101003	5.541604	0
011002211200	0.444924	3
002022002111	0.447619	2
010120000003	0.673180	2
010211211102	1.387560	3
100211002012	0.785347	3
000201320210	0.712758	0
204040304144	0.725240	2
200002111000	1.186041	0
222122111111	0.848547	1
202011111112	0.806212	2
002110101020	1.094434	0
012002000002	0.261081	1
121002100000	0.661697	2
000000011001	1.095407	0
222010001020	0.647147	2
010101020222	0.500449	2
001220112023	38.620840	0
112001001000	0.360051	3
001102100240	0.741813	3
100020200001	0.588696	0
010202021102	0.745686	3
211101221240	0.844625	3
014142224144	0.500893	1
210200112040	0.890267	0
121020112112	2.029339	0
120002101000	1.639316	0
012002041021	1.235371	1
001000201011	0.506043	0
000201000021	17.575751	0
011012202022	0.772335	3
020001101000	0.810944	0
001033210333	0.781302	2
040433440333	0.001310	2
212200001000	29.666882	0
022000100201	1.791708	0
212012201111	1.929646	0
120201110200	0.906335	0
010121220212	0.852942	2
020200110120	1.516400	0
112010200010	0.541669	0
102211001102	6.833731	0
212202121000	2.008778	2
100000002222	0.773575	0
120021110000	2.864886	0
012002001100	6.349388	2
100020040020	0.256783	0
001212000102	0.702981	2
010200100020	4.509105	0
040401540410	0.444064	3
001220300111	1.145534	0
220120110100	0.817192	2
210012000221	3.380000	0
141411	0.775415	1
011000110000	0.683999	0
112033220333	3.321623	3
100000020020	1.368033	0
102002201210	0.787022	0
210010000202	1.153314	0
330021353002	0.044711	3
010101201240	0.883977	2
112221202010	36.192695	0
041400442403	0.037798	2
220211	0.179048	1
112220212013	4.278059	2
021100011222	0.850337	0
000222001121	0.443027	2
000102000211	0.375938	0
201212302022	2.321429	2
201000112010	0.684355	0
112220211102	0.738514	1
202100021121	0.814915	2
001211041022	0.847313	2
200102020100	2.796505	0
010101020002	0.647500	2
012102041203	73.990580	2
114040014244	0.226466	2
022100011220	3.007659	0
021002320100	0.696392	1
010000212200	0.840987	0
211120222012	8.668685	0
000120100010	0.580441	3
004042104044	0.586260	2
111022202011	0.848965	1
211111201222	0.792947	1
120210210221	0.589527	3
201022002201	19.521106	0
111021222112	0.586338	3
014140004144	0.224425	1
021102120000	9.447823	0
012010200100	0.848623	3
002000300100	0.850306	0
100220020010	0.712169	2
100010101002	0.535035	0
001100221000	1.183416	3
020020120003	0.636553	0
112200212012	1.104057	0
000200210203	0.538166	0
121000102000	0.107704	0
020012010101	10.288020	0
204140104044	0.822623	1
001200100040	0.812072	0
200202021000	0.836235	1
010220110000	6.554906	0
000002302201	2.849900	0
000020300111	0.698012	0
002120001000	0.625360	2
000122000021	0.145411	0
001121100200	0.774557	3
110020220000	0.600936	2
200011340020	0.759189	2
201120200020	13.438195	0
120000211011	0.582105	0
022200000102	2.092908	2
021002020001	3.917382	1
201100000211	1.237329	3
102102221201	1.211612	0
001100020100	0.618991	3
330002	0.552735	2
332010333002	21.299785	3
121011002122	0.813409	1
100220222003	1.158225	2
210102212200	31.058940	0
100122101200	0.812510	3
212202221100	3.100894	2
010000210102	0.690097	0
100200300102	0.948721	0
112010001000	0.724017	0
002020020012	1.535033	0
202110001021	0.757392	3
002012040020	2.298826	0
000120010202	0.853733	3
210100122203	0.940070	3
210120120002	0.894508	2
020110020140	0.746085	0
212000201001	0.954928	0
021002001010	0.454686	2
021001000002	0.080764	3
010000100140	0.338846	0
021001002110	0.718526	3
014240304044	1.309490	1
100002000102	0.701790	0
211020220020	89.589880	0
014240004144	2.311212	1
020001010200	0.106929	0
211012342021	2.010871	0
000111200212	0.648887	2
141420442420	1.072176	1
000200211200	1.009164	0
222200111110	0.862667	1
210100121000	0.515834	0
010112021201	0.761222	3
022122320212	3.255956	2
122021102011	1.177239	0
102122112110	0.823946	3
001012300021	0.364947	3
002000021010	1.820074	0
110220211112	0.893736	1
000200310020	0.712118	0
002220110010	0.970661	2
120001000010	0.768181	3
212000111210	0.808429	3
020010001112	0.725979	0
001020201010	2.195144	0
000001340000	0.747850	0
200200020201	2.931743	0
102002201021	0.776440	0
022110020000	7.285650	0
012033000353	0.352013	3
210212210100	15.202711	0
200002300200	0.719292	0
101010122120	0.662458	2
000200222020	1.161628	0
100212000111	0.685058	3
000001000002	0.050699	0
021110020002	0.554106	3
010102100041	0.892867	3
100002001000	0.654411	0
111222222121	0.843573	1
120120210202	1.778393	0
014142124044	0.432078	1
102020221112	5.781084	0
222102111110	0.726047	2
331002333122	0.813329	1
010202020101	0.659789	0
221112102220	2.911129	0
114053004345	0.824019	3
100000002220	0.797885	0
012120020210	0.645215	1
200233021333	7.407717	1
201010101022	0.727606	0
000100210002	0.732319	0
021210100043	0.595710	1
100010042012	0.397991	0
110220210010	0.564478	2
120010000100	1.092299	0
201000002202	18.436999	0
002012202010	1.251518	0
000200120002	0.951056	0
010000201240	0.925683	0
012220010003	0.659878	2
120001200012	1.062252	3
001020041020	2.524846	0
212020221010	0.844003	2
000102000020	1.100416	0
000120010212	0.787634	3
000002001110	0.944036	0
110200010200	0.752107	0
212210021002	4.661959	0
020121120222	2.098065	0
210200011100	1.208424	0
102110202212	0.796047	0
001000241000	0.391487	0
202212111112	1.588570	2
000200021011	0.767280	0
000012110101	0.751026	0
212200211003	8.349782	0
020020110001	1.983496	0
001200100100	1.892492	0
001102020000	1.075546	0
120001	4.427332	0
100122002003	0.865423	3
102120100010	0.455102	3
201100001023	0.438031	3
120212211101	0.743406	3
222000221000	0.475969	2
000011120122	0.777404	3
101120122000	0.763767	3
010220000202	4.381770	0
200010222000	0.328678	0
020120000010	13.867789	0
012111002212	0.572068	1
024042004044	0.773955	1
210110020022	0.848123	3
000112010100	1.220428	0
101121001210	0.662473	3
111002202010	0.588032	1
241410542421	0.873479	1
000201200200	34.910757	0
020001002040	0.787025	0
221002101020	0.706108	2
351410353420	0.657128	1
101102000203	0.857635	3
000002300112	0.412467	0
010220022000	5.352960	0
112102222211	1.128208	2
000121001202	0.824704	0
002102002200	14.982837	0
202000021100	0.684032	0
000122000210	0.669421	0
100010100122	0.465484	0
002011040012	0.107323	0
001000041210	0.671274	0
010001201102	0.764709	0
332211333202	803.376901	0
012010100000	0.720060	0
022221310211	2.628158	2
000101220040	0.635107	0
022200011101	0.705655	2
000220020221	4.978270	0
102122122201	0.859054	3
222011201112	0.668617	1
012022000011	0.407004	1
141401440410	0.771449	3
010000020121	0.699563	0
110000210020	0.465907	3
001002002100	0.609328	0
000102300210	0.554788	0
221010101023	0.703241	2
121001012202	1.158747	3
210000202010	1.171936	0
100011200000	0.836523	3
021002202000	0.818673	2
024040224044	5.168313	1
012012210112	11.065480	0
001121000022	0.461833	0
330012353020	0.627451	3
220110000000	0.520279	3
204040014144	0.398578	2
101020041020	0.477230	0
021033100333	0.512409	1
104040204044	0.189853	0
000202010141	0.604119	0
200100202023	0.860572	3
212002201011	0.759221	2
000121010212	0.166524	3
100220000040	0.760033	2
020121211210	4.356142	0
101010102022	0.380540	2
120120002200	49.768299	0
220010000021	0.752527	2
200210300122	1.554542	2
120120041003	3419.267682	0
110021202012	0.762658	3
100102001212	0.776081	0
020012211200	1.161486	0
222102121201	1.952792	2
100011201102	0.769517	3
352420543400	1.437504	1
000010100122	0.567687	0
022210010212	1.065513	2
000001010100	0.053567	0
100120120100	0.277590	3
012200000040	0.505060	0
012021220010	0.600879	3
200000300210	1.325025	0
202010001102	0.689236	3
201212201111	0.802788	1
010012000021	0.201000	0
222000221003	0.530490	2
202200211001	1.001416	1
001000120011	0.837934	0
111002002220	0.738502	1
120210220140	0.823260	3
021220210211	0.835544	1
022111201212	0.792426	1
000000001100	1.009956	0
022120110100	0.824756	2
210010100020	0.389365	0
000000301000	0.013351	0
020101200200	0.585544	0
210212100101	1.073444	0
112220212100	0.831921	2
000001120202	0.733341	0
021201012122	0.738845	3
201212002120	2.023537	2
102021202212	0.859917	0
220020000000	0.730205	2
011002042020	0.747473	3
020121012221	0.855685	0
020011001112	0.455011	2
200102300102	0.759319	0
020000201000	0.638676	0
021201212210	0.628488	3
210012200022	1.658692	0
001120010210	0.934071	3
122201110210	1.130684	0
000020002010	0.536930	0
141421442420	36.453101	0
210000042020	0.904894	0
120000042000	0.706510	0
012002200201	0.876860	2
102010041000	42.078846	0
010210210202	0.739886	0
020100110201	0.833493	0
001120040010	0.424982	0
202210110000	0.794056	2
202002021110	1.208088	2
330210333000	0.064920	3
100102000200	0.311428	0
200101010200	0.214317	2
010101120000	0.683413	2
102100010140	0.778794	0
222110111120	0.761874	3
000101001202	0.416126	0
111021202020	0.832327	3
101200022111	0.794440	2
100110	0.152455	0
002122112011	0.782420	2
121021212012	4.058195	0
200000220021	0.798706	0
112021202022	0.646897	3
002100020012	0.786021	0
200110100222	0.828826	3
201000222000	0.270836	0
002000111010	0.802883	0
100201200200	0.827167	0
000202310102	0.502790	0
210000211212	1.024359	0
022110020020	4.238225	0
212202101000	1.130150	2
011120221000	0.634282	3
214040204144	0.779312	2
022110110202	0.850480	0
200201111102	0.869566	0
001000042023	0.558072	0
200210001120	1.423358	2
012002210100	0.896061	2
210010202002	0.657633	0
010000220040	0.953396	0
210010200110	0.664300	3
110110222202	0.814278	3
002121011212	0.406204	2
220110121000	0.738422	3
200133020333	0.810528	1
001112000020	1.111574	0
204153	0.916501	1
000221000100	12.155832	0
020100320220	12.687256	0
100120110000	0.289338	3
100000000020	2.351774	0
122000000003	20.441267	0
201012141021	0.445728	0
220012300020	0.765675	2
102200012012	3.923519	0
210010000222	0.653987	0
021033220353	0.808860	1
120201211100	0.766485	3
330021353022	0.030782	3
101010042122	0.226716	2
100020002201	0.826845	0
110000211010	0.600320	3
210002110020	0.826178	0
000020010022	0.641346	0
021121112222	0.722841	0
002022022111	0.572679	2
022100210200	2.533533	0
210110222000	0.619062	3
000212310102	0.544854	0
000000102022	18.819937	0
100021102000	3.474428	3
330112333221	0.671028	3
202112001001	2.825632	0
124140204244	175.649433	0
112001021000	0.815674	3
010100220043	0.340192	3
022100012020	0.737317	0
020200210043	1.321082	0
002010340020	129.691268	0
120000120043	7.071641	0
012012220012	4.057881	0
040420441412	8.040981	1
122120200011	1.761394	0
012102121101	0.848964	2
210122002011	0.855644	1
200000320140	0.541935	0
221001110200	0.301334	3
001102110202	0.756567	3
212102211203	31.200148	2
202002020120	0.806000	1
102020211012	0.616402	3
001120041020	2.614803	3
210122020221	0.738277	1
001121100220	0.943375	3
221000100000	0.069887	0
001000041001	1.214626	0
002102110200	1.786154	0
002202100020	0.810990	1
021002300101	0.839918	2
202200211221	2.990672	1
220010101011	0.783749	2
112112221200	2.624690	0
011012101022	0.849328	3
000222000110	0.556170	2
010202020201	0.790272	0
100200020200	0.557275	0
120220100013	0.787295	2
010001001021	0.724819	3
000000340111	0.760642	0
210021220000	0.748225	0
010000300200	0.210994	0
330200333201	1.450223	3
000010001112	0.492350	0
021200100000	0.657893	2
200111102202	0.752603	1
200211210212	4.429912	1
222000101100	0.413707	2
120100102003	0.725430	0
121120002120	76.480895	0
122001010000	1.342787	0
210000101200	3.545274	0
022120120000	0.809723	2
210000100203	7.388786	0
020020012011	0.845921	0
012021040012	0.461587	3
000022302011	0.241272	0
012000202000	0.162801	0
120211011202	0.752907	3
210012201012	21.971338	0
000001302001	1.552169	0
004042124044	0.559549	2
001220200121	1.807387	0
202011101112	0.595281	2
011212020101	0.642298	3
110011	0.432677	3
202000040020	0.777281	0
120120102002	1.210189	0
000200021003	1.496460	0
201120000001	8.493900	0
202000110200	1.626539	0
121201111222	0.696896	3
021101020202	0.271820	3
200200100102	0.827064	0
000010200012	0.330328	0
000000300041	0.082597	0
110020221000	0.565898	2
212200211011	1.268426	0
211000100020	4.638498	0
110021200000	0.222702	3
330011353022	0.249125	3
112020000010	0.807302	2
010200200120	1.121519	0
011112120220	0.831757	3
002112101112	1.733912	0
020000002023	1.220013	0
024240014044	1.318248	1
121211212202	0.687731	1
121121212222	4.265397	0
002011102212	0.870079	0
221220112201	1.082791	1
002122020111	0.756721	2
024041124045	0.845176	1
202000011001	0.574776	0
002002111000	0.924838	0
001201220000	0.788506	0
004053124353	13.526663	3
012200011020	7.441175	0
021102210001	1.104646	0
000001040011	0.225868	0
021021110200	12.407625	0
221100101200	0.664748	0
121202212100	0.490260	1
220002110203	1.058944	1
010202010001	0.742478	0
102012002021	25.824634	0
220221111211	0.763724	2
100200020140	0.259170	0
200212001002	0.598887	2
002000002020	1.191379	0
121120102010	1.742866	0
350401543412	0.635606	3
100121202001	0.707487	3
202200101220	2.640758	2
020101020210	0.618396	3
000000040221	7.228864	0
010100000002	0.612356	0
110120222100	0.873628	1
002102200201	1.106146	0
221100122100	0.640847	3
202100111000	0.761600	2
020100102003	0.666660	0
220011122212	0.556266	1
020200000210	0.809498	0
002020010112	0.315854	0
001021100002	27.644054	0
124041004044	49.954261	0
010000220002	1.075443	0
210001242000	0.785063	0
002133000333	0.806496	2
001022300111	0.721833	3
211010122020	0.575487	0
020010000122	28.767943	0
100010200012	0.765382	0
121001122000	0.656338	3
200011002000	0.663603	2
120012000222	1.150503	0
110220210122	1.021439	1
020010300022	1.139146	0
001010002220	0.571025	0
122100101000	1.536660	0
110010	0.133268	3
200212300102	1.333097	2
212002000003	0.584143	2
200100001011	0.763203	3
010122120241	0.543789	2
101010112021	0.618862	2
100010040022	0.479851	0
010012001002	0.504360	3
221200110000	0.261867	2
114041014044	0.789475	3
002001002002	0.896738	0
002122300111	0.323918	2
200000140000	1.099531	0
002002001102	3.762027	0
210210210122	1.142884	0
102210100100	70.728750	0
100200011000	1.274018	3
211020142000	2.419367	0
100012210000	5.575384	0
102012040020	54.163621	0
220000101023	0.133605	0
021221012210	1.534557	0
010212000022	0.509099	0
011200102100	0.844290	0
110200220140	0.535865	0
020021000220	25.832692	0
200020120000	5.244832	0
021001100200	0.318536	3
012102200200	12.615935	2
102120040110	0.534872	3
022000001000	2.593925	0
022221012212	0.523269	1
112110221210	0.815178	3
001011041020	0.126855	2
201010302022	2.916739	0
001012012222	0.477479	0
200120020001	0.568553	2
331001333000	0.698426	3
220033202333	0.487235	1
024140204244	3.158950	1
120100222020	0.555038	0
122020100011	3.563493	0
210010201002	0.897434	0
000001220201	0.559459	0
012120120012	0.602960	1
212000212000	0.663728	3
200011041022	0.859907	2
222021111012	0.845837	1
022000120040	1.641058	0
332001333002	0.349180	3
011122020200	0.599199	3
002000201011	0.459249	0
202120101112	0.805164	1
201022001121	0.794086	0
120122010111	0.980936	0
022201010140	0.701548	2
012102021202	1.461511	1
020221300201	17.844162	0
112000212002	0.606184	3
201011221122	0.646064	2
102120122010	0.405257	3
110000212201	0.577850	3
020211	0.202478	2
020033042333	0.569074	2
120201210101	0.780292	3
100100022120	0.829069	0
111000212000	0.379553	2
100002222000	0.687127	0
021122012011	2.578053	0
020022000211	0.528395	1
001002100040	0.697317	3
200000021000	0.364056	0
200200222200	0.672493	0
001011040122	0.442176	2
100033212333	0.239436	3
000002300020	0.475120	0
200001101100	0.755184	0
000000002001	2.149356	0
201210201000	1.743501	1
100200021000	0.822179	3
020201110210	0.688175	3
122220012112	1.039875	1
001120202023	17.833821	0
210210212000	1.077424	0
211000200000	0.467611	0
020021000001	23.843783	0
012222212101	0.618048	1
022011111012	1.167129	2
200233120333	0.374554	1
024040304044	0.063338	1
202121	0.188273	1
332211333212	946.942355	0
212021241010	0.613499	3
000022010001	0.365339	0
011020001000	0.759066	0
020000111100	1.959791	0
121201110202	0.578550	3
112000200200	0.982442	0
002202211110	0.856524	2
001021020212	0.838856	0
001000110003	0.299004	0
012102222200	1.309085	2
011102221100	0.689325	3
021002100010	1.156589	2
000212001102	0.509307	3
102102002211	14.312134	0
000220202000	1.696225	0
201022001111	0.818018	0
020200210121	2.924515	0
222112121002	0.730674	0
102210010000	46.435867	0
220211212212	0.651163	1
220021300001	0.881796	2
010102120001	0.323404	3
200001020140	0.792252	0
200102100200	4.133127	0
100010041220	0.771733	0
100211202212	0.729645	3
332000333211	1.026226	3
001012300120	0.870847	3
010012000200	0.560220	0
000100110200	0.154350	0
022233100333	0.855434	2
004053214353	0.103549	3
020000110002	0.922839	0
330001333222	0.066032	3
120120000001	11.803095	0
111000222000	0.182215	2
120210010003	0.770574	3
210200220000	20.951038	0
122202011100	0.741045	2
211000100010	1.643554	0
102220201010	0.777293	2
011002000011	0.803836	3
002021040012	0.552074	0
022201310002	0.842500	2
000200002210	2.191500	0
101000002101	0.774141	3
201000010101	0.844475	0
022210210010	0.799620	1
011210200020	0.797329	3
330020333202	0.305818	2
102120001010	0.197899	3
002000201022	1.921954	0
020012100202	1.043993	0
102210	35.667403	0
200210122022	0.856846	1
212021000212	0.783262	3
004240224144	2.034221	1
201020000020	32.880935	0
001122040101	0.383688	0
102100002100	0.770869	0
000202100120	0.623579	0
210020102001	1.060471	0
000121100202	0.759370	3
022001011202	0.860522	2
002001041010	0.278937	0
010202110102	0.586614	3
010000221200	0.989267	0
100002112000	0.860408	0
100101122210	0.864143	3
104040114144	0.466021	3
221100112100	0.632015	3
000100221002	1.964609	0
200112300200	12.195434	0
101121001022	0.407898	3
100010002202	0.583914	0
121120102020	20.569144	0
100102000201	0.492722	0
022210300212	0.696316	2
101222002121	0.740809	1
220110122000	0.273390	3
222000101013	0.690384	2
022012002011	1.244391	0
101201102200	0.657735	3
012200210110	0.893998	0
002010340011	1.503861	0
200011000122	0.735718	2
022000000020	1.882055	0
000012110000	1.406515	0
022000211220	1.921659	0
100121000211	0.438384	3
121101100040	0.709881	3
000200021110	0.659046	0
210212200100	1.917462	0
110200110140	0.576916	0
010001220002	0.560036	0
200100001021	0.636329	3
200000101010	0.529410	0
010021220140	0.792347	0
011022202001	0.851624	3
210002220020	1.496468	0
330021	0.648223	3
022010000001	3.065225	0
112021000010	0.601979	3
100020040021	0.403734	0
021033021333	0.777079	1
222011101012	0.201264	1
120000201011	0.493430	0
002202122122	0.756721	1
000201002210	8.855596	0
201220011000	14.415992	0
120111212112	0.786553	3
212000221001	1.495193	0
020000300201	14.651158	0
332000333040	0.046138	3
200000000211	1.769796	0
101000120000	0.836777	3
001102100200	2.373602	3
021122110121	1.419356	0
021001001120	0.552538	3
000010001122	0.670326	0
041421440401	70.647695	0
000201020012	0.806402	0
330220333212	10.756411	1
000012200001	9.934163	0
102211	49.801300	0
001200210000	1.636693	0
012012110012	0.594313	0
220010101002	0.809774	2
204053204353	0.256024	2
000012120000	1.253263	0
001002002001	0.484626	0
120212210112	0.650621	3
201212300120	0.380040	2
210033102333	0.111024	3
000210012000	0.818161	0
010002100020	0.780853	3
010101221202	0.481255	2
200110200001	0.769679	3
002220000110	1.254188	2
221101112100	0.807771	3
002200300200	16.330464	0
021033001333	0.359016	1
212002201110	2.152463	2
330200333022	0.242607	3
241410442421	0.258288	1
024140014245	0.779529	1
221001111002	0.443938	3
021211211112	0.732864	1
002200211100	0.780581	0
200211012002	1.192063	2
101001042020	0.418418	3
211200100003	33.474321	0
022021300002	0.938255	2
021101100040	0.629648	3
012020001212	0.735183	2
001200300202	0.727941	0
020012000212	2.098192	0
202033041333	0.289354	2
000200200203	1.099444	0
004253104353	50.230247	0
010200110140	0.381198	0
200200102020	13.521954	0
121012202020	0.768330	2
102233110333	619.094932	0
121002202011	1.613463	2
220002121121	0.881585	1
022110020010	4.474444	0
114040024044	0.656678	2
121010200020	0.786980	2
012021010212	0.657566	3
200033200353	0.078067	2
020010010200	3.311226	0
122121102212	8.130482	0
022002020101	1.160406	0
010000210040	0.232753	0
101220042010	0.769220	2
100120110100	0.518424	3
010000001240	1.230215	0
200210001110	0.848170	2
011002222100	0.739719	3
221020101000	64.494197	0
020100320210	14.412065	0
101001222202	0.876157	3
331002333010	0.764602	1
011012001020	0.670056	3
010102022100	0.986835	0
120210202012	0.845526	3
220033212333	0.662351	1
001000000101	0.330960	0
011222120111	0.680220	3
101010040000	0.648010	2
112010211112	0.761309	3
201201211201	3.273880	0
000202021100	0.348963	0
200110002102	0.745071	3
212010001012	0.581054	0
200000100043	0.099516	0
020000220020	3.616859	0
020122010121	1.635733	0
200201300111	1.216639	0
000011010122	0.799307	3
000002020210	0.878792	0
000020320122	16.261473	0
000000301101	0.694180	0
101102102110	0.798779	3
010012020100	0.879937	0
100022000241	0.713403	2
000000001001	2.114151	0
104142004044	0.751749	3
000000210201	22.666306	0
200002000101	1.036074	0
221010222020	0.758973	2
121021100000	19.365350	0
000101000201	0.022236	3
210021110000	0.734827	0
112200211220	2.087082	0
002220010212	0.773045	1
332221333001	3074.818351	0
011201112000	1.542643	0
102000120010	2.061206	0
001121041122	0.613192	3
002220002111	0.777910	2
120220	3.819455	2
011012101222	0.839130	3
010012000011	1.501157	3
122021010110	0.816259	0
201012101001	1.180145	0
000020200200	1.824099	0
221021011212	1.024559	0
012201202021	1.235173	0
021201010000	0.038399	3
102012040010	6.171195	0
221110102222	0.794542	3
002000020203	1.250907	0
000012110100	0.905591	0
100210020222	0.793386	3
022001001010	0.563923	2
100102220102	0.740977	0
202020101112	0.592172	2
111200202000	0.740369	2
002010040021	3.084105	0
001000002003	0.032024	0
000101221100	0.869970	0
002222300111	0.383771	1
021001001012	0.375211	3
002022000212	0.781443	2
000020002020	4.853334	0
021201212220	0.683470	3
221001121102	0.729153	3
221110120020	0.725443	3
001002042012	0.816973	0
011022000020	0.682726	3
112210212010	10.494342	0
002121110212	0.298339	2
021102012000	2.040951	0
101020122211	0.822030	3
100102	1.260999	0
222133121333	0.651467	1
022000012203	7.922574	0
002010300102	1.354358	0
200210100120	1.007128	2
002010300000	8.316651	0
112120220112	0.671464	1
000021120002	4.648977	0
102002102010	36.370457	0
100012012001	0.823311	0
012202000021	1.919405	1
210011220212	0.716353	3
020100120201	3.094406	0
012121002211	0.667837	1
002002201011	0.824349	0
000010200003	0.174921	0
021221210102	49.701749	0
024040114044	0.667640	1
240410540420	0.595484	1
100102221000	0.546259	0
000000012200	2.842057	0
210220000003	4.416629	0
120201211001	0.813998	3
022001000112	2.146460	2
121222112111	0.754976	1
110221220010	4.972262	0
200112020102	5.549051	0
000001121000	1.096557	0
000221300101	2.532744	0
000001120003	0.789820	0
020201110001	0.805615	3
021001000110	0.615859	3
100100220043	0.340948	0
022221112010	1.502617	1
020021000210	32.099693	0
100110020000	0.860764	0
001010002001	0.562639	3
101000042100	0.756747	0
200120200100	0.788306	2
012220010110	1.041750	2
022120021000	0.986457	2
211010000020	1.415880	0
122220122013	2.335804	2
200102040110	203.665864	0
210000000200	3.038860	0
121001000000	0.379349	3
012021221212	0.840221	3
200212122100	0.859320	1
121120002021	84.226673	0
000011020022	0.442751	0
212010211222	0.746806	3
104141024044	0.659499	3
100221200000	4.503094	0
001102000002	1.497956	0
021022320121	0.797055	1
020000200140	1.048504	0
111220	2.531023	2
002212011112	0.690927	0
021200200100	0.595413	2
010001101000	0.707487	0
120000212210	0.610616	0
000000041003	0.012703	0
002002201100	1.796717	0
000012020202	0.269787	0
004042024244	0.615254	2
000202020141	0.831480	0
121000212020	0.714829	0
040402441420	0.886573	2
020101010140	0.291949	0
001220200020	12.750344	0
021100000100	0.570067	3
100102000010	0.767899	0
000020212010	1.773124	0
201010222022	0.751969	0
120110220100	0.725544	0
211210021100	4.311300	0
222000110000	0.559941	2
010022110000	0.745847	2
100210220122	0.842132	3
020211110202	0.779406	2
021002300000	0.614700	2
002202021000	1.306661	2
202212002111	0.832358	2
012220011012	0.815482	1
000100100041	4.127857	0
022002010001	4.711610	0
011002202020	0.643050	3
000001210202	1.634924	0
201212012021	2.241674	2
021100121140	0.718828	3
111202210100	0.828191	1
201000210022	0.834744	0
022120200000	0.790541	1
021200001000	0.648462	2
000010100112	0.743889	0
100201000102	1.162483	0
011112120001	0.851028	3
020121012212	0.784604	0
201101022021	0.763665	3
201002002221	0.805842	0
000000010043	0.431259	0
000010102000	1.594516	0
024142	3.344781	2
200110002000	0.484059	3
102121122011	0.727899	3
202010211012	0.580743	0
120220110010	1.684806	2
100212100100	0.810307	3
102220002001	0.869156	2
000020320021	3.113489	0
122121102210	1.551574	0
101122041021	0.801607	3
000200000240	0.234189	0
110212220000	0.782093	3
020200211111	0.734980	0
102102020100	1.450454	0
022121310202	0.629828	2
101102002110	0.704420	3
020100002000	0.532913	0
112021221212	0.400778	3
001000042002	0.885117	0
112221	55.599060	0
001122100221	0.644174	3
002202210120	0.788132	1
020010041000	0.797927	0
200010340001	0.553299	3
200100100011	0.837699	3
012220110210	0.838800	1
002012001012	1.897110	0
022102211000	14.708317	0
210033010333	0.744871	3
000020300240	0.391921	0
012000000001	1.016255	0
112222222110	0.710690	1
200011101112	0.785585	2
000001000040	0.070168	0
102102221000	1.098252	0
001012340001	0.425423	3
000020010003	0.360306	0
040422440401	0.746187	1
110211012212	0.734312	3
211011001122	0.835987	3
122120222012	5.063734	0
100010002100	0.743947	0
101201002002	0.653741	3
001000242003	0.502893	0
001001120022	0.646322	0
210021201201	0.823987	0
010000200042	1.218852	0
002012300010	25.149901	0
100012020202	0.669003	0
000020102011	17.469316	0
010021000202	0.379143	0
022020010000	0.812176	2
102202221101	0.797024	2
012202001110	1.221721	2
142420442411	9.688447	1
000001040110	0.744450	0
201120001012	5.361490	0
221220122023	11.224178	2
200001041000	0.390168	0
100010102000	0.158810	0
332200	14.208174	0
000100022140	0.892553	0
000010201001	0.688780	0
001001102220	0.751385	0
000201000102	1.505173	0
201202012222	1.133400	2
200022010221	0.819181	1
012201000002	50.566936	0
121201010000	0.711385	3
000002041002	0.623902	0
210200010040	0.241550	0
000200011102	1.952444	0
112202201121	0.819265	1
112202001000	0.676077	2
020100021000	8.094916	0
100001040000	0.473346	0
212202211100	2.394117	2
121110212021	0.700339	3
022121320202	0.747435	2
100120042021	0.823218	3
022020	1.341147	2
012120021012	0.705270	1
102110000000	1.089592	0
000101112201	0.727068	3
002011001002	0.780763	0
112002111003	1.051367	2
332001353012	0.878329	3
021001002120	0.631837	3
200120020100	0.639155	2
211202211102	30.445029	0
102012000000	40.954901	0
101220012000	2.226889	2
220200111001	0.812786	2
000002300121	0.831259	0
000010002010	0.223340	0
211000002001	6.091625	0
021201111221	0.807051	3
120010110002	0.773388	0
000212022111	0.852605	3
001102	2.925910	0
022200010021	1.001656	2
022000210210	5.449669	0
352410353411	29.880699	0
000200020120	1.079116	0
200000000043	0.023373	0
000200210002	1.070698	0
102020022110	1.444027	0
220012300201	0.883300	1
221020101211	0.598346	0
121002202003	0.642608	2
200133102333	0.531057	1
000102100020	0.820848	0
024041	4.831249	2
202121000212	0.754447	1
020121012002	1.062819	0
201012211000	0.729625	0
020100020102	11.071657	0
100212000121	0.355181	3
001122000112	0.767801	0
120002000200	8.923360	0
200001002022	1.232622	0
212021141000	0.805103	3
002000222210	1.758045	0
010010020022	0.701993	0
212102222020	0.687858	1
202020001012	0.352562	2
020010010011	0.753915	0
210120121200	1.102585	2
020201211112	0.536118	3
022000100000	3.148858	0
221222	0.358852	1
020021300221	22.624784	0
001000200022	0.671561	0
012102020201	0.907339	2
220000020043	0.447001	0
000001012200	0.377623	0
020102010100	1.065445	0
022000300012	0.868600	0
111020212202	0.812909	2
020221010222	5.211421	0
201200000003	0.201095	0
220102121000	0.875037	0
012012220010	3.336252	0
200100001122	0.849113	3
202212101112	1.577099	2
102210020100	226.581883	0
201200211203	1.050121	0
332001333102	1.237778	3
112011221012	0.657351	3
100001100040	0.772336	3
021102010101	3.046781	0
210010201102	1.159282	3
010200111003	0.987852	0
000101112200	0.802347	3
202210021202	0.705830	1
330021333210	0.693483	3
010011202002	0.758195	3
220100120043	0.253113	3
202102040100	3.820838	2
011122022121	0.684712	3
000002000020	0.308110	0
200033002333	0.007768	2
200000021003	0.620427	0
021012212222	2.081613	1
000020201021	3.427757	0
102120122110	0.373914	3
120012	4.254504	0
100020102020	0.838514	3
010021200010	0.609715	0
100100022020	0.789612	0
010220000011	1.381440	0
201110202020	0.713687	3
352410353410	20.953455	0
000200020121	1.802393	0
010011000222	0.433903	3
112012221012	1.160881	0
002010112212	3.003384	0
022000001011	2.395311	0
110212012122	0.605222	3
200200201000	6.868689	0
210210211122	0.839098	0
010002000210	0.655798	0
104053	3.483946	0
002000121003	2.182070	0
221200111000	0.315678	2
002002002010	1.762118	0
020010300200	0.760912	0
221200110003	0.316824	2
002201300112	3.626464	0
022100101010	1.563775	0
121201212010	0.758485	3
001011041120	0.654867	2
012202000203	0.829656	2
000002001122	0.760344	0
120201010001	0.833114	3
000220300100	3.033751	0
212010221000	0.327627	0
110220220011	0.769468	2
100220012001	1.456761	2
120200211000	0.263964	3
200020340021	0.777912	0
100000102210	1.078143	0
124040014044	208.634644	0
221101102220	0.635083	3
001010000023	0.626697	3
000010200122	0.906705	0
121221012200	10.573882	0
100222000101	0.328517	1
002002320011	9.225740	0
020100102000	1.320448	0
001121040022	0.537115	0
000120002011	0.608244	0
022001011000	1.455490	2
201102221200	3.118444	0
100122200101	0.462408	3
101100022200	0.799016	3
330220353010	0.613914	2
000100001241	1.288372	0
201001041001	0.408006	0
121020212020	13.474492	0
212002000000	1.047207	2
020211010202	0.469803	2
000211300202	0.413481	0
001002110000	0.399492	3
000012340000	0.368361	0
000120110003	0.842712	3
221120121221	1.040179	0
110201110000	0.714752	0
110002211100	0.274781	2
020111210202	0.527564	2
222211111222	0.783357	1
210002001000	17.883393	0
100011121102	0.782851	3
010020220000	2.386758	0
010001210102	0.702885	0
240410542410	0.209630	1
210000001021	8.114980	0
111222211111	0.804977	1
010001020240	0.160466	0
000200011010	0.960971	0
020220310201	0.873700	1
000112020101	0.999929	0
010200200020	12.518999	0
100010002101	0.803575	0
000200020203	0.758875	0
100200020040	0.403662	0
001120100200	0.822386	3
141420442412	2.386584	1
012000021010	1.600904	0
212002201100	1.132831	2
202201001122	0.698739	2
200000302001	1.055257	0
220002110200	1.260440	1
100212000202	0.354477	3
200012201000	1.085747	0
004240214044	2.634248	1
100000110043	0.520032	0
000000320202	1.181352	0
222000111221	0.854652	2
000100220203	0.727642	0
211002200003	71.766910	0
100000111040	0.703370	0
102000201001	1.874765	0
120012100221	0.815552	0
100010000112	0.956668	0
332010333210	73.942592	3
001010102001	0.767951	3
000012002001	2.448925	0
100121100000	0.684922	3
201012002000	4.588868	0
111002212110	0.894246	1
211010000021	1.874225	3
200102040111	202.370611	0
200021040011	0.955375	0
120212211122	0.630850	3
001021000201	1.572206	0
201101111102	0.800485	3
102020011112	0.601802	3
210110	0.117183	3
021022020020	3.565437	1
002001042001	0.820895	0
112002212112	3.473698	1
101002002022	0.745222	2
000000300141	0.202308	0
102000111000	1.101535	0
000000140000	0.581237	0
101120202120	0.752022	3
001022010121	0.582693	0
022200212102	0.766436	1
112200211120	3.200715	0
020101010141	0.810641	3
202011101012	0.666533	2
001220200021	2.202443	0
202000041020	0.688797	0
212010041000	0.926267	0
021211210122	0.469562	1
002200000122	1.982450	0
002120001212	0.700884	2
220210212210	0.866263	1
010022110001	0.715843	2
211011101220	0.860048	3
012021041010	0.384246	3
001000040001	2.353298	0
010000022002	0.756043	0
002211002212	3.205188	0
330010353122	0.117175	3
020210010100	0.521460	2
212202010203	0.634528	2
000200002203	0.728888	0
210001220002	1.165038	0
020000111020	2.100338	0
202021010112	0.725462	2
212102211200	10.726462	2
020001110140	0.350580	0
021200100003	0.805187	2
221201111120	0.497300	3
010000211000	0.509731	0
022210110222	0.766715	2
002100001022	0.683812	0
000010002000	0.467147	0
022101200200	1.042396	1
202000111202	1.186811	0
010001000021	0.267470	3
001001002122	0.697778	0
004142014145	0.695642	2
120220100010	1.157319	2
100112040102	0.579451	0
212021202212	0.723421	3
120220101013	0.758920	2
201000111200	3.398189	0
212001101001	0.605117	3
000021102010	25.733987	0
102220002000	0.743345	2
210000202021	0.834458	0
021122020020	3.258463	0
000110200220	0.786270	0
020121120201	3.918789	0
001220112000	145.966622	0
002220002110	0.726753	2
000200102020	23.772934	0
010012010000	1.961485	0
110012201102	0.705523	3
011200000001	0.752565	0
002000340010	11.951557	0
001220002112	1.998571	0
002022022011	0.851447	2
020000220013	0.664991	0
000012010100	2.319078	0
010100100100	0.634321	3
020000221010	0.350553	0
021201110000	0.204858	3
000102001220	0.820761	0
012220020101	0.818426	2
120201210102	0.959112	0
200102300201	0.686278	0
000200120222	0.908609	0
012102121001	0.860696	2
101000101122	0.841931	3
200110010241	0.785658	3
012011222112	0.669089	3
020202211100	0.533937	2
021002000201	1.341468	1
010102220122	0.764475	0
000222012221	0.803916	2
002010040020	2.102096	0
112002201221	0.667708	1
020022310221	0.680639	1
010100221043	0.231027	3
010121020200	0.369981	2
200212121002	1.162365	1
211001002000	0.795240	0
010100220040	0.070153	0
221102122010	1.938235	0
200020002001	0.671411	0
000010041022	0.802803	0
002100042000	0.842218	0
220133220333	0.761657	1
200210001112	0.687225	2
000021020002	8.613800	0
011022211221	0.440964	3
010200101000	1.320299	0
110012000002	0.802628	3
020120320222	34.486588	0
210202110203	0.893273	0
211012222121	1.198236	0
202000201010	0.088676	0
121220112023	3.205803	2
142400542412	16.900986	0
200201110102	0.857501	0
040412440402	0.262049	2
100033020353	0.073396	3
001020002021	0.834894	0
101111202222	0.783246	1
200002002211	0.966900	0
121001101200	0.834535	3
110012202222	0.837093	3
120201000200	1.962608	0
220200112103	0.708167	2
100012002111	0.801199	0
122000000000	24.542890	0
100120111000	0.682184	3
222012111200	1.587008	1
200000210020	2.068636	0
000001020003	0.612366	0
200110000212	0.784791	3
122000001003	20.538195	0
000002022100	2.772203	0
001002010240	0.798988	0
211200122003	40.577067	0
121002202010	0.692011	2
110002	0.124958	2
022110120010	0.721323	0
201021002002	53.048718	0
021100010043	0.697021	3
002002200021	7.619957	0
201212122121	1.160574	1
020010110200	0.657180	0
330022333221	0.003498	1
002202111100	1.116855	2
100020222000	1.334113	0
012002011101	0.485988	2
000001100201	0.383098	0
000200302222	3.172440	0
022211012122	1.415426	1
000011222212	0.687494	3
221020001000	10.421841	0
200200102200	7.579556	0
201201302002	14.343471	0
001002340000	0.398295	3
004142024045	0.960868	2
221200120003	0.721484	2
021102211210	0.983957	0
100212020142	0.748127	3
100210012111	0.849513	3
110220220003	1.413964	2
010102122100	0.655202	3
002110000202	0.660011	0
200101011200	0.590969	2
222233	0.762654	1
000101210102	0.908192	3
241400542410	0.810079	2
020122340121	111.414515	0
110000211102	0.388240	3
021121012212	2.825982	0
000112000011	0.902036	0
200033110333	0.078082	2
201212302120	1.907157	2
021202010022	0.806775	1
330010333101	0.726204	3
120202211122	0.669597	2
200110100010	0.785705	3
100233041333	0.714657	3
000011110122	0.858831	3
112220212000	1.799067	2
000000001000	0.627898	0
110221220011	28.344324	0
010001100040	0.127607	0
201110101220	0.815568	3
010012001021	0.810251	3
000000210200	4.138640	0
022111200212	0.775386	1
000020002013	0.714259	0
020201302100	0.921407	0
211022211001	2.097063	0
100200210200	0.730491	0
201200112003	0.791282	0
110012201222	0.595667	3
120121012200	0.801620	0
020000201100	3.087990	0
220100120020	0.522221	0
100122042003	0.964256	3
000012042012	0.651054	0
002211020122	7.386250	0
200102000102	17.193241	0
101000002000	0.008924	0
202201122112	0.798748	1
011020010220	0.633560	3
330021333001	0.049014	3
010220100001	2.412628	0
000011220112	0.353983	3
212020101012	0.729121	2
202122001011	0.778264	1
000020201210	0.896193	0
010000220021	0.744272	0
102120202011	0.480360	3
120211112112	0.714951	3
352400543402	2.162411	0
210020001000	15.225048	0
010201010202	3.490269	0
200210300022	1.200387	2
100100120102	0.436757	3
200210000122	0.758774	2
120000201010	0.747559	0
102220002011	0.440571	2
121100012000	0.378333	0
000000040202	0.685949	0
200000000210	1.510513	0
221121110222	1.146697	0
100000001110	0.770925	0
200212300121	1.525546	2
012021221010	0.783717	3
200000211010	1.362360	0
120012000201	12.728566	0
100100200042	0.838988	0
110001202010	0.555856	3
010112020202	0.088488	0
100202000120	0.660907	2
010200211040	1.395250	0
012220212110	1.052030	2
222020111200	0.818753	1
001002002000	0.175433	0
110021000000	0.463098	3
100101202212	0.738261	3
210000000020	1.217750	0
211200211122	3.914431	0
021000300200	0.761222	0
020012001002	2.024461	0
201000102001	4.097649	0
351411	0.997827	1
021022010121	0.758823	2
002220100110	0.532946	2
124040004044	18.585854	0
020121210212	6.792639	0
020010112022	0.871616	0
010100210140	0.705512	3
001002020202	0.478652	0
040402440410	0.124523	2
020101020040	0.231053	0
102012002002	58.821819	0
200212111102	1.360765	2
110122120243	0.814750	1
012112220220	2.133297	0
112212201120	1.820024	0
120110210000	0.930920	0
000020010240	0.640545	0
101100002202	1.020343	3
002010041010	0.414863	0
002002020200	15.966690	0
101120040000	0.827641	3
010111222202	0.819812	1
001201100000	1.477486	0
210210211112	0.696479	0
000012310202	0.537225	0
102100002200	0.442442	0
010122020101	0.298357	2
211000000010	103.472515	0
111001202002	0.760387	3
000201201200	7.769992	0
201121001221	1.500646	0
010002001222	0.802108	3
000010002211	0.767882	0
022002300001	0.800750	0
211011220222	0.820125	3
000102000212	0.375354	0
212102120203	1.425619	2
000101001200	0.461411	0
212001101210	0.854189	3
120000010010	1.548786	0
102120101010	0.505718	3
100010201002	0.756805	0
020102120000	3.813543	0
102211212122	0.786388	0
010022002001	0.717668	2
201120000022	4.060916	0
000000301040	0.055086	0
001000040210	0.810142	0
001101200221	0.774161	3
000202000120	0.274263	0
000120200010	0.780479	0
120211010122	0.486444	3
201201122102	2.007595	0
221002112111	1.047848	2
000002000112	0.321612	0
201101002000	0.584999	3
011212020122	0.717352	3
201000021002	2.911843	0
202202001101	0.754775	2
020112210100	26.029553	0
211210212102	0.797973	0
021020212012	6.166189	0
102121221212	0.451459	3
001122300121	0.606928	3
121120002020	53.098257	0
021102020001	3.368512	0
204140204044	0.587279	1
000120000140	0.368286	0
121220202020	1.237956	2
010220210000	7.205707	0
000010042002	0.929870	0
040420541401	0.579132	1
000002302202	5.992701	0
110002221001	0.781581	2
210033111333	2.001457	3
010233100333	287.877536	3
000220120000	1.182302	0
100220122003	1.021809	2
100010200100	0.635751	0
210220010200	2.181613	0
000021302212	0.495894	0
001200100000	3.688818	0
021001042020	0.894751	3
111002202222	0.851777	1
100121100211	0.806696	3
200201110040	0.780658	0
201233011333	2.384832	2
101000042021	0.402517	3
100001210000	0.601865	3
001002120101	1.270817	3
210200011000	5.650298	0
014240004245	4.821802	1
200000010100	0.266800	0
330012353000	0.161913	3
001020041023	0.742244	0
001100102011	0.710472	3
210110102000	0.787547	3
100002001100	8.293019	0
021110320002	0.776291	3
000001300002	0.026587	0
100220000022	0.662410	1
010101020221	0.361821	2
210220122010	2.285665	0
200002002000	0.859468	0
011220000023	8.366426	0
001020200010	1.668434	0
022221300111	0.886810	2
102121220212	0.617552	3
200010	0.789562	0
120020100001	7.810962	0
332002333020	1.580707	1
010020011000	0.689501	0
011012202021	0.841728	3
000021340002	8.381595	0
010001211240	0.747214	0
000100210102	0.650956	0
012202000121	0.701186	1
000022021201	0.779421	0
020001200002	0.850098	0
331002333022	0.847669	1
112220010013	0.792077	2
010202021101	0.890475	3
102020221012	0.754460	0
014142124144	0.252023	1
120002201000	15.688840	0
020121211212	37.021574	0
012000020020	0.720341	0
002122012212	0.772442	2
221020002012	3.474447	0
111020212000	0.394637	2
201020341010	0.775407	0
221000100011	0.771174	3
014240004044	0.408544	1
000001210200	2.888157	0
200120010000	0.591791	2
001012041002	0.696393	3
201201012200	1.993635	0
212012201112	21.685049	0
020212212111	0.786608	2
110212210202	0.751616	3
002012041000	1.053983	0
000200012020	4.284989	0
020100011100	0.805787	0
002020021012	2.431844	0
022011210112	1.180468	1
002000020010	5.056004	0
010020210100	0.635082	0
120001001010	0.850402	3
001012000021	0.144067	0
120011110142	0.744874	3
120210202001	0.759767	3
120033100353	0.069761	3
001000002010	0.043382	0
021021000000	31.794671	0
111000222001	0.782690	2
001002120202	0.804473	3
211000	6.133741	0
002000002012	1.073260	0
102121111212	0.673938	3
002011000000	0.724699	0
002010012020	0.904388	0
020101210220	0.712062	0
021110010102	0.878988	3
200002221000	0.689000	0
000102100120	0.795866	0
001020201023	35.248737	0
121201212012	0.755372	3
200000220043	0.368016	0
102102222112	2.480722	0
020100020002	35.826301	0
100001041002	0.835637	3
020201010220	0.674447	0
001011000002	0.496900	2
200000000040	0.010774	0
200100000121	0.826589	3
011220001010	4.060465	0
101002002003	0.552188	2
102000042010	80.362334	0
020102010103	0.714979	0
210033221333	0.197431	3
120200211101	0.798298	3
101101	0.367596	3
101020000210	0.796085	0
011101222220	0.828916	3
120020122000	32.345895	0
101000042012	0.353479	3
020100002200	0.787162	0
020201212000	0.692454	0
010122020201	0.259140	2
110100120140	0.668570	2
010010020122	0.466094	3
101121040122	0.163481	3
022101300210	0.819747	2
001220300122	2.948149	0
200120020000	0.520467	2
202012001200	8.812895	0
122020010010	6.524774	0
022122320210	1.513651	2
220001120110	0.784063	2
221110002021	0.695797	3
000200012010	3.061510	0
202211001100	1.109039	2
100020201200	0.806430	0
022000020040	1.047687	0
211011222120	0.645003	3
110212220202	0.780176	3
330002353021	0.697575	2
110200200040	0.344914	0
002000201010	0.345426	0
210200010140	0.951731	0
200000200143	0.606213	0
101022020011	0.784933	2
022101320200	1.028681	2
102022002001	0.816570	2
001000000122	1.921626	0
022001221202	0.730912	1
000200020020	6.526988	0
211001011020	0.682513	0
220200110001	0.692355	2
200000120003	0.803433	0
021100012003	0.790382	3
000001340202	0.587500	0
200000121000	0.428805	0
001002000040	0.084321	0
211011210222	0.815290	3
100010002000	0.051086	0
224053104353	0.667780	1
000100000242	0.309035	0
010002001212	0.732515	3
020010040002	0.777090	0
101202002010	0.777528	1
002102010102	2.108354	0
202101201000	0.777769	1
211110022020	0.849747	3
110021200001	0.467915	3
211000000020	5.581104	0
221001100001	0.389376	3
110112220100	0.825051	3
121101022000	0.532327	3
120000010020	24.255915	0
114042	0.572780	1
201100001010	0.729179	3
021010221020	0.652881	2
200202222021	0.893211	1
330012333222	0.076704	3
221120120200	0.801300	0
202110001112	0.379846	3
110212020100	0.730256	3
000202000110	0.167999	0
010001202020	0.615859	0
000100022040	0.670553	0
102000201100	4.349808	0
024041024045	0.689180	1
100002300140	0.783808	0
110021241022	0.187189	3
211000202200	4.348859	0
120000212200	0.454830	0
010202110001	0.710860	3
201000011002	12.524521	0
221001111021	0.562296	3
330200333001	1.294798	3
001011222022	0.829692	2
222001141020	0.764302	1
104053114353	0.563073	3
122101000200	4.333038	0
012020002111	0.592766	2
201120001220	2.543762	0
020200202003	0.754727	0
020112110122	0.839284	0
121120002010	8.066093	0
122220112000	4.225250	2
100220000011	0.514593	2
000000300242	0.322759	0
021000011200	0.708395	0
002100102020	0.923807	0
120010220200	1.119254	0
121220202010	0.590980	2
020100002003	0.563271	0
020200211011	0.579572	0
102102021100	1.376314	0
100020040002	0.518825	0
124140	129.658244	0
021020011000	8.247194	0
102000200002	12.000122	0
210000100021	4.832312	0
001010020140	0.743130	3
000021302222	0.779218	0
100220112003	8.072435	2
202210211000	2.375798	1
101122002112	0.801784	3
200011100112	0.676623	2
201000010100	1.073503	0
210200021000	8.738816	0
002012001112	1.440392	0
210100220020	0.814559	0
000010241000	0.704700	0
200212000101	0.965790	2
020001110041	0.815623	3
110201212200	0.966836	0
100221000100	3.409243	0
002102220000	2.586741	0
201001222000	0.465965	0
004142024044	0.534040	2
021100120140	2.712599	3
102002042000	3.808911	0
001112001212	0.702774	3
202200000020	0.662003	2
212202111203	0.456434	2
010112220100	0.864278	0
001022012121	0.783952	0
200120000000	0.133484	2
210021110202	0.881631	0
101002042002	0.628058	2
002202022112	2.334620	1
200000221010	0.994292	0
200212300111	2.371656	2
201001200202	0.705110	0
021100200000	0.938549	0
022110211222	2.485624	0
012010240000	0.718936	0
110000100043	0.706881	0
101122102101	0.511035	3
010000300201	0.642142	0
350401353420	12.944668	3
002211212112	2.081920	0
122112	20.046192	0
201020210020	8.631169	0
002210120212	1.889438	0
002120000000	0.329454	2
021021010102	3.233476	0
330200333200	0.291106	3
221201111021	0.569361	3
021022020121	1.855751	1
210001120102	0.642961	0
021220000020	0.863561	2
100121001000	0.667520	3
002202221100	1.148211	2
020020012010	0.685082	0
102100201202	0.738243	0
022120022112	1.059878	1
021200212001	0.856918	2
330011353002	0.731957	3
120110220000	0.370744	0
022100021002	6.348722	0
012220212211	1.413003	1
204040024044	0.221814	2
001002010202	0.584857	0
021101120202	0.745819	3
000012320202	0.755057	0
000000041112	2.889307	0
210020222001	1.097912	0
000000000140	0.604304	0
200200002010	6.804114	0
000000040003	0.001037	0
200101300021	0.819953	2
000220122000	0.799030	0
000110002212	0.699375	3
020000212200	0.497953	0
002210000100	86.452968	0
021201210100	0.522275	3
011220020021	2.502402	0
200202010110	0.632109	2
010202200140	0.704283	0
100121020202	0.516526	3
101120001010	0.581157	3
021211211122	0.343741	1
002121111212	0.709716	2
020001000212	1.129128	3
220110021000	0.823228	3
001021340020	45.620943	0
000212001121	0.790660	3
200020002100	1.480348	0
020221011201	3.310001	0
220221	2.352666	2
221110121022	0.847845	3
110010221020	0.589072	3
330001333201	0.097446	3
100000000021	6.263756	0
202021001112	0.805975	2
000221300001	37.292059	0
000221000101	6.185531	0
100120010000	0.277991	3
210001010200	0.600579	0
201110000021	0.661916	3
222110121020	0.506490	3
100121002000	0.518027	3
020010000003	0.281961	0
100220211003	0.766657	2
112012220001	6.268922	0
022001000012	1.504096	2
002210201000	8.281562	0
022211000222	5.182168	2
224040	0.639814	1
110000211011	0.776875	3
221020111011	0.598162	0
102120000110	0.395620	3
002001201010	0.345028	0
100100100020	0.445934	0
330002333021	0.400074	2
021202012100	0.750388	1
000120300202	0.454339	3
000112000021	0.428096	0
000001000043	0.146132	0
002110001000	1.544852	0
000000002022	1.313909	0
112212	35.949796	0
012002111000	1.083809	2
020220110000	0.795300	2
010200201100	1.096884	0
021102212100	6.710052	0
001121040122	0.749960	0
200211100212	1.026325	2
002220002011	0.737491	2
120001100201	0.908028	3
000201300042	0.759165	0
212212011112	4.739201	0
122120222212	1.560075	0
201001002202	37.092876	0
100222000001	0.705165	1
010220202010	13.414357	0
120211110212	0.453608	3
102120042011	0.256759	3
002102300221	1.181072	0
110121222201	0.711528	1
002022300212	0.686073	2
000002100222	0.781073	0
202021000010	0.755887	2
022100112020	1.403448	0
221001122010	0.750719	3
220211111112	0.524538	1
000000202002	0.916324	0
002002342010	0.773486	0
002010340021	44.300727	0
102000020020	4.619275	0
220100012003	0.801097	3
201210001121	2.149108	2
201021000012	20.756949	0
021221010002	4.745338	0
100121042022	0.512492	3
201001200022	0.769993	0
211102120220	1.963050	0
022120012012	0.830374	1
001000120010	0.675880	0
000010242000	0.652091	0
100010141001	0.751170	3
100121200001	0.816258	3
000000101100	0.371157	0
022120010100	0.894713	2
212001201000	0.155859	3
010102020220	0.582848	0
022211101212	0.889272	2
020000221020	3.331009	0
010033000333	0.008774	3
020101200201	0.847579	3
210212100100	1.723730	0
010211210112	0.777129	3
200133222333	0.733780	1
002022012011	0.706316	2
212010001112	0.837277	3
002220201112	0.822835	1
212121121210	0.764552	1
012021000000	0.635692	3
002120	0.153793	2
000010040220	0.821901	0
000000221040	10.524048	0
122020102010	7.245026	0
010222210111	0.862857	2
101000102003	0.722424	3
201010000222	0.668326	0
100020201011	0.703626	0
020000201001	5.175670	0
011220222020	10.432887	0
352410543420	3955.969897	0
120110200000	1.946022	0
000200012201	1.364266	0
211120020010	1.648150	0
010202022000	1.033796	0
020000010201	13.108368	0
221101100240	0.353356	3
000122200101	1.345278	0
012002011000	1.837986	2
202200001010	0.526328	2
001112000222	1.042916	0
001020002011	0.403698	0
000210020201	0.692543	0
102010041001	106.570978	0
022110021010	0.940436	0
200201020200	8.119243	0
011002200202	0.800923	3
202211201102	0.708855	1
002102210100	0.856454	0
010101020000	0.563774	2
211010100021	0.680748	3
200101110200	0.617342	2
000000102220	3.351042	0
330022353000	0.263382	1
120111120202	0.799593	3
020001111000	1.068695	0
011002222000	0.691033	3
020122300101	0.876055	0
200000220020	0.379924	0
221021111000	30.036432	0
022001300000	0.216088	2
112001221001	0.726939	3
221201102220	0.550286	3
022200011100	0.894343	2
002100000220	0.993946	0
102101120200	0.848004	3
201000102100	2.143232	0
001102121200	16.139564	3
001012340022	0.635645	3
212002101211	0.829445	2
001002302001	1.221309	3
010011002212	0.750215	3
201021001022	13.028208	0
100111	0.226532	3
022001300020	1.408087	2
002002320201	12.553921	0
222110121112	0.329049	3
012020000212	0.556639	2
022001110211	1.145913	2
000010201022	0.884582	0
010200111140	0.806934	0
001200000202	0.709841	0
212200	20.882973	0
020000110222	0.874768	0
002200211000	1.448174	0
021001300022	0.832602	3
102101022211	0.809849	3
002011201011	0.845785	0
221002111010	0.725062	2
000202010140	0.116664	0
000110320022	0.495554	0
002200000200	4.739890	0
210020020000	2.218909	0
001220222000	3.475992	0
211000202011	0.666309	0
121101112202	0.802494	3
121020110000	63.008161	0
101010002022	0.168056	2
021021002201	27.343421	0
331020	0.742078	2
204140114144	0.769154	1
101001112000	0.803779	3
020012000001	5.112822	0
200202020010	0.759374	1
120000212011	0.698984	0
212021001210	0.690394	3
112220011012	0.812670	1
010022000001	0.213765	2
002212300101	164.813621	0
004241	29.914150	0
102121022021	0.785293	3
010001000011	0.635140	0
022100022020	1.610706	0
000010000122	0.125089	0
330100333122	0.452658	2
001102102100	0.819581	3
112002201212	0.743491	1
000001110100	0.128457	0
022021320101	0.671933	2
332000333140	0.522116	3
000011002022	0.404963	0
001010040011	0.548059	3
200000300211	1.164604	0
042433442333	40.504158	1
104041114044	0.630864	3
002000200020	0.414372	0
020211210100	0.525714	2
220011101102	0.783796	1
022010101012	1.255761	0
000001210221	1.094227	0
210200110202	0.741673	0
012220212000	3.717389	2
120011100202	0.732526	3
000200022110	3.723991	0
012110000000	0.739130	3
000000112140	0.760874	0
001122000211	0.405215	0
012102040203	60.790530	2
000002001111	0.588863	0
124053024345	12.603298	0
200100000021	1.029626	3
121001112100	0.707926	3
021220112020	0.940394	2
200012002022	1.804634	0
210121120001	0.782048	2
020020100010	1.007662	0
002002120002	0.780787	0
100010200001	0.623883	0
022000000120	6.643792	0
222211111212	0.368782	1
210112120140	0.845327	0
101000002001	0.285336	3
000020041021	1.446305	0
120200210140	0.394042	0
022201010002	1.413699	2
100210101020	0.843922	3
022201310102	0.757415	2
021020110000	17.225088	0
022111320212	4.608828	2
000112010101	0.932327	0
022221310202	1.063751	2
202201001112	0.839950	2
331022	0.416649	1
000002210001	1.970213	0
112102222210	1.405135	2
100200010040	0.258876	0
110010200240	0.655038	3
100220202010	1.237123	2
002102002201	7.529613	0
221100101043	0.311358	3
022000001022	0.967382	0
330100353122	0.628750	2
004240224044	0.907224	1
120212212100	0.476888	3
120022100000	0.726834	2
202010040021	0.684013	3
011202020100	0.471009	3
221101111040	0.423381	3
121110222020	0.590428	3
240410440420	0.370928	1
012202002110	1.624903	2
002001200020	0.754925	0
010120020010	0.698820	2
011102220100	0.636883	3
212000201000	0.058844	0
330021333220	0.556936	3
102202210003	0.762630	2
200120010101	0.863840	2
000000101202	0.636998	0
110002210040	0.323669	2
222021121112	0.743237	1
100010242000	0.736208	0
101000002221	0.726064	3
202200010112	0.700802	2
010220000021	3.102638	0
210200220003	13.400993	0
102120112110	0.808774	3
100100100043	0.525198	0
000111001222	0.683295	2
002001002200	0.647077	0
021021101000	3.206309	0
001012000120	0.705304	0
200211012212	2.252248	2
120001100010	0.859209	3
000200010121	2.586749	0
242400441400	0.522669	1
200200020200	1.778514	0
000120002022	0.749101	0
101020002011	0.205100	0
110212012112	0.656298	3
210100100040	0.400227	0
122121002011	45.831686	0
002012001020	15.265200	0
021000022020	0.781071	0
212102221121	1.810779	1
102210222000	0.795687	0
140433440333	0.147365	3
110001202210	0.686272	3
220000100013	0.562117	0
021120002023	117.962344	0
020002110043	0.784803	0
120200221000	0.785496	3
000022120201	0.630098	0
022122021211	3.590553	2
012202000020	0.677265	1
200001220040	0.698200	0
332002333121	0.875158	1
122202	3.032137	2
010002020020	0.559718	0
202110201112	0.566995	3
330012333220	0.731932	3
020100200010	0.717089	0
100001211200	0.770510	3
022120120011	1.444361	2
201202002101	2.555376	2
120011100000	0.325482	3
020200000010	0.462767	0
121001110101	0.833037	3
101021102020	5.493800	3
100211020022	0.703117	3
210202100120	1.427088	0
020020110201	0.725702	0
010001000202	0.107571	0
210202	7.612597	0
000010340002	0.202244	0
210200010002	2.147304	0
021212210121	0.644585	1
010000201040	1.688229	0
002011202122	0.722277	3
000001300102	0.197951	0
202011011112	0.480641	2
211020001020	32.084758	0
012220012003	1.117417	2
100220020021	1.166301	2
001021010122	0.556081	0
000000110141	0.734256	0
000201001100	2.707321	0
221100110001	0.806963	3
200200102001	3.282420	0
202000211000	0.353031	0
004253024353	2.861039	0
330120333101	0.502062	1
011202010002	0.759431	3
020001000040	0.018098	0
201100202000	0.247623	0
100101101221	0.780643	3
210210022002	2.518962	0
121220202012	1.825959	1
024241104044	48.659858	1
022010000020	4.390540	0
100220200011	0.938953	2
000000042003	0.978193	0
000122000010	0.742762	0
110200210240	0.299744	0
000212020122	0.395244	0
021002110001	2.133047	2
000201120140	14.681537	0
122120022110	26.298084	0
212021101012	0.475010	3
010022300001	0.619675	2
021121210200	33.606222	0
221100122120	0.618200	3
010022000101	0.345048	2
022102011100	1.235953	0
212002101002	1.049239	1
021201012001	0.816322	3
001012020020	0.622024	0
100112000221	0.448862	0
020000300220	8.288465	0
020100210040	0.582822	0
001221300020	15.072567	0
101000000000	0.194104	0
000210300101	0.907002	0
210002100141	0.681245	0
210021220011	0.803326	0
200211302122	1.309330	2
021020010200	8.835770	0
101121002021	0.693878	3
041421440420	64.736285	0
000001200140	0.711883	0
012112001112	0.749557	0
102000000002	26.153069	0
002000300012	2.507517	0
000111202212	0.575366	2
000200211000	0.669530	0
100100010021	0.822794	0
020201010222	1.072904	0
212012000020	3.208156	0
001001122102	1.336369	3
120000122003	0.621924	0
120120002100	134.123824	0
331212	0.803637	1
000002340020	0.327942	0
012201010200	3.417191	0
000202101100	0.702324	0
000100010003	0.269360	0
001012002121	0.523588	0
122020211112	80.950938	0
210100120203	0.894958	3
101102022110	0.765455	3
000000100121	1.045152	0
002220112010	0.797749	2
201202010100	0.799134	2
021000200010	0.665604	3
110022211211	0.485557	1
020021310222	0.801875	0
021012202021	0.868086	2
220133102333	0.285646	1
022000011212	2.342831	0
000100020102	0.392446	0
021011000102	0.773530	1
101000102021	0.567374	3
101002202003	0.680448	2
210200210140	0.805125	0
210212021102	1.035935	0
211011222122	0.633891	3
021000000140	0.329792	0
002000210210	1.558302	0
220000100020	0.141735	0
122020210010	2.972460	0
002202021111	2.336512	2
012210000010	2.497039	0
000001020200	0.466638	0
220012102011	0.683137	2
200120220000	0.724876	2
122121022212	15.510260	0
100010040012	0.400982	0
201121201212	3.327539	0
331021333021	0.425943	3
002101010201	0.416069	2
101200012000	0.733147	2
020202012110	0.648419	2
221020101021	5.265077	0
000001020011	1.082641	0
020200	2.413641	0
020101112201	0.798680	3
110220200100	1.100798	2
010200310200	0.833519	0
000100021000	0.627241	0
202112000222	5.868202	0
100000200200	2.364772	0
010101120040	0.203335	2
331011	0.930270	1
020001000210	0.736967	3
101000002203	0.672204	3
021101010102	0.711442	3
020221300101	0.897295	0
000012340012	0.785849	0
002010200000	3.760086	0
000020300221	1.025770	0
210122000111	0.787407	2
111022212201	0.361709	1
021201210102	0.566973	3
020100110241	1.704669	0
201021000122	1.460270	0
102002101100	1.141273	0
000020002210	0.548471	0
012200201000	39.322419	0
002001000112	0.664838	3
021202211110	0.758044	1
010100200002	0.799419	0
210010122000	0.718707	0
100102021100	0.803129	0
010120200003	0.769889	2
021220212211	1.146065	1
102022102010	0.619421	2
102100220040	0.772459	0
200102020200	9.680402	0
120201210110	0.722939	3
110021240002	0.801016	3
010220000003	2.958706	0
112002211022	0.850024	1
010100120142	0.326201	3
010011220122	0.821825	3
201212300020	0.827000	2
021021100021	7.581372	0
101002000010	0.841365	2
000201300040	10.669777	0
330000333141	0.761231	3
210000241003	0.258232	0
002202300111	1.172837	2
001001001012	0.152594	0
120133120353	0.738480	3
120020020000	37.396124	0
221221111240	1404.529643	0
021022100201	0.935700	1
021000002003	0.200719	3
212101021220	0.800432	1
000002120222	0.812122	0
002001000101	0.500609	3
002001001010	0.204024	0
202000102003	0.713417	0
120211220002	0.486841	3
121021202212	1.652223	0
021201011002	0.839084	3
022211010022	1.992483	2
220200111000	0.152626	2
110020212020	0.729254	2
000021000040	0.684981	0
221012101001	0.708188	2
200210102202	0.847892	2
202212001020	1.695422	2
012211022212	1.788013	0
020233000333	0.371274	2
022033010333	0.870998	2
201212301122	0.827727	2
112010212111	0.831708	3
212102220100	0.548075	2
001200012000	1.017326	0
100102010040	0.510223	0
211002122003	101.263649	0
330001333020	0.072319	3
021002200000	0.689210	2
222000111002	0.853448	2
110020211201	0.823664	2
122210110001	13.124651	0
010112220102	1.727935	0
122120120011	2.465695	0
001121000222	0.350281	0
020210210001	0.706861	2
001202000100	0.194229	2
011021001212	0.842881	0
020000340010	0.498439	0
020000010022	1.767200	0
004142	0.416985	2
011022000200	0.600437	3
212010201020	0.226390	0
100102000220	0.633029	0
201000211020	1.162162	0
100221000102	3.322028	0
121000212210	0.808232	3
120102000240	16.501687	0
000200101110	0.787162	0
012220022110	0.814597	2
002100100020	1.096008	0
022000120020	4.275758	0
000000010042	0.221025	0
000000242010	0.452743	0
002002300002	5.254269	0
212002100203	0.889813	2
022110211220	1.051678	0
100102202000	2.310744	0
110000212020	0.433448	3
200100001000	0.174181	0
221020112020	17.806761	0
000011040102	0.516177	3
200100000003	0.055896	3
021120002012	4.537122	0
020120120111	0.757528	0
200020300100	0.858058	0
122010000010	17.749597	0
100121001002	0.754290	3
242410441420	0.561856	1
200210020220	0.878314	1
021120000100	2.251519	0
000102020041	2.224479	0
210001120100	0.717605	0
210002122003	15.556930	0
002111	0.178701	2
000020041003	0.709529	0
202000101001	0.648354	0
100220000240	1.529287	1
010020020111	0.861474	0
022112000212	1.113082	0
002000210001	0.805958	0
010101222201	0.769058	2
120120002000	47.523404	0
021101120200	0.359265	3
210002110002	1.288447	0
000201300211	0.839301	0
012002220200	1.543761	2
200211110122	0.627305	2
040402440422	0.831281	2
100012040002	0.392012	0
000200340000	0.605497	0
001220000120	7.102827	0
202202001121	0.659588	1
100101002210	0.610855	3
204040	0.567378	2
000011041000	0.506799	3
022021000202	3.588216	2
212210000000	2.164280	0
000002210023	0.859306	0
100200021003	0.815347	3
112120222010	0.713122	1
122233110333	496.283041	0
100200020000	0.402971	0
001012340020	0.488634	3
000101000211	0.512714	3
212022	0.232743	1
111120222012	0.704589	1
022200211100	0.826679	1
011002100003	0.582854	3
201012000120	1.861916	0
001001000022	0.023059	0
020120110010	0.639309	0
000000042011	0.749357	0
022001300002	0.757670	2
020110020022	2.881882	0
022033220333	0.690577	1
211011121122	0.840573	3
010211120142	0.826621	3
111021202011	0.822604	3
120210211121	0.645984	3
330002333102	0.031724	2
000210110101	0.587920	0
020000110220	1.048217	0
012010142020	4.971515	0
221000102000	0.041133	0
001001041001	0.252118	0
010000020102	3.258303	0
221101121002	0.684289	3
012020000210	0.682979	2
212202011003	0.824077	2
012010010000	0.737802	3
000222302010	0.778321	2
010002200101	0.528121	0
021200210000	0.145472	2
000001302201	1.447816	0
212021201210	0.778040	3
201000302021	45.969822	0
210020100002	0.737092	0
012211000122	2.491961	0
021101020002	0.606180	3
202011222022	0.793882	2
020012000022	1.367407	0
102122221211	0.582431	3
100120022010	0.841995	3
012000000020	0.692948	0
022033221333	5.757647	1
001200222003	0.805797	0
012001000210	0.698351	3
210000240000	0.529527	0
010011221112	0.747195	3
100201210040	7.307351	0
002200201010	1.069139	0
121000110003	0.827034	3
200010340020	0.200223	0
102002041000	1.086034	0
012120	0.132110	1
100221002010	1.477167	0
100121101200	0.540447	3
002020102000	7.618428	0
100000040021	11.477758	0
022001010222	4.086902	2
000012000101	0.568615	0
000010000120	0.325411	0
210000100003	0.191654	0
022002300222	0.838092	0
020020110010	1.677388	0
012021042012	0.586103	3
142400440420	55.903145	0
330001	0.657053	3
002100000013	0.660349	0
220000112203	0.078661	0
201000020020	1.641413	0
220021111102	0.848049	2
000102010141	6.237537	0
021001002011	0.697181	3
100012000011	0.486949	0
020101000201	0.315419	3
100212000100	0.115192	3
201010222020	0.439909	0
100000200011	0.419818	0
000000101102	1.404342	0
100211001112	0.801598	3
122010001020	19.939665	0
121001100000	0.287592	3
210010000022	0.381013	0
000000102013	0.408884	0
120033222353	0.756958	3
201000222200	0.852623	0
220002101000	0.697364	2
021112210020	1.205296	0
202010011020	0.890967	0
011220022020	6.119291	0
121001220140	0.584720	3
010222010111	0.761926	2
010200100200	1.576920	0
100110120122	0.834835	3
210010202202	0.797776	0
020002101000	1.763119	0
212121121212	0.435445	1
202211001102	0.878137	2
212010200010	0.604105	0
001010042122	0.458301	3
212011201111	0.854600	3
221111022222	0.868526	1
002020022111	2.468321	0
002002340011	0.861148	0
001022302211	0.714591	3
100120101200	0.505093	3
012112201112	0.616251	0
021201111200	0.635852	3
121201212201	0.307819	3
141412	0.690830	1
002022020111	0.315473	2
022100210000	3.914457	0
002022320011	0.732097	2
022100211003	1.509240	0
120120110100	10.685065	0
000000241020	7.069574	0
000220010121	7.330765	0
101002202011	0.751327	2
022221320111	0.879928	2
002220000010	0.482886	2
121101012201	0.830796	3
000200100120	2.464549	0
002220300110	3.842409	2
200012041002	0.728099	0
210201020240	2.824980	0
102000040011	30.242435	0
010011200122	0.784699	3
112233220333	1304.262353	0
021211120222	0.737720	1
120033222333	0.066853	3
101020002211	0.553872	0
020100000201	11.981315	0
332020333211	0.823676	2
240410	0.539613	1
012202002112	1.345613	1
112102221221	1.305841	1
000120110200	0.757705	3
210002210101	6.454868	0
240410440422	0.757912	1
022000000203	1.772155	0
012202001003	0.751089	2
221010100021	0.754452	2
210120022112	1.892304	1
200122010201	0.757597	2
021020022212	1.214126	0
012020200000	0.489493	2
012221000010	34.599169	0
220001100043	0.724434	2
112002212212	2.440406	1
120002100003	1.313662	0
022012300021	0.898293	0
121200220003	0.827870	2
222010141000	0.521542	2
001202320202	0.845322	2
021000110003	0.468093	3
112011222010	0.779867	3
100200202200	0.758195	0
221200111203	0.818122	2
000002000241	9.405785	0
114053004353	0.710217	3
102112222102	0.774720	0
010011001022	0.818309	3
202200211010	2.838351	1
010001010140	0.317888	0
002220122111	0.805181	2
000000001111	0.491745	0
001122040111	0.443590	0
202101	0.132198	1
000012110121	0.795146	0
100212010142	0.739304	3
020022010001	1.192918	2
210212010101	4.911551	0
010000110003	0.402279	0
012010001011	1.122451	3
000002002120	1.117592	0
114041224144	0.631619	3
330001333012	0.556654	3
010000111000	0.587044	0
012011	0.085663	3
004240024245	1.614990	1
220200010201	0.817464	2
010022041010	0.703955	2
010100200140	0.651485	3
220012111210	1.504886	1
330022333002	0.536597	1
024140204044	8.933253	1
001021020022	1.931136	0
100122042011	0.604256	3
021210212021	0.479468	1
214140224044	0.346325	1
000220021200	1.753441	0
221110000020	0.852942	3
020000100200	0.738553	0
220121111200	0.874651	2
100010041022	0.586586	0
000100020041	6.760346	0
022201211100	0.925763	1
000022010101	0.187216	0
020012110000	1.463519	0
122233110353	982.477796	0
110112220212	0.670636	3
200100121003	0.881653	3
110001201221	0.604150	3
220002111000	0.753207	2
210200110200	3.158213	0
020211210102	0.198539	2
010220010101	3.165291	0
112222012111	0.801170	1
221220222112	1.706123	1
010001100000	0.297569	0
201002141000	2.435411	0
000010102021	1.477585	0
120011000202	0.467511	3
210002020200	6.567219	0
352420543411	0.669116	1
002210040011	0.887787	0
000001010111	1.151948	0
100212020100	0.476191	3
112002221003	2.578107	2
102012200001	123.787041	0
001121020201	0.710056	0
000211021102	0.550100	3
122220002013	0.687245	2
211010120020	0.690339	0
110220212122	0.804531	1
001010002020	0.037079	0
102122002101	0.461109	3
011001000001	1.150406	0
002021041010	0.292693	0
021201001200	0.766220	3
330102333200	0.375729	2
211101221040	0.754197	3
212121222212	0.700660	1
101000202001	0.474474	3
012220010013	1.180680	2
012221	31.761723	0
000200221100	6.349621	0
000200220103	0.689564	0
021121012201	2.104610	0
002210210010	1.505779	0
042400441423	9.912625	1
000012100202	0.707777	0
000000040021	12.186461	0
010011042000	0.757450	3
212012200000	1.534171	0
100220002010	0.599121	2
102200201010	4.127584	0
110001222121	0.674287	3
011022000011	0.629523	3
110022210221	0.317098	1
000120020102	0.773625	0
000200100043	10.770438	0
202201001110	1.004208	2
122033221333	75.221166	0
121000212001	0.750506	3
124041004244	7.609242	0
000010202022	0.680223	0
010022000000	0.303448	2
112020202000	0.766668	2
012002220021	0.755499	1
200120001011	0.870861	2
222010101112	0.630893	2
002102300201	0.692440	0
330222333101	0.058487	1
101001122000	0.344237	3
222012001021	0.768504	2
001010200023	0.801976	3
000010300022	0.012717	0
020001000141	0.646540	3
001122200111	3.300690	0
120120200001	17.718049	0
001000012220	0.899793	0
100010201010	0.718391	0
014042214245	0.702889	1
010000110201	0.968051	0
021233010333	0.810658	1
200012000102	3.562248	0
022102200201	0.871144	0
120220000010	0.779314	2
010210110142	0.820179	3
210000200043	0.132993	0
212001001010	0.528632	3
350421543412	15.713759	0
100000121010	0.280710	0
120220211210	1.454984	1
000201220040	8.050563	0
022012300111	1.125580	0
000220020200	2.173883	0
101021102121	1.190756	3
010100010200	0.857626	0
001010000102	0.665342	3
121001110000	0.376534	3
220000142000	0.109134	0
201202002000	1.076927	2
001002122100	0.816769	3
022002111000	1.231278	0
121220102112	0.752838	1
224153	0.943309	1
010000020100	0.642053	0
200011202102	0.563677	2
221100110100	0.588477	3
000000110040	0.067447	0
100010002002	0.363771	0
100120041011	0.496996	3
000000002023	10.349637	0
210002200102	9.286533	0
012200010022	0.862267	0
020112020001	24.348154	0
201001100000	0.994076	0
220110120000	0.417647	3
210033100353	0.059374	3
200112300022	96.996096	0
002012200111	7.529095	0
020002000211	1.303455	0
014253204353	441.660118	0
020002300020	0.774431	0
122120122010	6.043690	0
332211333012	1192.121124	0
012202002120	0.814356	1
002002201000	1.057757	0
121120122012	4.261816	0
210210010020	13.875323	0
200200300002	3.182044	0
002102300002	1.092917	0
100012010102	1.463014	0
112011220002	0.692292	3
002021201010	0.552958	0
210211010122	5.078839	0
022012300011	1.681715	0
001010242020	0.719440	0
010101120141	0.802324	2
200101010221	0.569634	2
100102120200	0.639516	0
010012120043	1.036560	3
000110122000	1.276516	0
120201110201	1.405825	3
011102020200	0.357293	3
000120000122	0.455691	0
001011240022	0.776149	2
210210212200	13.645023	0
000002200020	0.997927	0
001122040121	0.485968	0
022200111211	1.612499	2
201002002201	6.189532	0
100211200212	0.719262	3
020002001022	0.829280	0
201002100010	0.759622	0
100010041020	0.109523	0
001000102200	4.363268	0
202200211020	1.349027	1
022020001000	0.543323	2
010012000000	0.309668	0
001012002020	0.442984	0
100021020000	1.143341	0
212102021221	1.313787	1
020010300202	0.881665	0
114041214144	0.674124	3
021021100200	30.507228	0
111000220000	0.734457	2
100100010120	0.617891	0
001202020110	0.766247	2
212012101020	7.917606	0
001002020002	0.536522	0
011101222200	0.762477	3
001021020012	1.190805	0
000022220101	0.837439	0
100122042021	0.467007	3
221220110000	0.814222	2
212010221002	0.770591	0
241400442400	0.065869	2
010021001112	0.812833	0
200000222013	0.577212	0
102102000211	3.332306	0
112021211112	0.761649	3
022000000002	3.037327	0
201110202022	0.743211	3
202102001111	2.568685	2
221101110240	0.351727	3
022110100000	1.377316	0
102002201000	5.401730	0
002001001111	0.897494	3
020100320010	27.395356	0
020121010101	0.946977	0
101001222002	0.806615	3
000001100042	0.632771	0
001220202112	1.207646	0
002000340012	8.102351	0
020221210101	1.657395	0
221201112111	0.720475	3
010012210000	0.781316	0
112001221100	0.568887	3
020221210202	8.703362	0
211001202000	0.294565	0
202010021020	0.775364	0
112010212010	0.688570	3
002100300211	0.798084	0
022033111333	8.691669	2
121010202020	0.341362	2
120210210010	0.816914	3
121000220003	0.333999	3
334140334244	0.457822	1
020010010000	2.193651	0
202212001121	2.607838	2
010102220120	0.794171	0
212100221000	0.462243	2
022001010211	0.664255	2
120200110201	0.917803	0
330220353000	0.383315	2
041420441413	0.285087	1
000001102200	0.927580	0
222010111020	0.576846	2
210102020140	0.841821	0
201020111010	12.964228	0
200221300121	1.646762	0
100033220353	0.039929	3
002012040001	0.918060	0
102002000100	7.835925	0
120111110240	0.759362	3
020000022000	0.151644	0
202000201012	0.766305	0
004241014245	74.737966	0
040412440400	0.334763	2
101011012222	0.681921	1
112010001021	0.387052	3
220021120000	0.726228	2
110012000000	0.621769	3
021020022023	88.623245	0
100100110000	0.398560	0
000000220240	1.040255	0
042410441421	8.981057	1
332000353011	0.672886	3
010120020140	0.415160	2
020002100202	0.727436	0
000010041020	2.235039	0
000222320221	0.808768	2
201200002010	9.165500	0
002022010111	0.374288	2
121120001011	7.821754	0
012100020001	0.796326	2
122000000002	82.153631	0
110012221021	0.683089	3
120201200200	0.730851	0
101020042223	0.779589	0
102000000023	8.353568	0
022000111010	6.319792	0
000011000122	0.194201	3
001002340020	0.521178	3
221120121211	0.668137	0
001102100000	1.090494	3
222000110200	0.649969	2
212021021112	0.716882	3
002002340022	1.827289	0
100121100002	0.752507	3
201012002002	22.461280	0
101202102101	0.863251	1
330220333012	1.078392	1
120012100001	2.749444	0
124053204353	24.199940	0
021020010021	1.574986	0
221000110202	0.767590	0
112120021012	0.738905	1
200110040112	0.716941	3
012212000101	3.617511	0
112021002010	0.620625	3
200000110203	17.721355	0
332211	4339.910875	0
022100120000	3.943044	0
102121102221	0.783311	3
100002110140	0.794509	0
021021300201	63.974399	0
200202300012	0.655014	2
000201000210	3.120969	0
012202111110	0.805014	2
012010020000	0.579027	0
221101111002	0.798811	3
010000010102	1.079098	0
202000101100	0.656105	0
102102020111	1.163301	0
201000302011	182.370025	0
024140014045	0.392849	1
110000020100	0.783519	3
022221110122	0.785993	2
100122202111	0.751045	3
021200220000	0.638057	2
101120042001	0.388681	3
041433441333	0.253247	1
102010020000	37.864670	0
020210210100	0.382094	2
210020210000	10.206609	0
002211202212	0.762738	0
122002211110	2.132576	0
200222	0.654445	2
100102010141	0.925852	0
001002300101	0.575776	3
011122212101	0.697192	3
012001221010	0.708862	3
002200201020	1.331596	0
000102002211	6.290380	0
100012041001	0.508837	0
020100100140	1.806388	0
000022302221	0.541208	0
001200020100	1.105877	0
022210110220	0.904937	2
110210020241	0.748714	3
202000100002	0.797981	0
100110000202	0.673318	0
000000002040	0.040475	0
212212211121	2.627026	0
001121000212	0.496600	0
000000302140	1.100983	0
000000110023	3.712011	0
000021010100	0.709014	0
012001220010	0.767013	3
352400543400	8.954684	0
000020001210	0.538987	0
022010040012	0.828790	0
102002000021	1.579417	0
100102000210	1.071096	0
001220202020	4.668333	0
022211010011	0.714076	2
110021201102	0.636356	3
021200210101	0.567960	2
200010100001	0.728673	3
002021002202	0.747617	0
024142014144	0.675960	1
022000110020	17.465748	0
000000020242	0.745029	0
001200010001	1.099080	0
020020011010	1.459000	0
210000001003	0.255544	0
200011300202	0.788709	2
100011210202	0.714055	3
010112020200	0.728164	0
202001221000	0.656128	2
121011100022	0.848763	1
121001002000	0.121032	3
120102220140	44.962971	0
000011020222	0.562676	0
002022011121	0.669146	2
010211221212	0.733191	3
221221111202	15.872843	0
200000200210	1.278815	0
200210010220	0.596931	2
022210010022	1.075333	2
021021012002	1.725842	0
012002020102	1.432092	1
220210111002	0.783099	1
120220112010	25.810285	2
211200211120	14.356868	0
020121020001	14.721166	0
201000012002	4.012569	0
000020320221	0.986761	0
100200120003	1.099025	0
000021100011	2.251061	0
021002002100	1.035664	2
041420440423	38.040497	1
222000111203	0.252045	2
212202110003	0.328230	2
010200010142	0.484499	0
212202111000	0.352648	2
221000102101	0.761562	3
001022010021	0.537068	0
200220102010	1.563465	0
100000200012	1.048925	0
212102122210	1.198205	2
020010020100	1.302243	0
000200020221	8.718500	0
012021020112	0.465322	3
210201000200	84.536487	0
022120202000	1.070680	1
002102220203	15.082575	0
202202001111	0.816101	2
101021212012	1.144229	3
210002110040	0.767263	0
221000000000	0.663898	0
120102211200	69.276420	0
000000200102	3.769923	0
011021	2.263691	0
010200120240	1.059969	0
200210110003	0.802625	2
100110022202	0.803469	0
002002040010	0.670111	0
112000101000	0.718373	0
020121020221	7.143801	0
021202211120	0.827288	1
000020002220	0.872691	0
010020202011	0.833056	0
110122220101	0.722934	1
000011000010	0.476722	3
120102000200	32.338275	0
021201212020	0.854899	3
000012300111	0.729917	0
221110122020	0.490577	3
200100210040	0.567706	0
020221300220	1.051661	0
022200110003	2.258052	2
000101010102	0.675311	3
022200111000	1.733692	2
012002110200	0.806820	2
021101210200	0.513836	3
100121040021	0.793104	3
001000102011	0.907133	0
020220112100	0.832850	2
002022320110	0.840053	2
000002120120	1.283234	0
000020201003	3.456716	0
200100200043	0.480647	3
000020200000	2.468984	0
214242	0.972829	1
102120002010	0.035950	3
020000211202	2.135109	0
012001220020	0.750272	3
142410440402	81.176540	0
200121001200	0.704831	2
112001211001	0.689077	3
000000201000	0.611015	0
000002200043	0.905006	0
120020201200	3.480194	0
112220012000	1.335693	2
000112002101	1.117096	0
102020021010	1.367614	0
012010000002	0.780359	0
000011001112	0.320102	3
330001353102	0.485240	3
122220010011	1.192394	2
100121040102	0.419195	3
000122340021	0.288947	3
020001001012	0.906181	3
120111222212	0.734167	3
021001100221	0.786356	3
124140104144	1907.765812	0
200020000000	1.490908	0
000220300102	8.783950	0
100100010202	0.572055	0
120012210041	0.879374	0
020112120201	1.561341	0
002211220122	2.061052	0
110020212010	0.801745	2
331002353001	0.628198	1
102210002020	7.995770	0
002022102111	0.833106	2
000010000010	0.215470	0
000002340010	0.224028	0
221010101022	0.605482	2
200000120200	0.750155	0
020100210002	2.743936	0
201200110010	0.811852	0
102002001003	14.992919	0
110212200100	0.604955	3
000101010140	0.336071	3
210002110001	1.625798	0
200110000001	0.472138	3
012100020210	0.744199	2
010222020101	0.445027	2
212000111020	0.978355	3
102110202020	0.677969	0
000000111001	1.563781	0
201110200021	0.844458	3
210202201120	1.894015	0
100211000101	0.759211	3
000201320211	0.755284	0
102000041012	37.469164	0
100001042000	0.594059	0
100001021221	0.795685	3
100112000212	0.711962	0
021001120040	0.687380	3
120001202000	0.967327	0
000200300222	1.143595	0
021210212120	0.723356	1
110220010110	0.890100	2
000021340000	7.201527	0
022010	8.302649	0
120001200112	0.786009	3
022101002210	0.745185	1
001020001112	5.549435	0
120021010000	6.352620	0
330000353102	0.060677	3
000001222201	0.810798	0
020100300200	0.785656	0
010020112010	0.802100	0
020021302221	1.174096	0
002202011111	1.809073	2
022002020110	2.977747	0
100000002010	0.096744	0
012002101100	1.163320	2
020221010022	8.568750	0
200001200002	1.203848	0
101121042002	0.596691	3
022021022012	0.847266	1
001020102023	74.885731	0
220012300001	0.844622	2
010010000220	0.863905	0
020122110101	0.245698	0
001002120200	0.798426	3
100000120020	0.644512	0
331002333001	0.306760	1
022011220202	0.777021	1
000100200200	0.366385	0
210100120002	0.661708	0
000100011000	1.354452	0
000200210020	3.229400	0
122020202212	2.918161	0
200100201010	0.678684	0
012220110010	1.272232	2
001020020002	2.013939	0
000102000210	0.551828	0
110021221201	0.793638	3
000100120100	0.462023	0
101010200021	0.664451	2
020002000012	17.405705	0
200102020101	5.256014	0
020200000020	7.001862	0
022120120021	3.390240	2
201000302200	65.643862	0
022120112001	0.745610	1
000200000040	0.289496	0
202000040001	0.788144	0
110200211202	0.278795	3
220010222000	0.701390	2
112021221012	0.452145	3
201201122100	1.161027	0
002012201012	1.478180	0
004253014353	12.774512	0
010002202003	2.281814	0
101100122000	0.823147	3
001122100021	0.685742	3
000200101003	1.053033	0
120021	12.213071	0
102233000333	554.944216	0
010001200100	0.542708	0
010220010000	6.407472	0
010021000002	0.501218	0
222212111112	0.742375	1
104140214144	0.050838	3
120000212003	0.119495	0
041402440400	0.282059	1
000112300202	0.069428	0
120212220101	0.866626	3
000100020140	0.267066	0
000122000020	0.760783	0
020120010212	1.070764	0
000100320040	1.911038	0
104041004144	0.448534	3
021122000121	23.185935	0
000002201010	0.955749	0
124240	12.491182	2
201000220100	3.216257	0
020000300210	0.808465	0
101101202202	0.769253	3
022102021100	8.523079	0
021000211100	0.791668	0
200010001200	3.410320	0
102122042121	0.566576	3
100122101201	0.685835	3
210212	8.302153	0
010001001000	0.524202	0
101201002202	0.878145	3
021102021102	6.951825	0
200010210000	0.709201	0
024240	0.886289	2
241402442403	0.717154	1
000200220100	1.067446	0
221120101043	85.686346	0
001002112000	0.583917	3
110021000011	0.748327	3
212002001203	1.325544	2
022210010010	0.913935	2
120220202010	0.686852	2
221201100200	0.205046	3
001000001020	0.304689	0
010100320200	0.325077	3
120001001011	0.720985	3
211000102100	1.483318	0
124040114044	60.570511	0
122033220333	46.019003	0
010210121140	0.724395	3
040402440401	0.604167	2
211020101010	5.728662	0
112121201210	0.725846	1
102220202013	0.589777	2
200200112023	16.798466	0
000200100040	1.141902	0
002001041012	0.404599	0
021000111003	0.754365	3
000121100200	0.778570	3
221100120000	0.191566	0
000000041021	26.862306	0
110210202002	0.721837	3
202000221001	0.708780	0
010001021100	0.712463	0
201120101023	11.704587	0
004240024144	1.887874	1
112012201200	1.428252	0
010021100002	0.836721	0
002000000120	1.972314	0
024141214044	1.802061	1
010220010001	2.810498	0
010212020121	1.128109	0
021201000202	0.683373	3
120212220100	0.655425	3
121101220102	0.740614	3
021002120000	1.395038	1
022201211000	0.772129	1
024241014044	3.149707	1
100100122001	0.681720	0
020002001111	1.744342	0
020000212221	1.178721	0
010210120042	0.746013	3
221211	0.231244	1
000002012011	1.362880	0
001102000211	0.767797	0
000011340020	0.368490	0
222100121100	0.766532	2
210201100102	0.983828	0
012200212000	2.010210	0
201102020100	2.087882	0
002010020202	3.468117	0
100010300001	0.751344	0
020112210222	2.376250	0
220020110100	0.778805	2
000002002020	0.861295	0
330002333000	0.003137	2
012201020201	3.382614	0
200000021203	1.192516	0
211000000000	8.139452	0
000010000011	0.107634	0
110212200101	0.619868	3
021100320200	4.275459	0
102120120110	0.728384	3
000112002112	3.478096	0
210120220100	1.746926	2
120010010202	0.502537	0
001001020020	0.470304	0
110221220000	3.353419	0
240400441403	0.651099	2
002000121220	1.165850	0
000000111000	0.280924	0
002220122011	0.807026	2
112002212020	1.042760	1
010011000022	0.326793	3
121200012003	0.566529	2
100010042102	0.821596	0
000002020222	0.643838	0
002102300200	2.618253	0
121021112210	1.235755	0
020110000102	0.640525	0
212021241012	0.753080	3
000022210001	1.604138	0
201210001100	1.080143	2
000101110200	0.123704	3
100120040020	0.452455	3
010112220202	0.446519	0
122200011000	1.202208	0
330021333010	0.214248	3
000201100020	1.157231	0
011122020121	0.540847	3
212011201012	0.591430	3
012202000003	0.694533	2
102210210000	40.719931	0
012202001000	0.790834	2
122220212013	2.992527	2
020201110222	1.223040	0
101012042122	0.948807	2
212000001100	0.497299	3
120100100043	2.168831	0
000001201001	1.440118	0
210010220202	0.838439	0
100121100202	0.602307	3
002202011110	0.839002	2
212201022211	0.807074	0
100000102010	0.074674	0
000033210333	0.016187	3
040421442410	51.239484	0
121022202011	1.179726	2
000001120021	1.126701	0
101020002221	0.761842	0
120220210221	1.610499	1
022000202020	3.585405	0
002122002111	0.678567	2
002002002210	1.182013	0
100033022333	0.091650	3
221200110203	0.750582	2
210010202000	0.271685	0
001000202011	0.701984	0
000100200201	2.093320	0
121102112200	1.055547	0
210022212011	4.286330	1
012221001010	158.109444	0
014240114044	0.383168	1
001022002211	0.757587	0
200102300001	0.672648	0
221000101003	0.084614	3
102021201212	0.642651	0
000001111000	0.752494	0
200120100000	0.490122	2
020001100220	0.853358	0
100112002112	2.625961	0
330002353000	0.021942	2
201201012211	0.868850	0
010211012102	1.873437	0
000020020140	10.810356	0
202211001002	0.762289	2
010100220240	0.216706	0
022110020012	3.134520	0
040411	0.727492	2
010212011002	0.697181	3
002002310100	1.030775	0
110011202202	0.798243	3
200102010201	1.499603	0
002000020001	11.914739	0
002220300010	0.604768	2
212220000010	0.871256	2
000100010211	0.771080	0
012021010202	0.816003	3
002022020011	0.471001	2
331002333012	0.749474	1
022100210003	0.718417	0
002022320111	0.327218	2
120120110000	7.080748	0
000001100240	0.388099	0
002000112012	0.925430	0
210012120100	1.728819	0
200201202102	0.848081	0
020101210201	0.408023	3
012002210002	0.846329	1
121002102100	0.777316	2
100000201011	0.290596	0
012002001202	1.364691	1
121001101000	0.721566	3
210010001022	0.845977	0
100211000112	0.372758	3
210011220202	0.759110	3
021001002111	0.743532	3
200000212020	0.878098	0
102020102010	0.333683	3
000111122212	0.809135	2
100000002120	0.524547	0
120211200240	0.666634	3
001200	2.521779	0
001002041111	0.907711	3
020002100000	1.148711	0
041421441400	281.487386	0
331022333222	0.749807	1
011022002021	0.655657	3
120000202020	0.884360	0
000101200201	0.357242	3
220000000001	0.895490	0
001001202011	0.829050	0
210202112203	0.829881	0
110102200140	0.813414	2
124240204144	23.393525	1
102010201020	21.113449	0
020202211121	0.808076	2
020122210211	4.930037	0
212212021112	2.132600	0
201120010020	11.535679	0
022200210102	0.830069	1
012211000022	101.020814	0
110020221200	0.705080	2
102021040010	21.239633	0
000012041022	0.847796	0
020000112100	0.506738	0
212112221112	33.454125	0
110012202212	0.690070	3
010201110200	13.942956	0
101001202101	0.624845	3
024241	24.285845	2
021200210100	0.394998	2
020000110012	1.168813	0
001200010000	1.002482	0
332010333010	19.420556	3
330220333210	4.720055	1
224140114144	0.467634	1
200112010000	11.264443	0
210000100000	0.647020	0
012200300022	0.878294	0
020122120221	10.073913	0
002200010002	1.501313	0
121120000020	157.644058	0
002012000101	81.437258	0
121000110000	0.575345	0
332102333101	1.170167	2
102002040000	0.792206	0
201100202001	0.664500	3
012000221003	1.115036	0
014240114245	2.234979	1
012000000023	0.687646	0
211110102020	0.790071	3
201011002020	0.766715	2
020110320022	11.079662	0
010000002200	0.846673	0
022100010020	4.082062	0
100010122000	0.434072	3
010101021202	0.743292	2
000210212000	0.703163	0
000221000121	3.431269	0
022212	4.347048	2
120212210110	0.770758	3
102220000000	1.612830	2
100200020003	2.421315	0
112021201112	0.543688	3
210121220202	1.153280	2
000010200020	0.346264	0
212202011000	0.565491	2
010001202001	0.755043	0
000122001201	0.765907	0
112200212000	7.621770	0
212202010003	0.802026	2
000200000203	1.291337	0
101122201121	0.677188	3
120220000003	0.654336	2
200033200333	0.019304	2
012021120112	0.527999	3
220012020101	0.790826	1
330200333020	0.881458	3
002102020102	7.365140	0
121220212201	1.756623	1
022002010200	10.819865	0
200012000221	16.314637	0
001101001012	0.807923	3
021121120202	28.921568	0
011020002023	2.290519	0
012021221210	0.737773	3
200000300102	0.819387	0
212210001000	4.129956	0
112021002011	0.577123	3
012010042010	1.144518	0
022120340021	1.988387	2
020000010210	2.933022	0
021100002010	0.821856	3
022021300202	1.068209	2
210233100333	151.724212	0
202122001211	0.769576	1
102120202211	0.744537	3
010210201040	5.189821	3
022100021003	0.936537	0
102011002022	1.893448	0
000002010203	17.459207	0
120012201021	0.787318	0
000000011240	1.802728	0
012002221200	1.154573	2
001202120140	0.806946	2
100010002011	0.369180	0
220110112212	0.835939	3
102220002211	0.517063	1
112200201010	17.793219	0
102001000102	0.894563	3
330100333222	0.585314	2
041420540411	0.543019	1
200200000023	10.132296	0
110021202020	0.819694	3
012112222220	0.867680	0
201100001102	1.136576	3
020000040010	0.304255	0
001121001222	0.820407	3
211010201122	0.661319	3
210120122100	1.813865	1
202100001100	0.773062	2
012011212212	0.744216	3
211110222222	0.598808	3
001010201011	0.839711	3
204053114345	0.632317	2
011210000021	0.793490	3
021002200100	1.093622	2
102100000200	0.822180	0
221001200202	0.834703	3
100033021333	0.940348	3
001002000000	0.034691	0
000200310040	1.180077	0
222020111000	0.684460	1
210012000011	1.428365	0
200100001003	0.149798	3
000210010001	0.802683	0
010202210110	0.699915	0
200110202000	0.428369	3
210002111000	60.750128	0
002002000002	6.795839	0
012012011020	1.217350	0
024142024044	3.117662	1
021021001202	86.527869	0
002002300102	8.430413	0
020121212212	1.802035	0
101122101011	0.601948	3
010111020222	0.581495	1
120100211003	0.723604	0
100201000100	2.453807	0
002000010101	0.601230	0
010020220011	1.244901	0
000200302022	2.494778	0
002001001101	0.756229	3
210201210040	5.260314	0
202000102000	0.709700	0
110000212022	0.777380	3
002002002001	6.365992	0
102112221201	1.540657	0
100000240000	0.275440	0
332000333002	0.135255	3
022100011010	1.968679	0
011200200000	0.600912	0
330012	0.809062	3
200211111112	0.538459	2
010200202010	0.860861	0
001201110240	0.633593	0
010101121200	0.556404	2
112001221101	0.737164	3
330220333110	7.914332	2
201212301022	0.832152	2
200121010002	0.812642	2
201212001122	2.151638	2
100112100202	0.748734	0
200211020012	0.779036	1
022110120210	1.143850	0
000011202010	0.669165	3
000020340200	1.236996	0
010020000011	1.097787	0
210000102203	8.246654	0
002021002011	0.680562	0
000100300202	0.084543	0
210011340020	0.490851	3
100020220000	1.248556	0
001010041021	0.008330	3
000001102201	0.819875	0
201012141020	1.756613	0
021221011000	13.757538	0
330220353001	2.213869	2
121001202210	0.813691	3
211201002102	2.483689	0
000010000003	0.016733	0
100122022221	0.826475	3
021201211102	0.756264	3
014042104044	0.423819	1
212102222220	1.625585	1
201021001122	7.552387	0
114053224353	0.404916	3
011010222122	0.655467	3
002102300011	0.531575	0
010202000040	0.449319	0
120222211100	0.680992	1
102201212121	0.570824	0
210000210040	0.177730	0
101021222112	1.149575	3
122021211012	16.228864	0
004042114144	0.544170	2
021102010110	0.823246	0
101000002200	0.345614	0
010200001003	1.288369	0
221220111221	1.125338	1
100011041010	0.717221	3
120033102333	0.188058	3
101220112011	0.763971	2
010120120140	0.494986	2
330212333202	0.424470	3
012211210212	2.158117	0
020021000212	21.109467	0
000112000211	1.024186	0
112002211122	1.474057	1
201212000020	0.718518	2
000002110020	0.812981	0
001211300222	0.780026	2
220201	0.199465	2
022010000000	4.240754	0
200112020100	1.208551	0
000101020002	0.598909	0
010120200000	0.721994	2
000000002212	10.998921	0
021010300102	0.764087	2
101010042000	0.476812	2
201001000120	0.849703	0
002121300001	0.685562	2
200010000240	57.878874	0
221200112110	0.802611	2
010233110333	5.729383	3
002202010121	2.200243	1
202210121200	1.305392	1
002011201002	0.562454	0
112220012013	2.500641	2
001020000122	1.499257	0
000120341000	0.834386	3
220101110241	0.538056	2
120002012200	0.792983	0
202211000102	0.988701	2
000200011100	2.134346	0
000210020220	0.771309	0
100022300221	0.334571	2
220033120353	0.024769	1
210110100000	0.617162	3
000000102201	1.120372	0
001000001120	0.824496	0
000200220120	1.626287	0
022000010210	16.394948	0
000001002102	0.889430	0
010101120140	0.720217	2
000100321000	0.744841	0
200101110221	0.821569	2
120010110000	0.719837	0
020201010010	0.738881	3
122000000011	15.651143	0
330221333110	4.886797	0
012000000222	0.820126	0
000112100202	0.717813	0
102121222212	0.222068	3
120020102001	5.721992	0
021022000020	0.687858	2
120002000202	5.588396	0
201010102020	0.286622	0
001122140121	0.742327	3
012120220110	0.846329	1
001012002021	0.248586	0
000100010000	0.082605	0
210010000001	0.546799	3
120000122000	0.811848	0
100210000041	0.689078	3
200200001001	4.107110	0
002000300112	1.251003	0
002000000012	2.153839	0
212012001020	5.125427	0
112010202020	0.319056	0
101121	0.485730	3
210000111010	1.262744	0
111020212200	0.537257	2
200001200200	0.928066	0
211201102111	1.259031	0
110210110022	0.839055	3
212200121220	3.203180	0
211000042000	0.880412	0
222100111040	0.749602	2
012102220201	0.718524	2
021001001202	0.625443	3
000220200001	1.985635	0
201202011100	1.566128	2
002020021212	0.816865	0
352410543401	286.617441	0
010022300101	0.816478	2
022012001112	9.328940	0
201020002021	2.411650	0
010022211201	0.753620	2
000121000002	1.574385	0
000000301240	0.680946	0
001000040010	0.969653	0
200220010011	1.195787	0
000120202010	0.674908	0
002112300212	3.740189	0
010220020100	10.359469	0
104140	0.966543	3
020001000140	0.093523	0
200000210203	81.570250	0
120212012121	0.799329	3
100020040003	0.450178	0
104140224044	0.025434	3
002221000022	1.398417	0
021101222201	0.883993	3
002020222000	1.092804	0
000001200040	0.288701	0
010000110200	0.158456	0
001220020201	1.631000	0
121200202010	0.823259	2
201000210000	3.450323	0
001221000020	8.494108	0
221210110020	0.757046	1
330012333012	1.189244	3
010000001140	0.999969	0
120220211211	1.772862	1
211202	18.335636	0
201000001200	1.509972	0
100220120003	1.052585	2
332010333201	490.453385	3
021221010222	5.799781	0
022012000010	7.744831	0
000021302012	0.601634	0
002100000201	11.480133	0
120000001003	3.791251	0
022120121011	5.758155	2
211011201122	0.709970	3
020211210101	0.737476	2
110211212212	0.475380	3
002010120000	14.988848	0
000010001021	0.429124	0
020100022040	1.055063	0
121201200240	0.511642	3
001102001200	0.925844	3
011202210102	0.573702	3
010022340020	0.683623	2
000000140011	0.390293	0
100010102002	0.415675	0
100120041010	0.594618	3
121120002220	10.466587	0
201120102020	1.501922	0
200000011003	0.359334	0
010000201043	0.504392	0
010021000200	0.599534	0
112210211200	1.763306	0
010000200040	0.458091	0
120211220022	0.781246	3
201220201010	3.353143	0
000100020040	0.559664	0
001122200121	0.732484	0
200020010100	1.452473	0
001000041023	4.479865	0
000001042010	2.697662	0
220000101011	0.650985	0
220201110040	0.264872	2
211000202000	0.118411	0
022201211101	0.930783	1
022210300012	1.319066	2
204140304044	0.813570	1
000021000212	0.264908	0
111022202222	0.829015	1
212021111210	0.811843	3
204140004144	0.460900	1
020100000120	1.921725	0
022010001010	3.725315	0
010022000010	0.698786	2
010021001002	0.993896	0
122101002200	45.537367	0
010001000000	0.043049	0
110112222212	0.700776	3
000010002021	0.558571	0
041421441410	48.755721	0
010012110140	0.865940	3
010211020240	0.723495	0
021110320222	0.576057	3
100212020101	0.527939	3
100210010101	0.806960	3
101102202210	0.818498	3
002011002012	0.278208	0
210033220333	0.161301	3
201201002022	2.631417	0
221220110200	0.778206	1
201000220000	0.508401	0
002000041002	0.823881	0
020100220140	0.812421	0
020002000112	2.062001	0
332010333022	323.110339	3
120012100022	0.610444	0
010112120021	0.855394	3
201102041000	1.431351	0
001010102020	0.066171	3
200010022000	0.538228	0
112001221010	0.746346	3
100100200210	0.769986	0
120010100140	0.733744	0
010133020333	0.803228	1
020212112102	0.735026	2
330102333201	0.430253	2
110033202333	0.229586	3
220120020001	0.757089	2
010021200102	0.723784	0
022210010111	0.843050	2
332202333012	2.447305	1
212021101210	0.633042	3
120020010010	5.437866	0
001022010100	0.794682	0
201120000023	13.982695	0
000202001122	0.784203	0
001000040102	1.219911	0
000000140021	7.862921	0
010002202000	0.341656	0
004042304044	0.043927	2
210200210002	0.992174	0
101201002220	0.785441	3
010021000022	0.446986	0
000200001040	2.208661	0
202011021012	0.626056	2
211020000010	19.009217	0
221002111001	0.530353	2
000200000043	32.371629	0
000201010040	60.197708	0
014240204144	1.605276	1
200210000101	1.897145	2
021221010211	1.483424	0
211020	27.718712	0
022001022010	2.632993	1
100000002013	0.193455	0
002011020202	1.217366	0
002202010111	1.060467	2
002010210000	1.579475	0
000211101112	0.802600	3
000001201100	2.339665	0
000212100100	0.791177	0
021012000021	0.532779	2
110212201102	0.681200	3
001020002000	3.614316	0
100033100353	0.067335	3
020201212200	0.567428	0
001020000112	2.225001	0
210001020211	0.843349	0
002020020010	4.756473	0
000033200353	0.010469	3
121201012120	0.836827	3
201212021022	1.395622	1
010122020001	0.588156	2
010000210100	0.360086	0
041421540422	11.041628	0
211202212100	5.560547	0
120001000012	0.626909	3
001000001110	1.296748	0
222201111000	0.765963	1
020201010020	3.673835	0
120002000002	0.713934	0
001011002002	0.847400	2
020122110001	0.811034	0
020001210200	0.434038	0
020221210122	3.036993	0
200001000102	0.746199	0
100121101201	0.651688	3
210202101111	2.476511	0
200021040021	0.798333	0
020102210200	172.276385	0
010012020242	0.735764	0
101220000023	0.970708	2
022200011221	0.706794	2
002000020220	3.563525	0
010211010202	0.389478	0
000012010121	0.580415	0
100100020121	0.624131	0
210212010100	4.035167	0
200202300112	1.103731	2
000010000110	0.551272	0
200000120203	3.803339	0
001120300010	0.783686	3
002022102011	0.662891	2
010000010003	0.637780	0
100000200043	0.305186	0
022011010010	0.968460	2
001000200010	0.296812	0
122200110000	13.879902	0
010022	0.147208	2
210020141010	6.515109	0
012120020212	0.522187	1
012210010202	0.774306	0
020111020200	0.547553	2
000200000222	0.269647	0
020000100201	2.840631	0
001002041010	0.073045	3
000200300100	0.439930	0
102021002212	0.519296	0
000011001012	0.348744	3
000001120200	1.866805	0
110000212012	0.590451	3
100120010200	0.312490	3
201000141011	1.540426	0
210010100022	0.757640	0
201010222021	0.792071	3
020010002003	0.714138	0
022100021010	3.794004	0
102001040010	2.507058	0
100121211200	0.842750	3
022011300212	6.019328	2
100220210200	1.067554	1
000110000212	0.480719	0
210011221012	0.799848	3
020000001000	1.161897	0
000022100101	0.584567	0
222011	0.147065	1
120000202121	0.812194	0
200020340000	1.226291	0
000122340121	0.121156	3
100020210000	0.613011	3
020002000003	0.428886	0
020011201112	0.689820	2
022001020210	1.389644	2
212121021212	0.330223	1
210002212000	19.385833	0
332202	19.283654	2
212010200011	0.828057	3
221011101122	0.526753	1
112021212211	0.402034	3
330210333002	0.095837	3
024142014245	0.683874	1
200212020202	0.890237	1
221110122120	0.765997	3
201200120003	1.160217	0
202120021012	0.839369	1
010210010202	0.388420	0
021121210202	22.971260	0
352410353421	2062.809041	0
121020122023	5.705421	0
000000200002	1.608829	0
012002000201	0.325095	2
200112220202	6.049068	0
101021212112	1.080431	3
000122300000	0.727037	3
200121000202	0.638898	2
000000202110	1.746161	0
001022020211	0.796021	0
021221010202	8.070573	0
110010222100	0.840245	3
022211000022	1.515942	2
100020102001	0.825196	3
201100041010	0.751416	3
022120340012	3.167359	2
121021012012	2.781125	0
330002333221	0.636174	2
200000020021	0.988716	0
000020201000	10.796464	0
002022020110	0.799731	2
000000222200	0.470287	0
000000120142	7.049137	0
212220101010	1.175019	2
002220300111	2.196746	2
000101010002	0.731851	3
200211102212	2.058926	2
201001002002	0.667607	0
201010340021	0.356878	3
020122022101	0.893050	0
141401440412	0.537013	3
000012040021	0.807937	0
011002001000	0.555982	3
200010140020	0.903591	0
000101020040	0.479586	0
100011022202	0.711405	3
201200002022	5.121079	0
010202000002	0.753771	0
204040214144	0.398083	2
001120020200	0.856354	0
002001040001	0.620786	0
210033220353	0.322851	3
100000200112	1.225505	0
212002201121	1.114910	1
012000101010	1.113669	0
120210211120	0.755207	3
200000010012	2.044487	0
021020300200	0.850996	0
200033210353	0.530025	2
202212300111	0.327242	2
000122100201	0.441100	3
212202110000	0.340648	2
110020202001	0.796525	2
222000111200	0.209290	2
100011000000	0.771229	3
020102000210	4.064342	0
021200210001	0.571415	2
120011201002	0.799006	3
210022141000	1.932092	2
004142214144	0.792299	2
120110222000	0.575459	0
101001202000	0.181847	3
020012200000	1.308431	0
101122102201	0.771432	3
110021202010	0.570062	3
201001012100	0.815138	0
012220212011	1.331013	2
200110001002	0.743980	3
100102020140	0.364217	0
220121	1.684654	2
010101020201	0.137700	2
022102101112	4.861857	0
220000000210	0.838973	0
000000002140	0.716738	0
001010201021	0.212952	3
000000302040	0.069147	0
101100022221	0.772017	3
001121001212	1.714603	3
210000120043	3.689255	0
010211220212	0.786736	3
100200000043	24.153353	0
120210210022	0.790635	3
200201000141	0.852008	0
022210010210	0.672825	2
002010240012	0.834367	0
210000001000	5.316891	0
012202010203	0.869459	2
022120340011	9.929212	2
210121221201	0.793576	2
020020010010	1.448271	0
024142314144	0.705626	1
110001201100	0.825845	3
210002121000	18.753019	0
330001333021	0.188949	3
020011002112	0.290926	2
201120020020	7.149071	0
101020102021	0.642569	3
210020210100	1.464846	0
020210210000	0.213853	2
001202100100	0.798145	2
020011000000	0.536884	2
121100222001	0.875609	3
020000340011	0.637961	0
000020220011	1.064901	0
021001002122	0.791557	3
200122012111	2.823633	1
330120333112	0.515156	1
212010201021	0.483952	3
221001110202	0.750408	3
002200002200	0.846771	0
221021111200	23.289367	0
221101110000	0.268548	3
120102100240	4.564857	0
021020101000	21.206685	0
022001300200	1.527526	2
000220120021	2.027141	0
202002011100	1.349101	2
332010333020	233.540134	3
001200020000	0.814896	0
004241014144	238.215902	0
000210310000	0.523799	0
011211012222	0.759615	3
022211002212	1.971309	1
012000001010	1.516040	0
000210302000	37.950563	0
200100100003	0.135659	3
110010212000	0.743345	3
001102020040	0.793662	0
001002000101	0.508742	0
010001000211	0.786238	0
022100020020	7.247381	0
021120001001	5.551707	0
020110010122	0.685064	0
210020211002	3.387466	0
200102020122	0.829837	0
201100001001	0.834189	3
121120202120	17.780121	0
021100020022	0.966896	0
212021021012	0.833417	3
000011000022	0.080002	0
122000111000	4.095036	0
210002022003	12.949965	0
000101001221	0.527478	3
110000221003	0.490753	3
220100020020	0.805862	0
010000010002	1.225858	0
020011200122	0.842725	2
200200100100	4.375373	0
200001040011	0.466333	0
000201300210	0.687042	0
000200221003	1.106834	0
010101222200	0.539967	2
021021000201	7.873802	0
002033010333	0.526339	3
101001000001	0.630594	3
332012333100	5.693115	0
202202101121	0.827802	1
021211211120	0.460229	1
010010220003	0.491005	3
220010102000	0.199840	2
104053004353	0.422152	3
011000222100	1.095413	0
212210100000	1.213347	0
000222020221	0.737563	2
021210111220	0.531682	1
121020022010	1.159987	0
002010200001	1.491978	0
101121042021	0.386029	3
042410440421	4.209120	1
000000220243	13.122920	0
000020300220	0.198472	0
112202111100	0.770509	2
102001002000	0.619871	0
100122041101	0.407764	3
210200100140	2.844645	0
200201001100	6.288605	0
330021353020	0.546965	3
120210202020	0.512438	3
110210201020	0.716190	3
001000002021	0.782156	0
020202010102	0.260800	2
101220112023	1.815365	2
331000333140	0.716267	2
022010300001	8.564748	0
001020222023	28.636431	0
000002021010	1.389633	0
211100220000	1.060851	0
211210212020	4.004301	0
021021000021	14.880186	0
212102121000	0.135662	2
002022010011	0.356534	2
112001221000	0.173325	3
101010002020	0.044502	2
110012202012	0.670571	3
100000201021	0.774969	0
012002220002	1.152161	1
000212310100	0.698428	0
122020101112	0.883187	0
240400440412	0.795694	2
010201220200	25.445204	0
331001333202	0.629289	3
000102010120	0.707302	0
200110000022	0.456302	3
102002201003	28.785716	0
100200110100	0.549424	0
200122300201	0.706979	2
112100220200	0.814220	2
012002202200	0.752613	2
022120211200	0.848317	1
001010140021	0.278584	3
202212001021	0.511024	2
001212001122	0.580640	2
020010010003	0.780441	0
020100112200	0.820424	0
000220110101	0.833018	0
002020340010	0.973902	0
202020111112	0.519336	2
022110021210	1.179859	0
001200112000	1.129354	0
011002202202	0.784201	3
202000201220	3.360989	0
022033110333	0.472128	2
100012210002	0.834450	0
141420440421	1.939444	1
220020101020	1.276639	1
002002001100	13.905584	0
214041004144	0.837687	3
002001100210	0.773897	0
100100201220	0.779367	3
010210120000	0.519120	3
140411440412	0.602615	3
000100111000	0.787310	0
010012001000	1.044365	3
020220000000	0.917263	2
010011000012	0.699839	3
110102222200	0.849312	2
202200211023	1.530915	1
014241124044	183.994181	0
000100110003	0.607810	0
112002210102	0.822686	1
000000121000	0.887236	0
200211010212	3.192926	2
001122041121	0.355528	3
100212	0.087812	3
100010040020	0.125217	0
022020002112	0.687716	1
102102011200	1.519050	0
000020141000	27.527447	0
110100020142	0.713561	2
100001020002	1.585217	0
010021001012	1.000373	0
012100122120	0.706706	2
000220200100	3.362856	0
200000222010	0.418778	0
124053	11.107283	0
022000121003	5.198903	0
100120202001	0.580655	3
330021333020	0.177116	3
001022020000	0.807894	0
001021021012	6.553860	0
002210000111	5.107970	0
002002200000	1.995846	0
111201212220	0.797824	3
200200300102	1.118951	0
002001201012	0.812577	0
202211101102	0.820495	2
120000222100	1.415501	0
102210220000	44.377030	0
000120041001	1.117597	0
140433442333	0.062463	3
100000102020	0.382099	0
220000101210	0.755861	0
120221211101	0.896056	0
010233011333	1.734573	3
200020020000	2.561061	0
330022333200	0.191175	1
221110120222	0.734833	3
200001220240	0.858512	0
002221202010	0.901790	0
002101110201	0.651586	2
020202112110	0.799926	2
002002002220	4.156138	0
201110002122	0.564145	3
001002340021	0.464432	3
100120010011	0.792185	3
021000221003	0.397544	3
110102221120	0.800212	2
104153004353	0.579978	3
000100021001	0.865323	0
201010142000	0.898499	0
020021310022	0.511883	0
120020221010	1.302170	0
002020211010	0.853656	0
010000021100	0.778045	0
001101000001	0.767438	3
000102100220	1.083027	0
001002122000	1.241909	3
330120353112	0.574402	1
210000120020	1.042083	0
120233212333	0.223084	3
121001110100	0.674486	3
220000142003	0.127940	0
010200000120	5.133271	0
022120020011	1.703505	2
100010201222	0.857217	0
022012000111	2.349747	0
021120100200	5.776852	0
221001111200	0.274431	3
000200020202	0.346741	0
211002220000	10.169898	0
001010120040	0.711719	3
024041314244	0.875654	1
101020040001	0.737450	0
112020212212	0.246586	2
001000202022	0.636412	0
001021110122	1.110237	0
010020022010	0.784483	0
001000300241	0.526055	0
111020212210	0.705493	2
221100110000	0.530273	0
212102221110	1.445881	2
000010000022	0.172920	0
010220020001	5.999573	0
212020021012	0.793931	2
222033100333	0.636930	1
000100010141	3.039018	0
100220200010	1.418072	2
100022300101	0.792792	2
020211211102	0.392315	2
002102000201	7.235193	0
020102020203	104.057672	0
210021000202	0.775849	0
220010001000	0.736193	2
020102021200	11.938662	0
120212210100	0.474581	3
200210120122	0.737419	1
104053014345	0.261984	3
021201012000	0.273285	3
330200353010	0.507642	3
102121002022	0.672671	3
112000202002	0.783062	0
200212300100	2.287455	2
001221300021	208.684555	0
001001112200	0.717485	0
100102200101	0.706405	0
122100121000	2.209832	0
201010020021	0.865632	3
100010202102	0.750752	0
101121002020	0.593182	3
011000220010	0.808431	0
020120002011	3.111053	0
000001200141	0.768942	0
200011002002	0.456349	2
202001101000	0.608236	2
000002200140	0.754678	0
000020010221	0.707255	0
110122221121	0.773416	1
330210333022	0.428334	3
202010040010	0.404338	0
100012010101	1.003315	0
121120222012	4.835361	0
102120211112	0.601302	3
121201110001	0.819684	3
352410353401	149.552357	0
220222	0.741179	1
020001001200	0.773835	0
012002020201	0.741732	2
220100020043	0.400911	3
201202101040	4.792405	2
100100012102	0.799112	3
020002000212	2.159867	0
330212333140	0.429819	3
021102010100	1.438607	0
121002202020	0.814129	2
122020100013	81.166780	0
200110100200	0.698589	3
112220200000	1.216784	2
000102340000	0.788467	0
104140024144	0.114142	3
001010340221	0.620463	3
210222100011	0.783079	2
021000220003	0.114373	3
120020202000	14.540255	0
220200011000	0.737944	2
042401441422	1.923506	1
101000202122	0.803212	0
102220040011	0.957863	2
142410442411	316.184541	0
002000021003	3.923334	0
201000121003	0.795481	0
200000340000	2.292612	0
011000010200	0.772952	3
102120001210	0.608959	3
002002002011	2.245364	0
200100100020	0.475276	0
100120010220	0.865513	3
201002002202	10.430690	0
010200202000	7.817964	0
112120021000	0.829703	1
112211	99.170854	0
100210220102	0.761772	3
002212002101	44.296996	0
120201010000	1.462451	0
012112220011	0.869351	0
000110020212	0.791016	0
000220100000	3.410964	0
210012220020	0.813441	0
120102212200	120.170814	0
112002200020	0.554937	1
020000021000	1.196587	0
021001000212	0.701054	3
010121120212	0.592821	2
112010202011	1.536200	3
201110202021	0.552099	3
220000101021	0.509576	0
021220	3.303377	2
011001201020	0.742169	3
220100010100	0.799335	3
000000012102	0.512185	0
020202001101	0.695127	2
020011221112	0.760526	2
012102120200	1.703256	2
200211112212	1.574151	2
200100000203	0.763178	3
012212222000	1.416067	0
120210212220	0.398965	3
100101000222	0.404095	3
112010001020	0.602856	0
010121021222	0.785723	2
001021000102	4.822999	0
101122122201	0.787282	3
222001001000	0.709106	1
022120010000	1.781272	2
120100200003	0.192150	0
201212010121	0.691997	2
011220201010	0.812179	0
122121002211	23.429005	0
021002210100	0.940414	2
100102000140	0.200732	0
100220100110	0.888687	2
100102041112	0.789563	0
211211101022	104.442466	0
002021300000	1.550443	0
002201020000	11.193534	0
010202210100	0.039094	0
010202021100	0.781319	3
000012340001	0.753102	0
200001001003	0.523048	0
000120010003	0.745775	3
101001210202	0.568493	3
110000202120	0.809867	3
100000221010	0.667590	0
020101010242	0.683048	0
114040114044	0.711447	2
330022333022	0.294477	1
100010142020	0.706865	3
112000002023	0.533204	0
010000210201	0.400013	0
200220000112	0.837349	0
000011022122	0.776961	3
022002000200	1.180273	0
020000310040	0.763697	0
000020020212	0.875647	0
020000010140	0.370137	0
200110020100	0.690233	3
021001302240	0.986451	3
101000040000	0.116759	0
100011002202	0.593413	3
010112020012	1.693234	3
124040224144	46.361163	0
100122000003	0.905172	3
121001210000	0.732824	3
104040024044	6.789846	0
201001200000	0.960199	0
022100020010	10.595617	0
330012353002	0.089655	3
100102002110	1.048536	0
002001040021	0.851290	0
001120000200	0.346387	0
200212101102	1.004607	2
020000011203	0.750488	0
002000211011	1.549754	0
000012021002	1.115546	0
000000210040	0.396862	0
000000040212	0.763539	0
100010002001	0.310641	0
222000111220	0.428686	2
020102020210	59.457934	0
200012201001	0.923526	0
102000112010	1.326352	0
024253114353	0.635715	1
100121100001	0.851778	3
201012002001	19.739547	0
210021200001	1.810134	0
102101201000	0.842677	3
011012000020	0.548610	3
101201002010	0.812821	3
100010212100	0.742096	0
000100340010	0.630012	0
010001040022	0.414803	0
000110110200	0.690353	0
200010002000	0.125799	0
201100002110	3.812992	3
001020000102	2.001286	0
000101000222	0.184685	0
330011333222	0.095638	3
020000300002	0.287642	0
120002010040	1.398253	0
200212022101	1.184093	1
114041	0.584259	3
001102200000	7.178037	0
010001001001	0.795840	0
201120000043	1.293893	0
020101000242	0.799879	0
000202001102	0.415522	0
000000100041	2.857780	0
201200002222	5.013824	0
000201000110	0.729939	0
010002202020	0.831345	0
001001210202	1.274086	0
201220201000	12.839124	0
022010000202	13.171956	0
001020242010	0.880321	0
240400441420	0.278253	2
120010220020	0.496956	0
111200220003	0.732940	2
200201020201	4.196224	0
000211300101	0.858433	0
202011001012	0.084285	2
012012041001	2.438247	0
210211100202	10.016215	0
110220	2.897389	2
022002110000	0.823159	0
020200200100	0.654081	0
001021012212	0.903061	0
012020001011	0.829312	2
002202000120	1.026696	1
220010100010	0.662622	2
200120101001	0.758487	2
000112020202	0.669308	0
002202300020	0.712042	1
120000212020	0.648841	0
100122102111	0.607445	3
020001010140	0.300159	0
020100000100	4.394858	0
002011200212	0.565044	0
000200120020	5.295458	0
001202000122	0.518711	2
221220112002	1.970987	1
024241114144	3.554663	1
221101122040	0.533861	3
200121022211	1.489312	1
102033200333	10.427704	3
001001102122	0.752802	0
000001001240	0.762608	0
224140	0.486549	1
210002000201	1.050268	0
012011242020	0.685781	3
200002010043	0.260930	0
120000010200	61.514373	0
100212000101	0.087792	3
021122020021	31.189808	0
002001102120	0.836176	3
001011020022	0.739580	2
020100200140	1.127216	0
100002221000	0.721099	0
020221210102	45.365456	0
121001102121	0.681486	3
000100012200	0.465776	0
201020022012	37.638225	0
210100120210	0.841598	0
000200110043	5.350502	0
100000200022	0.901912	0
002220102110	1.200889	2
010012110000	0.641388	3
041410442423	0.243011	1
020221110202	0.953187	0
210000101010	1.723048	0
020001302200	1.201652	0
102001200011	0.789128	0
332001333201	0.318507	3
020121010102	0.745096	0
021201110001	0.743862	3
022210210220	0.884704	1
210102000100	0.759020	0
100101100222	0.740625	3
000001340022	3.668148	0
220000120243	0.878453	0
010000112040	0.735162	0
010200020041	14.512313	0
020102110120	0.669728	0
100000002202	0.555447	0
002110000100	0.696639	0
101102	0.127330	3
202210120022	0.879838	1
000100221202	0.741276	0
002110300000	0.555215	0
201002002003	0.577037	0
010121020201	0.355352	2
201211021222	1.096703	1
022000102100	4.033941	0
020001020102	0.880154	0
211001102000	0.352132	0
200001000021	0.798361	0
201000042012	0.637085	0
042410441422	21.079332	1
211020000020	43.067650	0
221110101040	0.578863	3
001122000210	0.737185	0
002011000202	0.391381	0
021001000020	0.171912	3
000233210353	0.347374	3
022101210210	1.763460	1
121101212100	0.674574	3
012220221000	4.462998	2
110200010140	0.536826	0
212011201122	0.597310	3
020100020200	7.329806	0
210200200040	0.759531	0
112202211000	0.669118	2
210112021222	1.272156	0
112121201211	0.783616	1
200201110200	5.324617	0
111021042012	0.726680	3
121220012023	1.232104	2
000202110102	0.726710	0
100002001040	0.840438	0
012012022001	2.441013	0
004040114245	0.522921	0
000110020102	0.741436	0
021001202200	0.678286	3
000220010112	4.091151	0
021020042010	0.960163	0
001001000040	0.178860	0
001020200200	1.589480	0
021021001022	9.065726	0
210102120143	0.718659	0
001210200020	0.735948	2
200001202020	0.849391	0
000220012000	3.166420	0
000200110120	1.942074	0
210000211003	0.257334	0
112202221101	1.085016	2
120021000001	11.908680	0
110002000140	0.656632	2
210002210040	0.830928	0
021001101010	0.762570	3
000211000102	0.041211	0
221110120202	0.829234	3
220033022333	0.412128	1
100220012211	0.799187	1
000000100102	2.397037	0
000112001222	1.309277	0
021021100012	1.714114	0
200100100043	0.633399	3
221120121010	1.496205	0
201011001122	0.367740	2
210111020202	0.739789	1
211010001020	0.738231	0
100211012212	0.719933	3
200021010001	0.883802	0
001000102012	0.564568	0
010012000212	0.426605	3
222120121012	0.803443	1
010102122101	0.837937	3
002020041011	0.363730	0
110211012112	0.722998	3
020201110202	0.689679	0
020022000101	0.515186	2
002200040003	0.717750	0
000002100043	3.514010	0
012012001012	0.919665	0
211000201200	8.029858	0
202100011003	0.706809	2
002002001120	1.992277	0
012010000001	0.804423	3
142400441400	31.450106	0
010012001020	0.615413	3
010001041012	0.711001	0
142410440401	179.248100	0
202200211003	3.037125	1
000000000101	0.257365	0
222010111021	0.616393	2
201210011000	0.854161	2
334042333044	0.044542	1
021201020240	0.704646	3
114140024044	0.448918	1
000210000240	0.554645	0
000021302022	0.913716	0
002102300210	1.201101	0
020110002000	0.611705	0
122201	9.951030	0
000220300101	2.531291	0
020001001011	0.836537	3
221220110023	7.800719	2
001122202211	0.747486	0
202210021012	0.808882	1
100100010201	0.630252	0
102120202010	0.252655	3
010000220020	0.676182	0
330020333100	0.014138	2
022020002001	0.858654	1
101001102100	0.602124	3
010220000001	3.924548	0
112020211112	0.268281	2
002000010120	0.759990	0
212020001012	0.346282	2
001121000211	0.645887	0
101220022112	1.944902	1
121101222000	0.588782	3
000200002112	3.063666	0
220001121003	0.792090	2
101201220240	0.816818	3
330020353011	0.765381	2
012002221001	1.224407	2
102200001100	24.929936	0
000002000211	0.764685	0
201021041021	30.247534	0
012000200012	0.859750	0
000002012001	1.842277	0
101120022220	0.522998	3
210002221100	1.513606	0
010002100002	0.771789	3
000110010002	0.691835	0
022000210020	2.830536	0
000220022100	1.219750	0
200011002022	0.796297	2
110001202011	0.849342	3
100122001211	0.751223	3
200010120000	0.638155	0
022021010212	0.814395	2
100000122210	0.777927	0
000102100200	6.129085	0
012220012112	0.792560	1
020000222023	1.743700	0
000021200011	7.190431	0
000012020001	4.110309	0
212002000210	1.378989	2
124040104044	3.251302	0
002010021020	1.021657	0
000100022002	0.771553	0
011102	0.181057	3
001201022202	0.894860	0
211000100002	8.052041	0
200210101020	0.781845	2
021120120200	10.013568	0
002000222020	0.533996	0
200112020022	12.039526	0
120133	0.434365	3
002201000002	23.802796	0
000001210001	0.872157	0
100200200140	0.473764	0
041412442421	0.556231	1
102202001000	0.559865	2
110122020243	0.135167	1
020021300011	110.377786	0
020211212202	0.683731	2
012011001002	0.696307	3
010122120101	0.550573	2
102100000000	0.330097	0
201020001220	1.152121	0
022002010202	1.046361	0
102200112020	0.941257	0
330012333212	0.529755	3
100122102122	0.818712	3
200211100122	1.350680	2
200220000003	0.893434	0
022200201000	0.815249	1
002220002010	0.353101	2
110222210121	0.174306	1
010101220002	0.790445	2
001101020240	0.465728	3
201211301120	0.769885	2
122010100000	221.536567	0
200100101010	0.740884	0
001011340022	0.539633	2
212102020203	0.939934	2
120033001333	0.273390	3
000101001201	0.633661	3
020000020041	1.484257	0
020012000200	4.172541	0
001022000020	0.626583	0
021002012101	0.799078	2
010200112040	0.732541	0
002002021001	2.803271	0
001000320000	0.826161	0
211001	2.089440	0
201101102000	0.778193	3
100101100020	0.839119	3
112002201010	1.541831	2
001220020121	5.894713	0
002012201011	0.692320	0
221102122221	0.739535	0
112021221011	0.692583	3
220010122000	0.260631	2
221002112110	0.879221	2
022021300010	2.600441	2
110102220102	0.577340	2
121200212221	0.747505	2
101122202211	0.548517	3
201120000020	10.092334	0
021102112100	1.009518	0
100100022002	0.824452	0
010101221100	0.855405	2
000110300200	0.699023	0
200210010240	2.562043	2
001120202201	0.750605	0
210001221020	0.775146	0
210001100020	0.893661	0
112021210010	0.830400	3
350401543401	0.453511	3
041401441411	0.079912	3
101002112000	0.828910	2
011000220203	0.855050	0
212202210110	1.028516	2
330220333200	1.179561	1
224140104144	0.746646	1
010210200100	1.003340	0
010233000333	39.391527	3
022000100021	0.938984	0
104240214044	1.664824	1
200010110000	0.621870	0
014040304044	0.051731	2
202011021212	0.455520	2
102101102200	0.819775	3
100120022003	0.802099	3
000011000040	0.599326	0
002200201003	5.160268	0
104140014044	0.067797	3
200000001011	0.471372	0
210200111000	3.552657	0
200100101020	0.623342	0
010101020220	0.445301	2
102021002210	2.028815	0
021220211110	1.003914	2
000000100112	2.704804	0
200210200002	0.524280	1
021022000221	0.616631	1
010212210112	0.645689	3
200110000002	0.361299	3
220120112020	1.120610	1
202000002023	0.785120	0
220000000011	0.715930	0
211121102212	3.044460	0
021221110020	14.692620	0
100020200101	0.790854	0
002211020012	3.789227	0
220100142000	0.698097	0
220033100353	0.050248	1
121021102100	75.987859	0
000121020022	0.686048	0
010201022000	23.758976	0
200022001111	0.821366	2
221020102012	2.952489	0
202000201200	2.330870	0
101122041101	0.817181	3
102200001010	39.489206	0
010000300140	0.395391	0
120133210333	0.640214	3
002202011112	0.779465	1
010000000040	0.098744	0
210010202020	0.454550	0
001112001122	1.612631	3
020221010021	13.826702	0
200102300011	2.461545	0
121101100240	0.604121	3
200210001102	1.140191	2
221000100010	0.585694	3
010033202333	0.117884	3
001020001111	1.569498	0
121010212020	0.395927	2
201000111040	2.611139	0
000020320220	1.468929	0
202111001222	0.869628	1
112221202012	8.144981	0
210100120001	0.614372	3
012011020122	0.817035	3
120033000353	0.078478	3
000100100200	1.065788	0
200102110200	67.769909	0
010012002000	5.762226	0
000200110020	2.406867	0
022200011010	1.883620	2
000000340220	0.677854	0
100000220020	1.154915	0
102002201212	0.832721	0
020100320202	78.018976	0
121020102210	0.804323	0
021021000001	1.722476	0
202010000022	0.521915	0
201212020121	0.596626	1
001220010112	4.117552	0
012001010000	0.599777	3
022200010212	0.777740	2
000220012221	2.262870	0
111000212201	0.727539	2
021202110000	0.517909	1
002200041003	0.727882	0
000011010100	0.633484	3
220120112010	4.669783	1
200201010002	5.621302	0
200000000041	1.249320	0
020000220002	1.059677	0
010212210122	0.692549	0
220120112000	2.322779	1
110000210210	0.788391	3
100211200200	0.772127	3
100120102000	0.108508	3
001022001111	0.576758	3
022120211210	0.736485	1
211202102100	9.548838	0
200101300201	0.840987	2
210210000022	4.092339	0
221101112240	0.690971	3
101000102022	0.561710	3
201011041022	0.267525	2
020020300022	0.799982	0
331200	0.670988	2
220000000021	0.793036	0
010211011202	0.875365	3
121010212120	0.755985	2
022100010120	0.854850	0
001012302022	0.838273	3
000120010001	0.685205	3
102021000111	1.018793	3
000220100101	1.702690	0
000210020011	0.924607	3
000122020001	0.710728	0
120000010120	3.174480	0
041400540402	0.232543	2
020221010011	19.229160	0
201120001111	0.800530	0
221000101023	0.664614	3
110012001010	0.836816	3
020221010000	3.263372	0
210010200102	0.706206	3
121102212101	1.051056	0
100020002001	0.518758	0
200120120000	1.015519	2
012002212000	1.970733	2
042400540400	0.052499	2
200033020353	0.426868	2
121111212222	0.843313	1
010211012122	1.023675	0
211012221021	0.806483	0
002000110210	3.673232	0
221220112023	15.778267	2
114040204044	0.098419	2
211011222121	0.673281	3
202112000221	3.112850	0
122002211011	0.848016	0
010101220040	0.514408	2
014041124045	0.821429	3
222102122210	1.433444	2
200210201200	1.346134	1
002101010202	0.705299	2
201200012110	7.950437	0
100120112100	0.818349	3
000002021000	0.850452	0
101020102212	0.824721	3
000002020003	0.817233	0
011002002100	0.780769	3
000022300111	0.168704	0
112112221102	2.429551	0
100102040111	0.732354	0
210002141020	34.511608	0
021120100110	0.782923	0
120122220011	1.120180	0
121101122000	0.530548	3
101000141000	0.835216	3
200110020001	0.783989	3
210202200120	1.283630	0
014140204244	0.514821	1
202110101112	0.571513	3
020000010041	0.807597	0
021001202220	0.695059	3
011011	0.356572	3
120211211122	0.688602	3
014240004244	5.834355	1
001102110100	1.199159	3
002202122120	0.760349	1
101120012020	0.859452	3
002002011001	18.411069	0
040411441412	0.603818	2
022101002200	0.746813	1
202000111000	0.250586	0
000122001221	0.513746	0
010000300102	0.849712	0
020000110203	13.100772	0
000200120201	3.969914	0
000210210202	0.768732	0
104053014353	0.285692	3
112010041000	0.870763	0
002120000200	0.627153	2
210200010001	4.346274	0
000001300101	0.162095	0
022100121010	1.969305	0
100122020111	0.774301	3
000210001002	0.485082	3
000120121210	0.859840	3
210110222001	0.849142	3
022001110001	2.012009	2
000121001001	0.749018	0
211211000022	2.106651	0
120200100000	0.823178	0
001001021020	0.587142	0
010210000202	0.393962	0
021102122100	2.810915	0
201001140000	0.883127	0
202200001221	0.766563	2
110020201200	0.772479	2
001100002022	0.801803	0
221000101200	0.556241	0
211200110000	3.495315	0
120211010022	0.774544	3
121220202011	0.637489	2
002100002020	1.253862	0
100211010042	0.884419	3
011012122020	0.718251	3
100220012003	6.511218	2
000001100140	0.550324	0
221101100000	0.728237	3
210102022200	10.855379	0
202212021012	1.431094	1
001021041020	96.866086	0
020122120201	6.200483	0
200212100101	0.971917	2
120211212202	0.565705	3
002020302210	0.835003	0
000210300102	0.327986	0
021211012122	0.832753	1
112220212210	3.622548	1
001020040011	2.397132	0
000210300000	0.622162	0
200000041023	0.129066	0
000020120010	1.240104	0
211222011111	1.696510	0
011202112100	0.745249	3
020200210210	0.293601	0
201201021200	1.809065	0
002020010100	0.689181	0
010000221013	0.787316	0
212010101020	0.276940	0
000010010022	0.376819	0
012200010200	5.269724	0
021002100000	0.378744	2
100010002220	0.677024	0
202200121003	1.159056	1
000222100111	0.712452	2
330122333221	0.153120	1
000100221020	1.137026	0
000100300041	0.332643	0
021020300001	0.503594	0
101102002122	0.878003	3
022001010012	1.211122	2
012221200011	50.820586	0
200220000110	1.158656	0
001121000221	0.503642	0
112012202100	1.435850	0
211010101022	0.695537	0
220100121211	0.749131	3
021101012220	0.768600	3
222100101100	0.783026	2
020100220043	0.804235	0
100212000000	0.601292	3
020100221040	3.684186	0
201102021020	1.201305	0
002022320001	0.867194	2
002210020212	5.638477	0
010001000002	0.121695	0
040410441412	0.688526	2
110002210200	0.345055	2
002020340020	2.251325	0
000000010041	5.277046	0
210002211100	1.114035	0
002000012013	1.047940	0
212102021212	1.342481	1
112002222203	1.261506	2
001000021020	1.225146	0
001000110040	0.383903	0
120212010202	0.753689	3
202102001210	0.821140	2
020002110203	0.752446	0
121001100100	0.591092	3
000211000100	0.123974	0
100022002011	0.783797	2
200212000202	1.710341	2
112000000003	0.813149	0
204040124044	0.735717	2
022201310222	1.909532	2
221102101100	1.968346	0
200200020040	0.806375	0
221100100000	0.343830	0
021021111000	6.462841	0
220000102210	0.855347	0
021011000002	0.673595	1
202000201001	0.890434	0
200200002011	4.059570	0
201020220020	125.523584	0
200002300041	0.797496	0
004240004144	1.829850	1
104253	44.604026	0
021102000001	2.737992	0
004240304044	0.819360	1
110212210122	0.469411	3
200001040001	0.618426	0
001002222000	0.805502	0
212202001001	1.051346	2
000220022000	1.334637	0
021201210101	0.755075	3
000021200022	13.787141	0
101200000003	0.211363	2
014041004044	0.044074	3
002210000101	48.589960	0
021012020120	0.839455	1
110210210040	0.470049	3
012120122112	0.112075	1
022011110202	1.092805	2
220033012333	0.485151	1
010012202002	1.115516	0
000010300040	0.050860	0
200020020010	2.010643	0
100120020101	0.768298	3
111020210021	0.903072	2
002010100000	9.512019	0
020221110002	0.973238	0
220000101200	0.635108	0
121201212212	0.355524	3
220000100203	0.873857	0
021101010101	0.755704	3
202021101112	0.792361	2
101012302022	0.786347	2
011102020000	0.531283	3
110021	0.125457	3
200001001022	1.266587	0
110121021212	0.823850	1
111000002000	0.282602	2
000220000202	4.711455	0
120120220001	12.259406	0
330001333200	0.027520	3
020010300020	0.706062	0
110122020200	0.625402	1
001010141021	0.335884	3
210211000022	4.547280	0
002000000240	1.065549	0
012102320102	0.890947	1
214240014244	1.577949	1
042400440421	2.506865	1
210010222000	0.341668	0
201210200020	0.774105	1
100211022212	0.583019	3
100121102000	0.674558	3
200021020001	1.220234	0
122120211210	16.919548	0
022000300211	2.534164	0
011100020140	0.571992	3
210112020221	9.402029	0
100200010200	0.403653	0
000010020011	0.718523	0
204053	0.501096	2
011121220200	0.816040	3
110212220101	0.611467	3
200110100021	0.664919	3
104240004045	0.371385	2
200000141200	1.958727	0
100020102200	0.964235	3
000033	0.725375	0
100100000020	0.151506	0
002122001211	0.519540	2
201210021000	1.188924	1
122011020022	0.856589	0
012221000202	7.725624	0
002220102011	0.668576	2
330020353022	0.402097	2
101201110240	0.803853	3
201211120222	0.812180	1
021201010240	0.182796	3
012102021100	1.743813	2
221220111010	0.750649	2
222110101102	0.817195	3
011122000121	0.508647	3
100002000200	0.289517	0
010001000141	0.663938	3
210010000021	0.249666	3
201010122020	0.819887	0
000000101101	1.124990	0
100000202100	0.463127	0
211102020220	0.953897	0
102033040333	584.264006	3
100020002013	0.773264	0
101020202112	0.547467	0
000022220121	0.844964	0
000100010020	0.546726	0
110220202200	1.459596	1
002022112011	0.803021	2
212102121201	1.553464	2
001202300011	0.697707	2
121121210212	0.767086	0
002002100120	1.552344	0
011002110100	0.744755	3
010211000202	0.420690	0
022011012112	0.730142	1
100100111201	0.796966	0
020221010200	2.089680	0
020111022212	0.771906	2
002122012111	0.679696	2
201020221010	1.244338	0
020200210040	0.611015	0
001000201003	0.097363	0
022122320110	1.849308	2
021001001222	0.755170	3
001000200000	0.205420	0
020121210200	1.731571	0
000220220001	1.074563	0
020100010040	0.528863	0
020001010102	0.528111	0
331220333200	0.841947	1
010010200022	0.902782	0
102012220000	1.545169	0
200010020240	15.591680	0
000211101102	0.609852	3
021001002102	0.694511	3
100010110040	0.744575	0
011000002022	0.660528	0
042410441412	0.449797	1
021221110201	15.767896	0
220012111200	0.768239	1
112202221000	1.126793	2
102020012212	0.743429	3
021000012010	0.825654	3
202011040002	0.587790	2
012000002020	0.644202	0
002020022112	4.668589	0
000002310040	0.606774	0
212011201112	0.239483	3
210120120010	0.826748	2
000000141020	4.539791	0
002000021002	5.983421	0
211010100020	0.678371	0
100021200000	0.657072	0
200101110201	0.683963	2
000100301000	0.760423	0
121101012202	1.100672	3
040410440422	0.243485	2
010021020011	0.729177	0
200000120022	0.843753	0
021021001012	6.182369	0
000112100222	0.644304	0
220120000000	0.922132	2
002100201003	0.826152	0
012100022120	0.687929	2
021020010012	3.238017	0
100220100003	0.750024	2
101201002020	0.766094	3
002220001111	0.805860	2
211011221122	0.523845	3
120122100111	2.956164	0
022033120333	0.716420	2
100100001010	0.600440	0
212002101210	0.694020	2
200021040020	2.235967	0
122233210333	205.902999	0
110212021122	0.766900	3
010021202000	0.784614	0
000102001200	12.144709	0
102120102110	0.463473	3
100012222000	0.812957	0
101000212000	0.299548	3
000102000203	48.587548	0
201100002120	2.289129	3
102000021000	2.821702	0
100220012011	1.119951	2
200010010202	0.806363	0
102101002002	0.744471	3
000122000202	0.652034	0
012221002010	113.929876	0
001201000101	0.762159	0
120020010000	45.360783	0
100002220140	0.808837	0
200010201002	0.828937	0
000202110140	0.243898	0
010022120043	0.833774	2
202201101100	0.786386	2
110211220202	0.850283	3
111021202012	0.459320	3
211020000000	22.465427	0
002200002001	8.836920	0
112110221020	0.848804	3
021001	0.091290	3
240400441410	0.326063	2
011022100001	0.764211	3
110200010102	0.382024	0
000210110102	0.680071	0
000120010110	0.632642	3
022210300002	0.782980	2
140433441433	0.816883	3
002220200011	0.854565	2
101120100020	0.756850	3
000212300122	0.471823	0
020012000021	1.065512	0
000121000022	0.409244	0
020002011010	1.747646	0
110210220140	0.358972	3
002120000011	0.373503	2
000001302202	0.640014	0
122101012200	1.725473	0
200010222012	0.785526	0
000200122102	0.905131	0
020012100001	0.631341	0
041401440402	0.046744	3
330020333001	0.037933	2
221001112001	0.704750	3
112233001333	4418.882432	0
120011100212	0.698169	3
221022111221	1.045792	1
020200000202	0.918939	0
002000112020	1.487964	0
121012002121	1.303720	2
200211022122	0.722214	1
000012000041	1.290590	0
200100020241	0.837769	3
200001000012	4.584044	0
221120110020	3.385647	0
201000021200	1.645550	0
000002300210	0.238809	0
200100202200	0.695245	0
001002300122	0.672283	3
120212112112	0.531561	3
000102300112	0.691008	0
122233210353	534.734045	0
120011211002	0.804031	3
010210021040	0.774242	3
200210001222	2.918220	2
200200002200	9.367970	0
012001221000	0.536623	3
001002020000	0.248620	0
112002121003	1.215634	2
012200210040	0.674491	0
000002011100	1.355382	0
100120122000	0.343687	3
102200002001	6.931859	0
010202011100	0.851386	3
000001012000	1.171398	0
020020000010	2.604298	0
010000220201	2.123463	0
002002020002	4.674983	0
024142004044	0.864059	1
021220100043	2.012696	2
001200300001	0.353726	0
200011010202	0.653516	2
100121001210	0.817387	3
012220002010	0.365486	2
210000000013	0.688080	0
201202100100	0.813815	2
000020041020	1.858416	0
351412	0.984319	1
101000102001	0.539101	3
201100020000	0.804178	0
000020010212	0.609651	0
120011210100	0.854664	3
000011020000	0.730721	0
200100001212	0.759756	0
012022001211	0.867615	1
021121120222	11.330507	0
122202201111	0.594138	2
012002022003	2.187990	2
100121000022	0.447262	3
040421441412	860.891314	0
022200310201	1.324826	2
010112020022	0.628416	0
040422440400	0.773182	1
000112110101	0.824982	0
221122101121	2.702220	0
011002001010	0.461671	3
212210001020	6.082666	0
000120020101	0.771195	0
201100002202	1.555358	0
212111221222	0.794928	1
200000300112	0.862632	0
100102002120	0.623741	0
200211111102	0.607590	2
002200102012	0.780705	0
022100021023	0.922745	0
000121200212	0.776959	0
104040014044	0.257941	3
000012200202	5.012893	0
200120000210	0.716527	2
002002021100	27.001289	0
000222012111	0.466552	2
110020212001	0.769312	2
001022000121	0.148571	0
021102000040	59.086126	0
000000220040	0.546773	0
001022300021	0.114924	3
221001122200	0.679351	3
002210001122	13.595589	0
000010020003	0.696269	0
212102222200	0.632103	2
020233212333	0.660577	2
012202002111	1.383729	2
100011	0.084599	3
010202020040	0.229105	0
330200333040	0.045956	3
002211002122	2.637885	0
012002201001	0.821000	2
101021202112	1.012507	3
010200021003	1.959750	0
101000002220	0.628617	0
000010141000	0.724328	0
020002000222	1.203995	0
220200112200	0.555546	2
120033122333	0.658456	3
200000242000	0.705316	0
001001340000	0.247130	0
000120300012	0.213162	3
330112333242	0.474717	3
010210022000	0.759562	0
010220000020	4.825441	0
121021202000	17.112025	0
021201011210	0.702990	3
001021040010	26.864764	0
020001110201	0.556723	3
022200110010	1.595776	2
100100212200	0.788151	0
220201010140	0.721489	2
000101000002	0.418635	0
102000222010	4.694396	0
200202010120	0.864313	2
100211020142	0.700846	3
011022202222	0.725957	3
101020002010	0.097411	0
120110220240	0.799083	0
330001333011	0.673582	3
102021012212	0.741852	3
111220202023	1.546077	2
000000300200	0.406091	0
111002212220	0.848673	1
021220000211	0.648410	1
000000211100	3.080897	0
102122141011	0.794554	3
112001201101	0.741562	3
200012010041	32.251069	0
011010221222	0.639571	3
041412440421	0.329624	1
220211120212	0.751495	1
020000200200	0.886861	0
011122022111	0.776162	3
330022333011	0.046360	1
112212212110	13.458152	0
001000222003	0.305334	0
101120202210	0.755017	3
040411440422	0.454440	2
001010041001	0.478417	3
000000022102	1.094761	0
100020200000	0.370224	0
001012101022	0.841949	3
201001201000	0.691645	0
100033200353	0.035267	3
000020020220	0.703657	0
011220200120	18.014908	0
200110202010	0.819248	3
040412440420	0.805876	2
000102041111	0.697580	0
021020002023	56.800197	0
001112001022	1.215370	3
000122010101	0.257043	3
000021020020	2.257652	0
042410441401	1.235813	1
200210000102	0.586836	2
022120211012	0.934822	1
012002010200	0.918121	2
021002001011	0.584831	2
000001101100	0.739758	0
220200112201	0.790719	2
101122040101	0.377676	3
010000000140	0.260494	0
011020110000	0.679974	0
001021040011	2.689473	0
020122210001	3.249864	0
020000220200	1.061612	0
020001110200	0.227519	0
000000040220	1.240602	0
112102201222	0.805029	1
201002002111	178.056056	0
220201110140	0.756646	2
201010000120	0.798621	3
120001000011	0.784123	3
202002121010	0.598996	2
122021002011	3.612011	0
202000002020	0.728337	0
022110120000	1.329213	0
102002201020	3.878724	0
000012010122	0.832639	0
200000202120	0.826221	0
020201011211	0.805453	3
000001340001	1.077332	0
020010212200	0.747654	0
001220222112	2.627218	0
204140204144	0.755254	1
000010010040	0.219321	0
100121201201	0.653514	3
010102100040	0.748099	3
210002140011	12.237720	0
022120010112	0.798625	2
000020100110	4.096502	0
202010001020	0.086686	0
121010222020	0.454094	2
014142024044	0.431416	1
010020020010	1.014760	0
220221010221	0.733246	1
022012011001	0.889367	0
000022340011	0.316612	0
022200211110	0.799883	1
112212212111	5.711236	0
021210000043	0.789630	1
020221212000	1.576168	0
212200211220	9.386607	0
200221300101	4.590282	0
210222210101	0.849458	2
330200333202	0.157999	3
100101100212	0.809196	3
021200011200	0.570352	2
120212012112	0.778372	3
022120020001	0.765967	2
112220011000	0.807960	2
001120020100	0.770869	0
000020200111	6.633466	0
120000210111	0.742564	0
022110112020	0.773448	0
330022	0.450062	1
200010222001	0.823961	3
221100121001	0.659037	3
201020140000	2.759954	0
101010000122	0.614582	2
112200212222	0.941155	0
010000202002	0.721392	0
022100210222	0.794015	0
100202002112	0.759030	2
200100101023	0.898690	3
200000001111	0.801846	0
102020012210	0.685091	3
100000211011	0.787654	0
102220222000	2.202266	2
000102000021	2.585305	0
020100120140	1.957188	0
100000000211	0.701602	0
002011002011	0.876865	0
330012333021	0.360026	3
000022302201	0.537760	0
331121	0.941182	1
000010002022	0.548970	0
202212011112	1.633754	2
022210110200	0.732336	2
041422440401	0.769355	1
330021333000	0.018921	3
010110120140	0.700737	3
000011122112	0.783585	3
012122122111	0.739752	1
112021211012	0.409287	3
201211300120	0.429380	2
110012002010	0.815385	3
120010101002	0.848831	0
211012141020	14.287953	0
010112120022	0.878389	3
110222211121	0.055857	1
000022301121	0.744035	0
220122102200	0.795572	1
000012222001	0.819031	0
022001300012	1.039182	2
020120100010	2.089714	0
201120001022	3.371369	0
001111	0.415623	1
200110010101	0.572673	3
200211100022	0.802115	2
002200000100	5.529367	0
002012200011	1.372747	0
201001042020	0.370449	0
222201121220	0.777440	1
022100121023	0.809580	0
022100120020	8.428271	0
002200002012	1.129241	0
112002201110	1.299060	2
201020112010	1.186120	0
101120022120	0.661493	3
200200101120	6.898840	0
010210000000	0.612636	0
000000220041	0.720286	0
001022300020	0.380841	3
330201333140	756.806865	3
020011000212	0.356097	2
201021000222	0.824568	0
001000041211	1.393921	0
332210333101	345.904732	0
120200000140	0.780229	0
100021111110	0.647578	3
012210221010	0.829978	0
022000022020	2.341611	0
200100001201	0.928449	3
201010340022	0.835844	0
212002001210	1.655624	2
120220212110	0.779051	2
201000302001	19.539995	0
200010121000	0.838181	0
102020041001	0.808474	0
021201011200	0.351192	3
021012000020	0.461664	2
100220012010	0.700157	2
101020000020	0.364122	0
222111121210	0.716400	1
102100000003	0.446907	0
000110210102	0.821943	3
000000022023	6.760717	0
020021000011	44.299705	0
331120	0.709134	1
211020100000	10.004590	0
200200010140	1.085372	0
012000201010	0.349602	0
021000111010	0.763803	3
002201300002	4.619625	0
002001040002	0.236813	0
210033120353	0.268958	3
002201000102	37.765536	0
220010000020	0.501491	2
000100220010	0.611474	0
201121001022	2.187705	0
001121001211	0.731762	3
102220002013	0.434270	2
010102320140	0.835277	3
001010201022	0.454164	3
000200020010	0.929245	0
012122022212	0.485798	1
220010000001	0.776120	2
011021000221	0.761879	0
210000101022	4.564952	0
241400441411	0.855586	2
212020001112	0.450133	2
211001221200	0.799030	0
040401442402	0.686882	0
022201310020	0.858585	2
100101000201	0.131235	3
000010320022	0.707109	0
221101102202	0.775422	3
210020000001	3.258332	0
222012001001	0.688390	2
022133020333	0.757352	2
102100202012	0.766262	0
121012102121	0.644792	2
210002221000	6.378359	0
004240014144	1.003723	1
110210000000	0.730807	3
101102010220	0.846304	3
201211211222	5.054237	1
110200200201	0.726555	0
200100002121	0.690040	3
000002300211	0.445950	0
000001010101	0.085859	0
020000010023	2.347347	0
004140214144	0.075820	2
122120211012	18.787334	0
112000200002	0.718550	0
200001102000	0.827404	0
010012120001	1.058061	3
001201220240	0.708119	0
022011300211	4.283487	2
001000102220	0.729705	0
001000020140	8.533480	0
010020222003	0.848770	0
040411540402	0.490951	2
020022000001	0.493138	2
111000200000	0.768489	2
202210011102	0.791128	2
212012101000	2.961831	0
100212000142	0.570196	3
102012040021	86.690636	0
012012001112	1.720136	0
110000212011	0.692806	3
110212012100	0.833737	3
020221110200	1.615941	0
000022200101	1.392689	0
202122	0.229905	1
002122112111	0.711693	2
221220110020	4.469466	2
001012000222	0.728027	0
110020211101	0.689390	2
120000220200	21.414637	0
100200002102	0.700753	0
102120112212	0.751733	3
112000201100	0.418507	3
100210000003	0.567662	3
100120010001	0.819754	3
352410353422	1241.022177	0
000212000110	0.550062	3
022101220211	0.754102	1
010100022040	0.529852	0
000000100002	1.456759	0
110002000040	0.231472	2
021221010201	3.812331	0
000001300201	0.049586	0
100010010040	0.744130	0
201110000222	0.545908	3
202002121110	1.034287	2
112021212212	0.325425	3
110211210100	0.741661	3
200122010211	0.771650	2
330210333001	0.238604	3
202210010000	0.687446	2
112202221001	1.111566	2
201022002011	32.377931	0
121120102012	3.722439	0
022221000212	1.748881	2
021012010020	0.792061	2
002102300022	1.108872	0
000220012100	3.221226	0
001020102010	1.535742	0
110010002000	0.556649	3
210110120001	0.768467	3
000000122200	3.857595	0
022200112111	0.700059	1
100021200001	0.712366	0
200211202212	1.038301	1
100102100200	0.658304	0
011102020220	0.506504	3
001001020202	0.506002	0
330110333000	0.690962	3
001120220023	3.953026	0
000112000222	0.210550	0
330002333222	0.074478	2
202211001112	0.183750	2
200001040000	0.077305	0
212202001000	0.622340	2
202033211333	0.314474	2
001020002023	31.508086	0
012220220000	1.339459	2
002000011010	0.700045	0
102102222210	2.269218	0
210000100012	3.907918	0
100010200240	0.845434	0
022011010202	1.419512	2
001000200202	1.871456	0
100120020100	0.303651	3
002011300202	0.585460	0
220012112011	0.783920	2
041400440422	0.070752	2
020233010353	0.608687	2
000111100200	0.732321	2
120120220000	7.722351	0
042400440420	1.593368	1
000100220200	0.471753	0
002110001102	0.822245	0
022101320212	1.450769	2
142420542411	3.447552	1
200021020000	0.792215	0
221010121022	0.834812	2
240420	0.797341	2
011100120140	0.668188	3
002000010112	1.683878	0
020100021202	4.837586	0
102002021003	8.208959	0
020001002200	0.665926	0
200110000021	0.486158	3
212000111000	0.508420	3
222010121020	0.288008	2
121101012000	0.562275	3
100000201022	0.707728	0
120001000200	2.598478	0
210011110202	1.141104	3
002010010120	0.674014	0
020002310222	0.830409	0
210210110202	1.408199	0
001020002212	0.776935	0
020201210100	0.404278	0
112102222020	0.395846	1
102102201110	1.154286	0
021201010241	0.691889	3
000220301201	0.853099	0
020001020002	0.801823	0
002110000000	0.422200	0
020101010100	0.422115	0
011000200022	0.642748	0
202012340021	0.621237	0
212100121100	0.792613	2
331022333211	0.448247	1
221221	18.785087	0
021100020141	0.738785	3
001202300122	0.723411	2
142420440411	3.843405	1
221001110201	0.659078	3
020100001100	2.846832	0
001102010202	0.804073	3
100010020140	0.705235	0
000112320202	0.781841	0
202200020000	0.659838	1
212021101002	0.392505	3
102202222003	0.727890	2
012200110200	1.998100	0
021002100001	1.080562	2
011012001022	0.551890	3
330122333220	0.783779	1
210120222001	0.808693	1
000100000140	0.227009	0
001121100221	0.579103	3
124041	40.886164	0
212221	38.385907	0
012000111003	0.738606	3
021122020121	65.070606	0
101120122210	0.683623	3
220221111112	3.840120	2
002012211112	0.608226	0
112210200202	1.462454	0
212001101003	0.580102	3
110212210142	0.740833	3
221120120120	1.191362	0
201220001100	3.748644	0
110002210201	0.478345	2
100000041012	1.194063	0
002120100001	0.795459	2
201020302010	117.341400	0
002020340021	2.641763	0
001202001120	0.772414	2
212002100220	0.847109	1
122000211000	5.694777	0
000120002212	0.625384	0
010001000212	0.471292	0
211011000222	0.824665	3
001000010040	0.279462	0
110021201201	0.775459	3
100000040220	0.883931	0
012220110011	1.055913	2
110112220112	0.703064	3
022120120001	0.580084	2
020200001003	0.753164	0
200000001103	0.602643	0
011212020100	0.793282	3
110100221022	0.754525	2
021000010020	0.771329	0
240400440420	0.109134	2
110001202020	0.673949	3
014140224245	0.936292	1
221021102020	93.907409	0
201201000240	4.164596	0
010212221112	0.633742	3
020020300000	0.625084	0
000201001110	0.820848	0
221100121210	0.747196	3
201120002112	29.102131	0
021102000000	8.332295	0
100000242000	0.471600	0
010101122200	0.417179	2
100002210040	0.460836	0
000202002010	2.383443	0
101121202012	0.618200	3
100122000000	0.677918	3
022120020012	3.496646	2
040421	42.673636	0
012220200010	1.020727	2
200221300011	2.262630	0
000101300040	0.698293	3
040421440422	160.121991	0
011002000020	0.337066	3
101100200000	0.765588	3
020012221002	0.737308	0
020000010040	0.333347	0
201100010100	0.682944	3
042410442401	2.041410	1
210000220020	0.589235	0
102020112012	0.705447	3
221221112102	37.563680	0
120011220000	0.731327	3
024240114044	0.535053	1
000020320201	6.748238	0
200220001112	1.083091	0
012101320200	0.804021	1
200200000110	14.957020	0
000100220201	0.622171	0
000000210140	0.344483	0
002212010100	2.753364	0
002211011112	0.849899	0
000020002110	2.748171	0
210200110001	7.947654	0
000200020201	6.915826	0
000020302010	0.532439	0
101001010000	0.753860	3
104040024144	12.250873	0
011001202020	0.765166	0
100220100010	1.047063	2
120200000000	0.733788	0
202100011000	0.678324	2
002220222022	0.777980	1
212021001011	0.715435	3
000010220043	0.887217	0
012010202001	0.815597	3
202200001220	4.478126	2
352400543420	6.935011	0
202111211112	0.600512	1
120100200000	6.253617	0
022110011102	0.686788	0
212102121110	1.395606	2
102111001012	0.655262	3
120100201003	0.589157	0
120211110022	0.852048	3
122001000200	6.687912	0
000002210202	1.471563	0
221201110221	0.795732	3
002002010102	2.475886	0
120000212012	0.690833	0
000012320100	12.743154	0
001022300110	0.722496	3
000000041210	0.366738	0
121001022000	0.748001	3
112000202001	0.694058	0
201021041002	86.047390	0
200212100100	0.583679	2
221020102020	66.858475	0
001021041021	29.329198	0
200100001010	0.614335	0
220120120200	0.785455	2
202010001112	0.331969	3
200211101012	0.821513	2
120221010002	1.977359	0
021102210000	17.028384	0
142410	141.211366	0
221010142020	0.495580	2
212212201112	8.113527	0
010200202003	2.671678	0
021211211220	0.774117	1
000000000122	0.451611	0
101020002023	1.039976	0
220120012010	3.380991	1
010210220000	2.818261	0
000011021112	0.588299	3
201000121000	3.314504	0
111220202010	2.717518	2
000002000040	0.006580	0
110010220200	0.769967	3
022211211222	1.003410	1
120102212100	3.300325	0
122120201210	0.827634	0
100102221202	0.799234	0
021001100201	0.661709	3
101000002022	0.227920	0
220000100021	0.641437	0
122120010010	2.643619	0
211202002100	12.930079	0
001220021011	0.792568	0
001011141020	0.811647	2
201100021040	0.827084	0
200211021002	1.127348	1
200212022102	0.991654	1
000220100100	1.874445	0
122220212211	1.443934	1
122020100010	22.911407	0
001220210000	9.416441	0
100101	0.081043	3
002110202000	0.798362	0
020001000200	0.102911	0
021101012000	0.586477	3
012212	7.658414	0
000100300020	0.122196	0
001122101111	1.102458	3
010200002100	3.945709	0
001101210240	0.790455	3
001120010000	1.337750	3
240410441411	0.681285	1
102120000212	0.587803	3
002210002000	13.460479	0
101001122112	0.703644	3
221110102020	0.283085	3
202010041010	0.260180	0
000200120021	1.485387	0
022200111020	1.872924	2
122002211010	0.929731	0
002110000220	1.216442	0
332000333220	0.824569	3
014041024045	0.759120	3
220200011003	0.667909	2
200100220043	0.456438	3
100120012100	0.763817	3
020100300040	0.755655	0
112100222010	0.779027	2
201212010120	0.698194	2
112002201022	0.810226	1
000011002212	0.230428	3
010100122040	0.607328	3
000002120003	22.028083	0
201001042112	0.724706	3
200000000121	0.594167	0
000200302200	7.865772	0
012001200020	0.477724	3
021220211111	1.032328	2
212201221200	3.670356	0
000000000200	0.211638	0
111220202020	0.612800	2
020021000000	12.009860	0
021000022003	0.462711	3
000002120202	0.612379	0
020101310200	0.924722	0
010112120202	0.776022	3
000022110001	0.522274	0
221201110212	0.747674	3
101000002012	0.272192	3
101000000100	0.803658	0
000000022002	0.660654	0
011001042020	0.746999	0
012211002212	16.271177	0
100121040112	0.738281	3
001021041012	173.086521	0
021212001101	0.723594	1
210011220002	0.688359	3
220101010040	0.674822	2
214140124144	0.257961	1
110010020102	0.763573	3
000020001110	4.061178	0
001000010003	0.383398	0
000010140000	0.845415	0
111002002022	0.558201	1
100000100101	1.114434	0
112200220200	1.570069	0
020221320101	0.905447	0
122120212110	4.463145	0
002033041333	0.074302	3
010200000022	0.801239	0
201010041002	0.650641	0
121001202002	0.692127	3
221012111020	0.798678	2
210000101003	0.276976	0
110212210101	0.514790	3
200001000043	0.702944	0
102002101120	1.637854	0
012200221000	25.161190	0
212102222203	4.922202	2
102020222012	0.781145	0
202010041000	0.120025	0
210010102000	0.677157	0
332000333210	0.414565	3
020010220003	0.563321	0
000101300002	0.520988	3
120001101011	0.721420	3
010102120000	0.204419	3
200102010200	2.400941	0
101020002222	0.798725	0
012200012002	1.082240	0
012010001220	2.605467	0
200110	0.107961	3
011002000010	0.468546	3
330021353010	0.662897	3
221122100121	2.177416	0
121020212000	2.338801	0
040421440412	409.225487	0
122202111100	0.799116	2
002220102010	0.607364	2
012002022000	0.876244	2
001002212000	1.139444	0
102120001011	0.408174	3
101100042021	0.834672	3
210020202000	2.032093	0
101001002202	0.604689	3
010221000000	46.822095	0
210000001220	22.483125	0
020000320140	0.599619	0
330021333101	0.694451	3
010102022120	0.802842	0
220100120000	0.092474	0
202212010111	0.572190	2
220100121003	0.240427	3
000000220140	4.457236	0
010200012040	1.636151	0
201020100020	61.666616	0
000222012011	0.627090	2
200200000120	21.886289	0
200210022022	0.946907	1
204040204044	0.269514	2
200211110102	0.616143	2
200200212023	4.533396	0
022201310201	0.687115	2
001220020120	2.188358	0
104040014144	0.323797	3
101001012220	0.822206	3
221000	0.407778	0
101001020000	0.840428	3
200000000112	6.295988	0
001002302202	0.862017	3
100200110140	0.556484	0
200112300201	191.517324	0
020101020221	0.837462	3
121200212220	0.590482	2
011022000211	0.721075	3
021002220000	0.674936	1
010210020040	2.363043	0
120012200121	1.129641	0
000020200010	2.233165	0
010021100001	0.727947	0
104053004345	0.806150	3
201000211000	1.045212	0
212010221020	0.323161	0
200101000210	0.838728	2
004253014345	11.589305	0
220100021003	0.573880	3
002100100000	0.708222	0
210220110201	1.356895	0
100120122003	0.841369	3
102012201002	1.237934	0
200000001010	0.102269	0
104140114044	0.066099	3
010220211200	1.180982	0
020220000200	0.808448	1
012211000212	25.766967	0
120010210000	0.354953	0
021200110100	0.657387	2
020000110011	0.899019	0
000002302210	99.225131	0
101000002202	0.728327	0
100100000012	0.732487	0
020101000040	0.493325	0
121100112001	1.147450	3
022101211221	2.390392	1
212000221000	0.149253	0
010022020101	0.679227	2
200000012000	0.463587	0
332102333102	1.626903	1
110200011100	0.922469	3
212011241022	0.635667	3
001102302100	0.840651	3
210200010200	5.047772	0
331211333002	0.819891	1
020000300200	0.470804	0
014240214245	1.222983	1
000101000020	0.624459	0
001102100201	0.637005	3
000210300121	1.634246	0
210110020202	0.665315	3
002102302102	0.826329	0
041421440400	31.442457	0
004053004345	0.001307	3
201000002000	1.426922	0
200010020000	0.270962	0
122000221000	3.181716	0
120220212011	1.729618	2
210033002333	0.210750	3
212002100210	1.273773	2
120002020140	1.882374	0
021110320000	0.451359	3
022210000011	0.738893	2
200021	6.391030	0
330202333121	0.767380	2
201212300121	0.138468	2
104141	0.646913	3
112001220000	0.173555	3
121201212220	0.199433	3
100010222000	0.555370	0
122101220200	11.025418	0
240400440410	0.128013	2
201000020202	0.862889	0
021001100022	0.759283	3
211200000003	3.898088	0
200121020101	0.845280	2
022210112003	1.207151	1
100002220040	0.672419	0
121101220202	0.360018	3
001201000001	0.746084	0
210121120202	0.724040	2
022001100020	1.010494	2
001201300101	0.737260	0
011122210211	0.731235	3
000121000210	0.490302	0
002002120201	8.998622	0
004253004353	12.277703	0
010212211112	0.594780	3
012012000111	1.117252	0
110200020040	0.516401	0
110212211002	0.688685	3
011220110020	1.621116	0
220012110200	0.944697	1
120021000000	11.255006	0
002020021000	14.137147	0
111020212012	0.415265	2
001000021012	0.864939	0
202200111100	1.989589	2
000022020021	0.191522	0
042410440412	0.254108	1
000010320202	0.838206	0
200120200000	0.641598	2
022100001003	0.604831	0
100000000112	1.683743	0
122121002212	17.906430	0
100120010100	0.397868	3
000211100102	0.406353	0
201121221212	0.752194	0
010200010112	0.779599	0
120120210000	4.601248	0
331002333011	0.841896	1
102002201201	1.168922	0
001020041012	0.468845	0
020122100101	0.877468	0
120120001200	35.180103	0
204140024045	0.630096	1
011102121220	0.766466	3
000100001000	0.579359	0
120002000010	10.427345	0
210100122100	0.771697	3
010101100040	0.615687	2
020200010140	0.416748	0
010020212000	0.854157	0
200110000011	0.631060	3
110212210100	0.485977	3
040400442423	7.193691	0
020100011202	2.030014	0
020201010202	0.336942	0
111000212222	0.563070	2
200002001000	1.463395	0
201020012112	19.642524	0
020101210202	0.388966	0
201110001221	0.825901	3
000001301202	0.504779	0
201120001003	0.754979	0
010012120100	1.380457	3
000001210102	1.485635	0
004042014245	0.408806	2
100002300200	0.449530	0
100020200010	0.410128	0
001102010240	0.684452	3
022211310002	1.278563	2
102010101020	34.363038	0
000020010243	6.648151	0
001020340010	0.165437	0
010021240022	0.847418	0
021000220010	0.660559	3
211011221222	0.725678	3
331022333221	0.152125	1
210220210010	1.919074	0
014040024144	0.530688	2
100021201002	0.711572	0
000100300002	0.043430	0
002221010111	5.998823	0
221220011020	4.443052	2
001000201000	0.094476	0
202210121012	0.792157	1
020221011200	10.530215	0
214053004345	0.301847	3
120000102020	4.439934	0
002221002212	62.390862	0
010012000010	1.035124	3
332000333001	2.591518	3
010012110001	0.856522	3
200211300212	0.911851	2
102100042012	0.579955	0
201002002211	100.987372	0
014041204144	0.386452	3
200200011000	2.326895	0
000011120212	0.986802	3
100200201100	0.752947	3
102012040011	2.555562	0
210102100100	5.542500	0
200010010100	0.643888	3
000001000041	0.502464	0
140411441402	0.724059	3
200200200200	8.779464	0
200100001220	0.762197	0
004240004245	5.683049	1
200012320001	0.702566	0
100020120000	0.978203	3
001010041022	0.046220	3
120200210200	0.220718	0
000100300201	0.039399	0
202210020022	0.770202	1
022122201211	0.695104	1
211000142010	1.298161	0
120100200020	17.799259	0
000001202201	0.653462	0
012201000200	24.224017	0
121010102021	0.349104	2
112102222121	0.665455	1
000220210000	3.543973	0
004140124144	0.533620	2
212110221210	1.019628	3
121201111220	0.752369	3
212011202212	0.793308	3
220000100200	0.367865	0
110010201002	0.621727	3
330021333202	0.117644	3
000212001112	0.633099	3
200020021010	0.921598	0
021001100020	0.514743	3
110220202111	0.589110	2
002110040020	1.009769	0
002102300012	1.710123	0
100100001022	0.748380	3
210120020020	0.796486	1
014042204044	0.676619	1
021201211101	0.780911	3
200200010102	3.223792	0
121110002020	0.826323	3
202211100112	0.831134	2
011100220040	0.602413	3
201022002021	19.917883	0
004040014245	0.113190	0
000220112000	1.502797	0
000000002211	1.396964	0
120020220000	17.883462	0
121200200003	0.522191	2
201210201020	0.935823	1
110211010202	0.642945	3
330002333212	0.071152	2
120020112000	41.447788	0
000220300202	13.480832	0
000112000212	0.574983	0
100001000222	0.767451	0
202021101012	0.800826	2
200000022100	1.191991	0
201110001020	0.570593	3
020200100003	0.487387	0
100100200241	0.747940	0
000220340001	1.079432	0
001100122201	0.821735	3
010200010020	2.334706	0
120012000002	1.837188	0
010100000200	0.297378	0
010002100200	0.602662	3
012210221020	3.366921	0
011012000021	0.587062	3
100200042010	0.742787	3
212002001220	1.187933	1
211010	2.535499	0
100002210141	0.829308	0
200233012333	4.836720	2
211002010003	236.329174	0
042400441403	5.064813	1
200002000041	0.741578	0
222111111210	0.683696	1
001010200220	0.838040	0
110120200100	0.735644	1
110002211202	0.337041	2
014040014044	0.023283	2
331002333212	0.661016	1
022021111102	0.749367	2
012012041000	16.432824	0
001120101000	0.883003	3
112000001003	0.657430	0
021201212202	0.843592	3
101020041011	0.351378	0
210210122220	0.711003	0
011112122222	0.738096	3
001121001221	1.365890	3
000100000041	1.931311	0
120011202002	0.833540	3
100122202001	0.521022	3
002202000121	1.447769	1
000100220020	0.810666	0
111020222112	1.002597	2
201201020200	6.211414	0
010000221010	0.256509	0
022201310010	1.030843	2
220002111020	0.859579	2
210120111110	0.623118	2
210200110220	2.096440	0
020211210122	0.402520	2
000020242011	0.861761	0
000200010210	0.652677	0
102001110200	0.858201	3
011002000201	0.678690	3
200012000112	6.177275	0
020010001222	0.907670	0
100010201000	0.160907	0
110021222000	0.674997	3
210002000200	0.612523	0
100122000221	0.298729	3
000100022200	1.325241	0
010001300002	0.687176	0
212012221102	4.322404	0
001020040022	0.811375	0
121100102000	0.389572	0
200211300102	0.767556	2
210010	1.376987	0
330201353112	0.903298	3
000120102010	0.668258	3
022021300212	4.079459	2
211200111000	5.008485	0
002112300211	2.998476	0
201101111200	0.811574	3
102020212112	0.737587	3
110222221201	0.660351	1
220111112202	0.807010	1
041401440421	0.081342	3
200122002011	2.961960	1
022001012020	1.212248	1
212112221200	1.139122	0
002021300001	1.202817	0
020020122003	0.768204	0
002211212212	1.248993	0
000200212203	0.762925	0
121000100000	0.217295	0
000210000000	0.058149	0
210033110333	0.654299	3
041400440403	0.025588	2
020100110140	1.246819	0
002120202212	0.813332	2
201000110000	0.514808	0
002012001121	9.669564	0
200010340000	0.201587	0
001002010001	0.523506	0
021001221020	0.879704	3
000001100040	0.963741	0
114040014044	0.370552	2
201010001011	0.597718	3
212202211120	2.698431	1
000010000100	0.233057	0
004241004044	46.184389	0
210022221003	0.881413	2
021121020212	10.086598	0
112102200203	2.658638	2
110102211100	0.808832	2
002100000202	0.678921	0
100220220003	2.216030	2
010233202333	92.631676	3
020210010202	0.577925	2
001001020022	0.585757	0
100122100003	0.867224	3
222011111112	0.486986	1
122002010000	55.287748	0
112010241001	0.780258	3
012000201100	0.762127	3
200212010120	1.753277	2
100200222200	0.785804	0
002033211353	0.702938	3
120221010010	0.569775	0
020220000011	0.854741	2
200000100203	6.128018	0
102222022111	0.713272	1
120121020200	13.027910	0
110012201012	0.688861	3
002012200021	0.750873	0
120100220040	49.656752	0
020000110200	0.650596	0
142400540410	16.284486	0
010000000102	0.314491	0
101122200101	0.696283	3
000110300002	0.496876	0
000000210041	3.711119	0
001001002220	0.566427	0
201120202020	19.539601	0
024253014353	0.621106	1
221201111222	0.635963	3
100010102001	0.556861	0
200200101110	2.007351	0
000222022110	0.751798	2
020100121000	2.929771	0
114040204144	0.492248	2
110000211212	0.690597	3
020122212111	1.121289	0
000020201020	3.325259	0
332000333200	0.243253	3
202200221010	2.362544	1
012010041010	0.781831	0
002220002212	3.641808	1
011022001221	0.769864	3
000122020101	0.394527	0
000000310101	0.652766	0
101000102210	0.387305	3
100120121200	0.466956	3
331000333202	0.360655	2
000122320001	0.723101	3
020221010100	5.948302	0
110012000010	0.846842	3
010220100010	1.876879	0
200000000020	0.216045	0
104140124144	0.083424	3
201000101040	1.962164	0
122000000012	12.925469	0
020001120200	0.796052	0
021201111220	0.835341	3
100000210120	0.813109	0
102121122212	0.373897	3
104153	0.689720	3
201212010021	0.698762	2
022100210020	3.281304	0
021010300200	0.667077	2
100211002212	0.606078	3
220033220353	0.462583	1
210210001020	0.518777	0
200210200200	1.056920	1
201020222010	1.758790	0
022200010020	0.602286	2
002000021021	0.986593	0
014241014244	12.018123	0
100210000042	0.468009	3
000012012000	1.219862	0
001020201021	2.424317	0
101002222003	0.708543	2
210121	2.688050	2
202002121003	0.830168	2
020101020201	0.395817	3
210000211010	0.566275	0
002200000140	1.254039	0
102002201010	7.779542	0
001002120001	0.809840	3
011120221202	0.825079	3
202000002010	0.735743	0
332211353002	1086.959834	0
001220110100	1.592706	0
000102320102	0.587574	0
001010041222	0.477474	3
000002221100	2.328896	0
120201110000	0.652266	0
000220100001	2.361419	0
014253204345	74.277448	0
112002200021	0.779469	1
002010041220	1.261251	0
210210000122	2.835402	0
020020220000	3.686053	0
021001001201	0.292122	3
201210102021	1.158718	2
002220021112	0.740725	1
220000120043	0.028962	0
110220211201	0.771405	1
330201333020	38.392293	3
201210010110	0.850337	2
221200111201	0.792835	2
012011242002	0.715309	3
022012101012	1.570416	0
100010121000	0.432286	3
012021100011	0.770462	3
102221002010	12.422089	0
120010201120	0.847977	0
020000110210	1.043996	0
020100100040	2.056954	0
212210201020	3.463391	0
102102000220	1.337777	0
000000011101	1.229369	0
112002201122	1.072578	1
210202111100	2.229302	0
201210210222	0.847350	1
202200201000	0.384178	1
001000020001	0.278939	0
020100220100	1.901455	0
212202100203	0.919863	2
111012202021	0.740777	1
202100000003	0.572812	2
220020110000	0.739033	2
221220112020	5.351056	2
110200212020	0.597986	0
102102202000	3.699992	0
121210212220	0.131964	1
211010141020	0.775564	0
220000300021	0.849235	0
200010020220	0.795276	0
101002102000	0.361011	2
102121001002	0.697876	3
121101102202	1.011220	3
111102	0.296903	1
001011001122	0.571810	2
201100022222	0.807653	0
011000001011	0.689328	0
041410542420	0.545073	1
000010222001	0.902529	0
021201212221	0.705596	3
111220212201	0.707360	1
212002122003	1.817964	2
020021010221	13.512599	0
101220102022	0.853092	1
000000210001	1.741778	0
001222320121	0.715733	2
102000222020	0.983791	0
202200101001	0.909006	2
004141014044	0.334657	2
000001300211	0.648079	0
200010002022	0.704087	0
010122020243	0.386453	2
021221000200	108.469631	0
210110200000	0.769833	3
204240	3.188815	2
212011211102	0.613480	3
212233101333	402.369328	0
004241214044	13.779624	0
210122121201	1.269964	2
001020112010	0.777128	0
210001221000	0.623954	0
210210000000	4.068718	0
022001000210	3.702443	2
211221200222	1.005923	0
211202120101	0.887381	0
012012202001	1.252766	0
201002111140	31.833992	0
122221211112	10.314238	0
112001241000	0.161458	3
122220100011	0.844566	2
002210200000	28.023131	0
210102022203	4.817931	0
120020101003	5.933362	0
012011001112	0.821961	3
012102020121	1.391032	1
100120002220	0.810929	3
202211102122	0.779381	2
000121110202	0.691161	3
100100040022	0.770656	0
020100110043	0.515977	0
020200012200	0.513603	0
000210000102	0.067230	0
122122212011	1.222617	0
102122012111	0.699613	3
210210122000	20.241560	0
100010210202	0.754806	0
012200202222	0.780882	0
100100001001	0.648157	0
122202211102	0.765174	1
112021240002	0.805577	3
012220001000	3.572110	2
001011000222	0.407443	2
200100300201	0.470324	3
010212210101	0.576348	0
020102110102	0.702660	0
212021212212	0.635216	3
101022002011	0.537737	2
101210002021	0.558965	1
020200110202	1.566130	0
122010102000	34.591009	0
011200220003	0.607213	0
000110001002	0.736593	0
100112220201	0.799490	0
210000140011	0.816230	0
002120300200	0.610483	2
021201010141	0.660723	3
110220220010	0.434050	2
010010120240	0.703780	3
010002040010	3.874226	0
102200010100	2.639319	0
100000101000	0.080117	0
220000111000	0.151811	0
020211020212	0.763565	2
041410441423	0.232798	1
122020022011	1.101332	0
022201310210	1.016452	2
210202020100	1.428134	0
010012110022	0.675727	3
024040104245	0.446153	1
022001001022	0.627191	2
121012222020	0.752184	1
021210210200	0.753258	1
001011040012	0.902421	2
330020333000	0.004183	2
140410441421	0.084996	3
221221111020	24.210177	0
100022200001	0.708622	2
042410442403	2.165467	1
100101100200	0.277842	3
040401442412	0.619182	3
012220202012	0.841290	1
330020333010	0.027919	2
012121121202	0.549777	1
210012000020	4.439870	0
221110121202	0.715821	3
002200210003	2.468321	0
012001201000	0.335516	3
010100020220	0.621434	0
022010011120	0.584954	0
201110022021	0.766080	3
000002101100	0.754896	0
100210002010	0.685277	3
002002340020	0.894444	0
221102101040	69.945323	0
100000000201	0.510165	0
020020000001	1.505214	0
001200000110	0.711912	0
022221211112	2.647591	1
100210000142	0.820154	3
212100121200	0.859531	2
000133222333	0.689631	2
000000100143	0.792440	0
001200300010	0.660080	0
002020112010	0.314170	0
111002200000	0.640655	1
020102320022	57.010927	0
000000021210	0.640570	0
010100222000	0.477106	0
002122	0.155662	2
042400541421	0.716382	2
112220001000	1.647152	2
000110020241	0.770109	0
200100100002	1.057337	0
020000101002	1.552285	0
122022002011	1.006784	2
200200112200	1.344904	0
121020100012	1.445066	0
001022040011	0.405228	0
200020002011	1.444056	0
012220110013	1.036620	2
000011040000	0.150579	0
012212020111	2.702386	0
104140204144	0.138860	3
222101111241	0.679865	1
111021212001	0.863370	3
000002100002	0.411648	0
210002142020	11.830509	0
102000002020	15.451014	0
010210010000	0.669490	0
202002201020	0.970604	1
104240004144	3.584135	1
201020102010	1.987459	0
012002002021	0.554416	1
122220210010	1.295591	2
200200111120	13.526277	0
200210300240	3.101381	2
100210210240	0.822559	3
220100110200	0.601566	0
000122010211	0.493311	3
120220111200	0.807143	1
101000102010	0.036183	3
040400442412	0.189048	0
111220222110	1.572296	2
200000002221	1.121809	0
022200	1.941501	2
210112120001	6.597556	0
202101111221	0.754029	1
102000102012	21.913662	0
120022122000	1.997853	1
211002222000	3.311601	0
002220012013	0.705685	2
200120300001	0.824077	2
120122210101	12.236146	0
100211000240	0.623302	3
000011002210	0.796963	3
021021011001	0.652878	0
012100020140	0.343609	2
022200000010	0.820323	2
101002212001	0.616074	2
020220102011	0.847927	2
000100001201	0.556199	0
110001220020	0.810664	3
200210012100	1.684968	2
200012021001	2.015419	0
110021221022	0.349017	3
000010110202	0.652789	0
012000200043	0.322292	0
221133	0.855652	1
010120120001	0.820029	2
212202	3.451092	2
202211011112	0.932830	2
014040214045	0.401137	2
120022010001	1.026247	2
002001300102	1.656488	3
221000111010	0.588637	3
202100201220	0.798392	2
350400353420	0.200049	3
202200211000	1.845363	1
100211210002	0.762923	3
022111112212	0.559025	1
112212221002	0.879952	0
210222211121	1.765291	1
020201000040	0.552223	0
221021002201	1.177590	0
020010000020	2.827531	0
140420440401	1.039324	1
330022333000	0.085621	1
000012020122	0.742507	0
112212212101	21.765942	0
020010100000	0.472315	0
000200042003	1.912211	0
100020200011	0.652264	0
222010101000	0.320366	2
220012000001	0.867540	2
210002101022	1.229998	0
012120022212	0.193930	1
001201340021	0.785293	0
010222300001	0.755271	2
210022101003	0.923591	2
211011141020	0.723499	3
001001212101	0.823310	0
122033002333	160.293990	0
100012010001	0.798485	0
210002101002	7.114401	0
002101000000	0.687612	2
212010211102	0.657817	3
120100020003	0.360356	0
022000300220	1.428164	0
120210212202	0.506087	3
200001010101	1.545593	0
000000300211	0.347236	0
330100333040	0.048767	2
002201200000	7.771680	0
002021300022	0.826508	0
021120020010	15.710744	0
000201200140	3.870728	0
014040	0.670085	2
000000210210	2.047640	0
021102120140	16.638675	0
022111010102	0.817894	2
200200121020	22.652513	0
120012220000	2.716673	0
001001222000	0.611475	0
222002111000	0.759659	2
000102000140	0.082359	0
001120220021	0.632120	0
010021110202	0.866701	0
000102300040	0.447969	0
002100201000	0.758808	0
000120100001	0.540561	3
010110220100	0.566807	3
022212211110	2.895395	1
112021200111	0.723576	3
011020202022	0.858121	0
101122022211	0.741617	3
012001100000	0.526419	3
020120340002	67.129876	0
110102220120	0.796648	2
002010300212	2.324176	0
350420543411	1.005958	1
200210300111	0.613145	2
020102200040	2.010633	0
110221202000	9.598925	0
001001200202	0.642594	0
202211300122	1.477958	2
210000211101	0.784762	0
100012200001	1.095133	0
002001011000	0.734466	3
012000110040	0.800650	3
000011021102	0.710167	3
111220212010	1.624854	2
000210320200	0.999686	0
100200002002	0.749994	0
011000001200	0.841014	0
020102310122	0.897493	0
022001001202	2.602095	2
020221310200	21.907340	0
120000010140	31.769980	0
001212300111	0.702314	2
001100001002	0.834637	3
100101211240	0.718743	3
020100310040	0.727746	0
021001001200	0.327512	3
201001042102	0.769562	3
220020110211	0.804983	2
021201000220	0.564397	3
122010	46.871942	0
110102221022	0.764279	2
102100042000	0.491058	0
220100120140	0.385723	3
010200010012	1.420145	0
000201021201	0.819260	0
111200212220	0.828448	2
042400540411	0.710976	2
020000002210	0.786289	0
112010242020	0.739244	0
100101122200	0.751252	3
200000300040	0.050722	0
001101200240	0.532654	3
021100211200	1.007900	0
002033211333	0.492593	3
201020002023	144.877470	0
000000202043	0.510548	0
110020222111	0.779536	2
101220002211	0.770220	1
200110002212	0.845097	3
120233222333	0.682507	3
010012002022	1.121161	0
021011120222	0.560738	1
020000000203	0.699124	0
021110100040	0.799900	3
100000220002	0.845102	0
330020333211	0.759006	2
210000140003	0.524934	0
242410	0.525714	1
202010211020	0.839802	0
120220210102	1.010132	1
100101012200	0.627937	3
122002100003	20.701800	0
120200211100	0.679615	3
201211011022	1.861453	2
122010010000	147.741083	0
201112000021	1.243608	0
012220200000	2.876049	2
100212022102	0.668391	3
011002010020	0.851766	3
100010102011	0.565999	0
220102212100	0.854316	0
100000202200	0.916927	0
022120011012	0.754105	2
021200110003	0.566401	2
201000002022	20.413396	0
210012100222	1.152735	0
042410442411	3.615176	1
102020102012	0.584173	3
000033120333	0.130219	3
002120001210	0.766416	2
211010122021	0.754527	3
120000212002	1.146049	0
200200211010	5.633871	0
002102212203	9.047202	0
014041114144	0.226538	3
221201111001	0.473274	3
000201300120	18.705033	0
012011001022	0.600965	3
000200111100	2.807656	0
202122101211	0.702454	1
210110020220	0.765018	3
100202010102	0.690108	2
102010041010	106.728599	0
001120001212	0.807067	3
000121020000	1.540429	0
200101	0.116772	2
112210	25.963674	0
012000111000	0.729643	3
332001333012	0.470313	3
000202002120	1.503493	0
012000110003	1.182278	3
002100300221	0.840878	0
012012202210	0.817532	0
100220100000	3.376044	2
001100020240	0.795881	0
112102021010	0.805522	2
100211220102	0.551459	3
210000212200	1.138692	0
102122042011	0.180033	3
021002210010	0.859653	2
011120000120	0.596160	3
202211010122	1.825390	2
121000202200	0.793115	0
010021120240	0.828430	0
020000120240	1.399769	0
100221012000	2.513972	0
000101300212	0.604596	3
000221301122	0.806604	0
202010340021	0.682705	3
021022120100	0.744378	1
201012202121	2.296476	0
002012300202	3.064560	0
012010022221	0.692861	3
202110001012	0.599079	3
002001020200	1.501188	0
110112222101	0.724728	3
000100300021	0.130571	0
000110020240	1.025458	0
001000121000	0.472725	0
102212000100	38.196856	0
020120012000	0.920621	0
201002021001	0.981489	0
000000340022	0.369872	0
121200212003	0.481013	2
102033211333	1.646818	3
012202210102	0.804546	1
020120012010	4.816174	0
101201012222	0.727436	3
002000102013	0.581373	0
001011141022	0.569444	2
000020120001	4.033346	0
221220112112	3.084577	1
000120212100	0.839273	3
201110221222	0.807328	3
212000201220	5.221635	0
201210021222	2.306951	1
201200010102	1.060464	0
011222002121	0.719978	3
210122120200	1.144263	2
121012212121	1.786577	2
012210	16.468685	0
200001220200	1.050116	0
100022002000	0.665122	2
210012110202	0.796973	0
111201210000	0.728571	3
202011001102	0.818385	2
200100300020	0.815616	0
220221110000	0.673814	2
122201111212	0.769713	0
011210020040	0.793030	3
330000353021	0.148944	3
221201212000	0.842748	3
010112020122	0.579695	0
102211200012	2.414604	0
212000222120	0.715230	3
210202110141	0.813123	0
001000021040	0.681979	0
221110102022	0.745435	3
014040114144	0.167900	2
140400542411	0.743376	3
200200020020	8.308744	0
001002000122	0.511136	0
120000120240	1.990415	0
001020000012	0.604998	0
222200111020	0.359455	1
122121	27.215108	0
200002120003	0.678123	0
001000042210	1.080477	0
022011042012	0.763252	1
012021140002	0.844607	3
020200011003	0.403832	0
000000100120	2.789572	0
112000201022	0.797469	0
020200010000	0.113710	0
120210111002	0.738600	3
211002000020	3.235341	0
122033110333	403.310875	0
210001100201	0.812489	0
022011011012	0.600713	2
100120100001	0.567025	3
124042	8.406845	2
350420353401	0.578401	1
212222	0.307894	1
101200002010	0.325622	2
020000200203	0.625818	0
002101000211	0.787979	2
020001300002	2.216952	0
102100220000	0.777805	0
102100102222	0.836252	0
001201300122	0.735335	0
110210020100	0.687785	3
012112122120	0.806400	0
021120020201	2.349475	0
001101010202	0.735946	3
022000300200	11.149623	0
110001210201	0.544990	3
200000041012	0.741291	0
010011120142	0.669846	3
101020302010	0.801767	3
002000200200	3.902534	0
110021220001	0.659027	3
140410440411	0.129398	3
100000010122	0.778030	0
002010201020	2.472243	0
002122000201	0.704778	2
202001041021	0.740800	2
010200110001	5.466215	0
110200211112	0.630056	3
010222112101	0.780996	2
220012112001	2.304618	2
112011241012	0.521264	3
012002200101	0.761581	2
220000010203	0.851238	0
220011122022	0.829844	1
001002041012	0.587117	3
220011102102	0.561129	1
021000210000	0.136021	0
100100000040	0.030122	0
010000202200	1.791339	0
010110120240	0.630645	3
101120202220	0.857501	3
002200122101	0.881062	0
220210111200	0.633284	1
100100041012	0.871745	0
011020221011	0.822691	0
022010020003	1.062910	0
102202000120	0.775334	1
110210221000	0.729563	3
102033122333	689.819408	3
220001200040	0.850999	2
021002011200	1.943394	1
110002220222	0.875322	2
021002010203	0.780021	1
212012211020	4.226637	0
010211221112	1.145009	3
010000001023	11.946764	0
010000000020	0.569364	0
021201010220	0.352063	3
101120002112	0.726912	3
021101000000	0.266785	3
010102122200	0.670754	3
200001000140	0.436216	0
202010340020	0.542910	0
002000010102	0.466894	0
210000101100	0.697039	0
200001300040	0.804996	0
100001040012	0.563658	3
010200021000	4.047545	0
000212300001	1.390299	0
022201010222	0.947498	2
022101211202	1.131392	1
002220102000	0.795199	2
120100200140	198.899561	0
002022302211	0.493841	2
332001	0.505268	3
200011020202	0.856115	2
004041024044	8.195949	0
022020110010	0.796150	2
000100001010	0.547946	0
220122020201	0.420345	2
022000300001	6.193783	0
120120210010	2.397845	0
000211000122	0.213828	0
121020212200	1.409798	0
021122100121	8.422028	0
020000021003	0.260298	0
120102212203	656.737673	0
022110002010	2.098218	0
010021020101	0.765943	0
210102122121	0.812830	0
221200110202	0.818551	2
010001002240	0.831726	0
012102120203	1.171281	2
020200000140	0.724594	0
010020102000	0.791373	0
202110040112	0.576332	3
102102212200	0.797638	0
000120001210	0.721221	0
002000021000	2.786381	0
000021042012	97.355366	0
020100120000	0.769206	0
330211	10.712723	3
121121002200	13.567725	0
200100100023	0.872459	3
022110020212	3.501699	0
012210020000	40.099752	0
220012122001	0.796641	1
110211220142	0.599013	3
000001000210	0.183760	0
200002210003	1.207531	0
202001041011	0.754048	2
110200211122	0.249353	3
202200101100	2.336330	2
211001202010	0.555338	0
100020210010	0.813269	3
040433441433	0.017564	2
221102120000	2.874246	0
000120000022	0.066872	0
001002041022	0.753071	3
100120222010	0.830311	3
010002200240	0.648550	0
010001000020	0.254590	0
004140204044	0.038703	2
100010022112	0.599364	0
102033121333	37.469301	3
200022	1.247627	2
100100100201	0.315333	0
202011041010	0.529323	2
000200201020	14.517838	0
024140004144	0.588171	1
202100101003	0.657076	2
000200200023	1.633346	0
002102000001	2.314147	0
200101020241	0.561845	2
001000020100	2.897172	0
001022040020	0.545115	0
004041014044	0.063542	3
100011102022	0.795674	3
000000101011	0.449076	0
101102002100	0.702163	3
001220010023	183.164864	0
001020202112	5.606278	0
012122000101	0.625661	1
210101120220	0.814897	2
112012201100	1.803165	0
010002010002	0.636964	0
000000210043	0.846639	0
011000200001	0.849175	0
110211211002	0.770390	3
020120022000	2.316473	0
010000	1.558884	0
012102020212	1.010609	1
102000200021	1.775194	0
120022000000	0.981541	2
112233010333	659.851588	0
121210202020	0.804043	1
020033111333	0.609105	2
102020040012	0.656319	0
000021310202	0.614098	0
012202020120	0.855184	1
101000002212	0.712530	3
010220000010	2.552263	0
010100221101	0.711650	3
002010040212	1.075258	0
101020040010	0.174114	0
241412441421	0.895845	1
210121121222	1.320034	1
102220112010	3.517518	2
002102020210	3.602597	0
201210021022	0.969139	1
000201012200	72.211463	0
002220211011	1.144539	2
020033000353	0.071295	2
104140024045	0.382092	3
100002000100	0.542417	0
021000000010	0.262399	3
000012040001	0.129810	0
200000202103	0.279488	0
010011120100	0.812483	3
042412440400	0.457278	1
004041014245	0.319554	3
000220000220	7.678156	0
100001300200	0.436598	3
201210020020	0.562421	1
040410441421	1.555070	2
200012300101	16.365720	0
000022320221	0.221859	0
212010201112	0.610734	3
212000141103	0.747214	3
001021002010	23.350652	0
212012210111	0.893578	0
000033110353	0.190390	3
201220012210	8.378581	0
222200111010	0.469587	1
201012300121	0.861509	0
000102010200	1.534737	0
210120201020	1.820790	1
210012102000	4.044473	0
001010100020	0.130293	3
001001001100	0.724047	0
120001200200	2.712584	0
002220010111	1.570142	2
121200212202	0.467654	2
002010100022	21.039995	0
002000102212	1.422621	0
350410353402	0.045604	3
000201320201	0.548182	0
012002002120	2.666851	1
000011	0.253619	0
330211333012	3.820991	3
020102310200	0.887726	0
102211002122	14.594698	0
010202010112	0.800065	0
100000001202	0.763570	0
020000020021	3.070670	0
021220010212	0.782760	1
020033122333	0.635056	2
002001010140	0.823939	3
200000300002	0.312501	0
200000000102	3.782943	0
004140024045	0.088074	2
000021201010	23.631857	0
122020221013	8.469736	0
021200011210	0.617490	2
120120210200	5.450463	0
101001200000	0.779619	3
001020001003	7.856645	0
332220	5.467383	2
001010210021	0.823864	3
111010202021	0.661092	1
000021110001	0.582763	0
000102210200	4.600957	0
022120021012	1.324445	2
000101111201	0.844593	3
022021002010	0.888795	1
022021000201	10.849222	2
000000012021	1.183191	0
002020112111	0.769132	0
210212210101	20.127748	0
001200300111	0.813624	0
110210210100	0.657055	3
102000011003	3.214011	0
200011201112	0.443633	2
002021012212	0.155084	3
020020000100	19.252653	0
201211302222	2.667492	2
200200211020	12.931205	0
111200220000	0.809156	2
200000210200	9.169746	0
010220202003	1.405738	0
104140104044	0.126618	3
210012020101	6.667512	0
211033001333	0.721432	3
220100010043	0.790479	3
102122042021	0.663383	3
000201212201	0.788898	0
122102211011	1.519740	0
010002300200	0.353591	3
200210100240	1.538641	2
202100021010	0.803544	2
220221011200	1.480684	2
011220221011	0.800692	0
120011211112	0.738726	3
140411440422	0.525591	3
120002102020	0.801232	0
000112200241	4.107223	0
201000200003	0.278926	0
022120320010	1.355955	2
200012042012	0.778827	0
112202221020	0.835934	1
201212001111	0.702824	2
200101000200	0.211306	2
202120001011	0.706489	1
001001212000	0.750290	0
120012210000	1.891290	0
110020202000	0.426122	2
200101202200	0.665254	2
001100202020	0.764283	0
000101001010	0.690848	3
020002010010	6.383060	0
220033101333	0.024099	1
222110111121	0.825417	3
012020101012	0.820618	2
220033010353	0.418618	1
001200002020	2.302166	0
102020141000	0.673329	3
000210300022	0.469979	0
010110222022	0.739242	3
100211110102	0.615628	3
024053124345	0.945021	1
000010100043	0.498962	0
001100002000	0.438601	0
221101122220	0.299434	3
100120020003	0.677749	3
002010102011	2.947441	0
011020202012	0.856795	0
001021300121	0.773105	0
120020000010	1.797319	0
012012100202	1.603770	0
002100002002	0.847576	0
022121020210	0.751231	2
200012200000	1.306721	0
011010202020	0.654190	3
100200000120	1.031758	0
100120001210	0.790618	3
202010040112	0.858118	3
210002100021	4.201589	0
112022210011	0.758913	1
022020011201	0.841636	2
001000102001	2.472415	0
202200201221	1.593760	1
001212300121	0.509913	2
200102000200	9.915459	0
350402543400	0.063048	2
022212211211	0.824146	1
121201110000	0.283967	3
100020201012	0.757193	0
012200012012	0.725931	0
121010102023	0.703676	2
011000000002	0.413233	0
000020210010	1.461398	0
000200110040	0.533815	0
112112221120	2.834465	0
004040014044	0.055612	0
014140024244	0.025299	1
000200002023	33.618136	0
102010002002	80.132290	0
010001220201	0.590742	0
000011010000	0.593291	3
002212200111	1.125570	0
000001040022	0.771068	0
021010001021	0.284801	2
014240224244	3.391371	1
210233100353	131.403722	0
012000042003	0.524544	0
022211110002	2.022210	2
200012002001	19.404184	0
010102000200	0.641743	0
110010210240	0.763106	3
222012110010	0.832574	2
210112020001	5.600032	0
220200100003	0.215747	2
000112110201	0.779976	0
001220020002	4.112068	0
210100100201	0.796271	3
201102002111	9.694333	0
022000101000	3.641457	0
100121022202	0.791920	3
020120120021	2.828371	0
120201210210	0.843414	3
120210211122	0.849470	3
221102100100	4.176024	0
100112102202	0.812014	0
004040124244	1.674731	0
330112353122	0.869964	3
110000211202	0.188100	3
200000040001	0.092456	0
002200040000	0.597181	0
214040014044	0.691243	2
202211021112	0.823265	1
210000210102	0.844853	0
010000202021	0.670852	0
000011200000	0.477042	0
110021221012	0.756893	3
022101100200	0.918032	2
011001220002	0.803700	0
122021	9.307166	0
200200021212	1.179790	0
001002040001	0.403656	0
120210200000	0.141444	3
010020010000	0.540156	0
002002302200	1.637889	0
201021112212	3.189520	0
201000141003	0.894455	0
000020110120	1.149713	0
212021041010	0.633551	3
201000140000	2.591947	0
022001000201	5.163042	2
022000300210	1.811096	0
200000340011	0.421815	0
021022011211	0.765945	1
102002211010	2.060066	0
022110110010	0.829367	0
000012000112	0.488087	0
210012	8.327507	0
210002210043	0.720266	0
012002002100	5.738764	2
021120020020	45.753065	0
200210210000	0.718400	1
100011222122	0.845960	3
041400541410	0.793116	2
220121020200	3.647290	2
100210000100	0.169174	3
000211300102	0.613894	0
110010201102	0.690561	3
200200010043	0.907115	0
000200320222	0.777839	0
010110222100	0.885345	3
012001020200	0.642108	3
010100020210	0.763356	0
120220111201	0.958214	1
102202001003	0.509387	2
210012010000	6.330746	0
002220012212	0.875938	1
020200010221	5.038888	0
000012020111	1.111192	0
201002022100	9.474939	0
222110111200	0.752193	3
012011100022	0.852531	3
331000333212	0.616576	2
100102000120	0.740214	0
200012110101	3.978969	0
112002212200	0.980382	2
001210000120	0.840742	2
021000000201	0.556828	3
020101010222	0.667268	0
100210200200	0.506983	3
331201	0.949023	3
020201000002	0.803321	0
000012320001	0.885286	0
022120010011	0.976199	2
020000020243	14.886303	0
111022212211	0.633274	1
000020020222	0.840137	0
011120000021	0.844582	3
200210121002	0.789626	1
022221011210	1.064999	2
200111202212	0.822507	1
000000222003	0.091182	0
100110000200	0.565445	0
220001120102	0.888563	2
020010	2.971424	0
330000353200	0.082839	3
121012102021	0.630878	2
221001100020	0.660619	3
001120000211	0.688990	0
020133220333	0.356077	2
000122010221	0.430544	3
012001042022	0.764761	3
210122	2.739499	2
100211200142	0.294162	3
020102020201	48.770843	0
200202010102	0.736624	2
102000002010	86.725047	0
120211200122	0.695111	3
001210201020	0.764609	2
012101120201	0.579267	1
100022000121	0.718841	2
011100020100	0.523568	3
010102020143	0.615639	0
021121111212	1.630341	0
000000020012	3.614866	0
021200110220	0.881993	2
200221300100	23.791384	0
112112221012	50.746941	0
220021000211	0.804757	2
012202211101	0.804316	2
210202110040	0.851933	0
010001001010	0.758466	0
002000201002	2.211682	0
010212110141	0.672449	3
022020011211	0.886747	2
201122001011	2.260209	0
102102042111	16.089395	0
121221221110	0.574739	0
020100120043	0.351098	0
021201212212	0.798302	3
012000020200	3.796186	0
021101220241	0.744010	3
020200111000	0.465007	0
000000100021	4.197067	0
012012000211	1.168457	0
020020112100	0.804887	0
022012010001	28.128969	0
102122022111	0.480070	3
021020100022	2.003707	0
001000100043	0.393103	0
201011040022	0.350781	2
120200212001	0.601869	0
100100220201	0.337370	0
020200000002	0.744325	0
000110110142	0.832658	0
001011221022	0.863449	2
002020202112	0.959847	0
110202020040	0.621287	2
140410440402	0.157084	3
002000000102	2.216921	0
100010211000	0.674877	0
101022002021	0.608640	2
000112002011	4.731749	0
020102120102	6.107968	0
001000021003	0.420611	0
000021002001	3.555780	0
210001220140	0.761928	0
022201110201	1.305044	2
100212000110	0.728110	3
110220220020	1.204964	2
222100101010	0.576489	2
010022300221	0.442958	2
000211001112	0.491535	3
010010200000	0.363960	0
022002000000	4.665297	0
221012302020	0.598217	2
121012212020	1.354736	2
100220210100	0.708168	2
200001222000	0.433466	0
020211010212	0.163442	2
001000222220	0.864771	0
014140014044	0.567642	1
000001001220	1.131783	0
201211001120	0.385396	2
112202220120	1.142551	1
020100110100	0.382064	0
220001020240	0.579276	2
201212002020	0.777782	2
110100220040	0.076625	2
000200002040	0.584715	0
332211333122	2558.596416	0
200120002011	0.730462	1
111010	0.355358	1
200211022100	0.756939	1
001101200001	0.679877	3
012102021010	0.667320	2
002110300011	0.794689	0
112000212210	0.463042	3
001020202020	32.219425	0
000220001210	1.480325	0
120021202011	0.832357	0
220012000002	1.349491	2
021100122000	0.621440	0
020220010110	0.912525	2
010000000043	0.095962	0
210202121100	3.888040	0
002010101012	0.911996	0
022200110020	1.064918	2
101121022210	0.731585	3
200210100001	0.819988	2
112002201112	1.102332	1
012011041000	0.810408	3
100021002111	0.875819	3
212000000000	0.454650	0
022100100200	2.422687	0
211210002020	5.020139	0
102202000122	1.413303	1
102100200040	0.886850	0
102122001212	0.749401	3
020102110140	1.004669	0
212000001003	0.201107	0
210000101001	1.088147	0
022010221000	1.630719	0
332001333210	0.775963	3
011220200023	12.430453	0
014041214144	0.420252	3
000010020101	1.313644	0
021100100202	1.048693	0
012211221212	1.351115	0
010000100023	1.150502	0
042421440402	29.979651	1
010002020102	0.656189	0
220000110140	0.659450	0
201021101000	10.338679	0
121210212210	0.748258	1
001001110040	0.935490	0
100120001001	0.341063	3
211002101020	2.905837	0
331102333100	0.841137	1
210200200020	29.689313	0
000110040102	0.701089	0
112001201003	0.455940	3
001122000201	0.267628	0
020002010201	1.459907	0
000201020212	0.940682	0
210210100240	1.496353	0
011000010240	0.848060	3
330202353112	0.745913	2
210202110003	0.809371	0
000212010120	0.791112	0
001020112020	0.815117	0
100012000112	0.620694	0
100000100140	0.599981	0
022000011220	2.740916	0
042401440403	0.857084	1
012202010020	0.979312	1
000102220203	89.920695	0
210001000200	0.293395	0
200122000221	0.460626	1
011002200003	0.838005	3
200010200003	0.624793	3
000002210041	1.820803	0
110212201122	0.682425	3
010021022000	0.833469	0
201000002122	28.562169	0
010020000022	0.777459	0
021002010200	1.411557	1
120200210211	0.500898	3
210010102003	0.821531	3
120001010040	27.875823	0
012011000022	0.450100	3
110220221200	0.988327	1
112000212211	0.876624	3
100002012012	1.208927	0
001101200000	0.700665	3
214041	0.415693	3
101012002001	0.763396	2
210022200001	0.736022	2
201201000102	1.233103	0
020100120202	2.460576	0
000120001012	0.749577	0
012021000011	0.122625	3
201201002010	1.152923	0
212110221201	0.842213	3
140420440422	30.458500	1
100100000140	0.087790	0
010033010333	1.969292	3
120100200040	129.368268	0
012021112212	0.444654	3
000100000010	0.267858	0
220100010140	0.739201	3
102001102020	0.746888	3
211210002021	13.211299	0
001010021022	0.800986	3
201221011220	6.763376	0
212000100000	0.436003	0
200001000040	0.352045	0
112002002023	0.821190	1
201033101333	0.426056	2
000200200010	2.299685	0
202211211012	1.074720	1
000010320000	0.499598	0
040410542411	0.835414	2
100000140011	0.762206	0
100101220201	0.368067	3
022000000200	2.834908	0
002110001012	0.680950	0
102100221000	0.801810	0
001010340001	0.470079	3
001201300022	0.808820	0
210220	17.501086	0
000101002240	0.681853	0
000111020202	0.417814	2
102020000000	0.711666	0
021001100101	0.646908	3
001122000200	0.489434	0
002011211012	0.680263	3
210022101211	1.377547	2
022101210200	0.776681	1
000000302000	1.234937	0
002122001201	0.723220	2
110220202100	1.802224	2
002010200020	1.756600	0
000200001110	0.592106	0
120010211021	0.680221	0
330202333002	0.406940	2
020021300000	27.515255	0
332200333020	2.132177	0
101120202012	0.708291	3
212202001110	1.012674	2
022010122012	1.481290	0
100012102000	0.657698	0
220100021000	0.410464	0
010001210211	0.679324	0
014040114044	0.023949	2
220000122010	0.270240	0
014040104044	0.022025	2
010200010040	0.561834	0
201201011240	6.195578	0
201122001010	0.685866	0
122201110212	1.152684	0
221001102121	0.710963	3
021000001020	0.658512	0
011033220333	0.759897	3
200000001013	0.497267	0
222020	0.323409	1
114240	7.393571	2
011020210020	1.137874	0
042411440422	3.435990	1
000211300111	0.564438	3
002020300010	0.075970	0
200112000201	18.327990	0
100022002020	0.804697	2
202210201220	1.007381	1
000222010100	0.573111	2
020100210003	0.228038	0
001001002022	0.175986	0
202110001220	0.743735	3
201102	14.304631	0
212011121112	0.763400	3
200100221100	0.708759	3
112011201122	0.791233	3
020120012100	0.932445	0
121200212000	0.088015	2
022101210201	0.802918	1
200002000043	0.767811	0
001000121003	0.640124	0
000100000021	0.644484	0
000201110102	11.923289	0
100200002120	1.204881	0
120000000200	37.383763	0
110112222001	1.186931	3
102220102010	1.310361	2
002002020212	5.171756	0
210200202000	8.555897	0
000100	1.310994	0
020220211102	0.778511	1
120220010001	0.773171	2
201012202021	0.510593	0
222100111120	0.698239	2
000211020002	0.591243	0
022002100000	0.511287	0
100010002212	0.663999	0
001110202021	0.748223	3
221012302021	0.874631	2
210121120212	0.965975	2
000100041002	0.804419	0
000001001221	0.758798	0
101121212220	0.819917	3
000022100121	0.770064	0
220010110010	0.795398	2
201211101120	0.664785	2
012202021110	1.057206	2
221001101201	0.911396	3
012100120200	0.730736	2
121220211110	0.817888	2
110100220041	0.564339	2
020000020043	2.078061	0
000210000011	0.423050	3
120222	0.292088	1
002112000000	5.853299	0
012220000211	1.061527	1
110012200101	0.619026	3
110212010141	0.698244	3
020200110221	1.080646	0
200011020212	0.559391	2
010201010040	23.515366	0
100212020222	0.729973	3
010102000100	0.537767	0
000010110100	0.718505	0
002002010012	2.383390	0
122111010202	12.992097	0
000121300210	0.741090	3
221201110001	0.364909	3
110112210141	0.633417	3
120120212110	1.109601	0
000221300122	10.951001	0
020100112001	0.794161	0
100000012002	0.702206	0
000102300200	0.060985	0
020000120243	49.078781	0
011220201000	0.784035	0
102211200122	8.460127	0
122121012211	1.300499	0
010102220141	0.869245	0
001021000112	1.642916	0
101122122211	0.847296	3
110002010200	0.729409	2
220033141333	0.121489	1
041402441420	0.467208	1
001201010102	0.937305	0
210020200011	1.434274	0
120233010333	0.178522	3
120200011000	0.770091	3
210200201003	1.173495	0
102010210000	0.795992	0
022021201112	0.770064	1
101000020003	0.876664	3
021100012000	0.315715	0
100020222011	0.784973	0
000021002200	5.367899	0
112200211000	4.272147	0
210122020021	0.708914	1
330200333012	0.353136	3
022212000122	19.867633	2
000201010201	35.252263	0
352420353401	0.758860	1
002002011110	2.108406	0
201020002020	27.869887	0
021200212000	0.335725	2
200110020102	0.710763	3
240420440411	0.791316	1
001021001010	62.578442	0
200000012200	12.710623	0
220102212103	0.704130	0
021110121122	0.899922	3
010102120143	0.568521	3
121002122010	0.823862	1
220201010000	0.578541	2
210210202000	2.215772	0
110012220020	0.875285	3
112001200020	0.691951	3
120101212200	2.123080	0
002021001012	0.460007	0
211102120100	14.532331	0
001102122200	18.286534	3
010220010010	2.244059	0
000102040110	5.918740	0
100102200240	0.246454	0
220020111211	0.562818	2
010110020000	0.313385	3
001202112000	0.810183	2
022211010002	0.687906	2
102120022100	0.766312	3
010102000201	0.838333	0
211000102010	0.441863	0
202001042000	0.209659	2
001200001020	1.038976	0
000000202210	1.007507	0
200211122202	1.005659	1
200221001112	1.879283	0
101002222000	0.753785	2
142410442401	132.333113	0
140410542411	0.611092	3
040412440411	0.496720	2
022111011210	0.868498	2
040400442420	1.143282	0
000002100041	2.672901	0
330021333022	0.012159	3
110000001020	0.811827	3
100000210140	0.187577	0
210001101000	0.449919	0
330010353010	0.954325	3
202200221001	0.771088	1
002000041021	0.519603	0
200002300100	0.732518	0
000000210022	1.057411	0
010210100140	0.827575	3
021102000100	10.063574	0
201220200020	10.239899	0
001020000043	33.584608	0
012021100002	0.766991	3
022000010001	7.104940	0
000110020202	0.454987	0
010110221100	0.762767	3
212021041011	0.816309	3
000102000040	0.091556	0
100120202000	0.186374	3
121102122101	1.683057	0
220211110202	0.693335	1
002022011101	0.800047	2
002100221000	0.819609	0
022101020222	1.041932	2
022001211000	1.059833	1
121001212200	0.461807	3
022001000200	1.889282	2
012021220011	0.708892	3
000002011040	2.189717	0
210002120243	0.847650	0
000011021002	0.812846	3
210000000201	16.398608	0
000002010043	1.084395	0
000110002000	0.446786	0
122000111220	0.668639	0
100012020000	0.735163	0
100012201001	0.730477	0
001120200100	0.701083	0
011220110023	1.162878	0
000010020202	0.280614	0
021120020021	39.389435	0
220000120023	0.247731	0
201002200000	11.124980	0
012001101000	0.574099	3
001220000100	2.513889	0
200200021010	2.803522	0
220012000101	1.035796	2
222010100000	0.548459	2
004140114044	0.217023	2
022102120200	1.558419	0
100110002022	0.798281	0
120012210001	8.514122	0
222010101003	0.742927	2
002011112212	0.698735	3
330022333100	0.217644	1
022012000001	41.030886	0
020010001020	3.754847	0
211000212003	0.252357	0
020021300211	148.362634	0
220033110353	0.218999	1
210222210121	0.969866	1
101022040001	0.735909	2
102020041000	0.543779	0
102000040002	6.605315	0
200002100210	0.952327	0
120200221003	0.727220	3
100000211001	1.182722	0
021120021010	3.848975	0
100211010102	0.449552	3
002021000022	0.511637	0
202200001202	0.699997	2
101122122221	0.619896	3
010000040100	0.653502	0
200210220100	1.805394	1
212000021003	2.318705	0
000000000211	0.272429	0
200210210002	0.756482	1
001100002001	0.843104	3
221122110121	0.879022	0
210233210333	183.763551	0
020021110000	2.448165	0
001021000020	17.649984	0
002102000012	10.217577	0
011010202021	0.685036	3
220102120203	43.128946	0
002102002100	3.271047	0
000012001122	1.081358	0
200112	14.239469	0
222000101221	0.680772	2
210002100002	14.450148	0
012021000212	0.193521	3
000100000201	0.107629	0
120200210203	0.625105	0
021021010222	0.808006	0
004041204244	0.659683	0
330010333201	0.293904	3
200012020001	7.944150	0
010000000021	1.507241	0
200200222002	0.906525	0
010020200101	0.835350	0
350402543401	0.623440	2
120200001003	0.827141	3
351420543420	1.306788	1
112222211112	0.617126	1
334242	0.759608	1
021201100210	0.753737	3
100210010240	0.592197	3
010102221100	0.515102	3
100102221002	0.736091	0
024053224353	1.413450	1
000012002202	0.573410	0
011200100003	0.589627	0
102100200020	0.727735	0
330202333022	0.826465	2
001201022110	0.861842	0
204140014044	0.644409	1
014140124244	0.011318	1
001001020101	0.671304	3
020221000021	2.675403	0
020111100202	0.799567	2
000200002021	14.419648	0
200200011003	6.975626	0
010033212333	1.780916	3
120011220022	0.798104	3
000210040002	0.746357	0
000001300041	0.466992	0
211210000220	2.499267	0
202010041011	0.230016	3
021010101021	0.878822	2
210000220002	1.766048	0
000202010121	0.757585	0
210020002010	2.789655	0
012002042000	4.594362	2
010210011000	1.604660	3
014041204045	0.491847	3
000201320200	0.981605	0
012002002121	0.808833	1
112002201000	0.317420	2
100122010101	0.519161	3
101001102220	0.743816	3
220010122010	0.771624	2
012001200002	0.375006	3
201000220040	0.856435	0
222100101003	0.543095	2
001201300111	0.787998	0
021020001001	7.759687	0
102000201200	1.570384	0
022200010210	0.476081	2
220121112212	1.038040	1
021120110120	2.160977	0
100020002022	0.753187	0
201020012023	19.964082	0
120000000011	0.325206	0
102220010010	2.059372	2
210012000212	1.210097	0
201000102012	2.372000	0
010122220243	0.631030	2
212021001002	0.482939	3
210112120101	2.141323	0
201012101221	0.709208	0
001010001220	0.233546	3
000002021140	0.759581	0
002210222000	1.579089	0
012021042010	0.730995	3
200200111220	2.197295	0
221021101220	3.256647	0
000000020210	0.888082	0
020020101000	2.827505	0
210210000001	2.369324	0
002100010000	0.632029	0
200112002102	5.134193	0
012010001012	1.628899	0
020020300001	0.468935	0
100000300201	0.316508	0
000002101000	1.161334	0
001020112112	0.662534	0
011121200021	0.741713	3
200211201002	0.847756	1
010011020202	0.730976	3
201112001220	3.222176	0
210012020100	8.352809	0
002200210000	7.455624	0
022010011020	7.727008	0
002200211003	5.939733	0
200000001001	1.865324	0
021010222020	0.777319	2
001022040111	0.741892	0
001022340011	0.638273	3
000021102002	3.500557	0
000022102221	0.821364	0
200200112203	2.842046	0
112102121020	0.804734	1
020133022333	0.744822	2
000020200001	1.422857	0
022201211110	0.815995	1
110010000200	0.838408	3
014053104345	0.029083	3
100102110200	0.824498	0
000002220040	0.382075	0
100100101202	0.772411	0
210011202212	0.681938	3
012000200002	0.600378	0
100012040012	0.609623	0
100000101100	0.904796	0
011100020000	0.460935	3
000002002001	2.304144	0
200010200011	0.755417	3
332012	127.566021	0
330000333002	0.002259	3
000200320200	0.834927	0
011200220000	1.247352	0
100100042011	0.742530	0
111102222000	0.827883	1
201120202023	180.687113	0
220021100000	0.852627	2
210102221100	6.337907	0
112202210020	0.814859	1
100022200101	0.682284	2
020220110200	0.637873	1
110100022100	0.799276	2
220002100010	0.779079	2
110211210242	0.713540	3
110100210140	0.697155	2
020000000011	0.464263	0
001012040000	0.376190	0
100220220000	1.431075	2
331000353010	0.677709	2
020101110040	0.317861	0
000200302002	1.936878	0
001200202003	0.637888	0
120000110200	25.557049	0
014140024144	0.004536	1
210201022000	1.466556	0
330020353001	0.323793	2
000211001240	0.616714	3
021200212211	0.814393	2
041401540421	0.574345	3
201220111011	1.196225	0
000201112200	14.444096	0
000001200001	2.318642	0
011100221100	0.780496	3
210212202122	1.131776	0
004140004044	0.002640	2
200001001001	1.252153	0
210102222220	4.089962	0
200010040000	0.047585	0
102220212003	1.171250	2
000010300100	0.177157	0
100211000042	0.514891	3
120020101000	11.000952	0
011210010220	0.894293	3
100000340001	1.101902	0
042400440402	0.969314	1
102121042212	0.636545	3
012011210212	0.832941	3
330012333202	0.026228	3
200100000201	0.176387	3
200233112333	1.260973	2
102222	0.209914	1
022110010220	0.803524	0
350400543411	0.100710	3
012220002112	0.795627	1
112202211122	1.299818	1
211200112000	4.389991	0
022021000212	3.035040	2
121220110023	2.127769	2
010100120001	0.213977	3
012122340121	0.674461	1
022210000000	0.967274	2
112021241002	0.617531	3
001002102010	0.608473	3
011210212000	0.679567	3
202012000022	2.247593	0
102122012011	0.749951	3
000121300001	0.258586	3
002000002212	0.858354	0
020020122000	0.651351	0
221120100120	19.055805	0
011000000011	0.657225	0
200201201201	1.143759	0
020001011111	0.715032	3
110001202002	0.772733	3
100112200101	0.803117	0
022110320200	11.735282	0
001121001220	0.714527	3
024040104144	0.493354	1
001000110100	0.749780	0
210221100000	107.682248	0
101002102100	0.719341	2
000202220102	0.697026	0
010001020120	0.648161	0
010000202043	1.442205	0
012012000100	1.591933	0
100011002022	0.464069	3
010010201040	0.683778	3
202210010110	1.572186	2
200202000121	0.652409	2
200122001211	1.492911	2
212233100333	3537.212061	0
202200001100	2.633369	2
021221300200	186.886912	0
001101002001	0.716967	3
000001000211	0.231135	0
000211010102	0.400016	0
012012040021	29.422327	0
200000000023	0.394058	0
201201022100	4.321913	0
020100100043	0.445850	0
001120001211	0.774323	3
022012100012	4.369665	0
210021000001	0.643017	0
330201333120	13.727834	3
000022200011	0.629383	0
100010020122	1.127188	0
210210200100	4.427750	0
202011041011	0.654858	2
022010102010	9.030529	0
001020300121	0.682501	0
202100000000	0.581738	2
010120020202	0.645881	2
102120122020	0.813963	3
000010010001	1.115602	0
212000201212	0.855515	0
002202300102	0.912806	1
202201300200	0.799433	2
001000020101	0.785653	0
202012000111	2.050690	0
201200222010	0.802229	0
121010222023	0.894748	2
100120000001	0.143422	3
000110120000	0.591847	0
120120220011	1.199693	0
022001100002	0.810085	2
001100110100	0.700391	3
100010200220	0.781042	0
122002101000	7.897091	0
120200211212	0.754375	3
202002111000	0.757703	2
221002122100	1.212467	1
112202211111	0.511067	2
202210020110	0.835782	1
200010200000	0.241877	0
010002300102	0.739573	3
104240004044	1.707157	1
120010211120	0.736808	0
014041014044	0.103514	3
001020112023	7.753282	0
002000011001	1.244742	0
210001211100	0.597686	0
000001040001	0.360800	0
202012000011	2.653838	0
022011100202	1.841872	2
102100000140	0.866508	0
212000200100	0.726215	3
220012112000	0.796596	2
121201212202	0.372810	3
100100000041	0.938921	0
001012200000	0.804883	0
210210000202	2.052714	0
112021202010	0.417211	3
201122221220	0.798748	0
102210002110	17.379857	0
102101000202	0.778453	3
011200110000	0.601981	0
212012211021	0.713906	0
000200302040	1.108065	0
002000041200	1.332468	0
351420353400	0.375160	1
210112120220	1.150928	0
011020012012	0.748969	0
100200201010	0.724895	3
100012200012	0.851016	0
021101000001	0.800993	3
012002201003	0.873366	2
212000001000	0.050563	0
120001110200	1.251563	0
001001110202	0.829246	0
000212300000	0.754992	0
021020002020	36.059815	0
112001201100	0.679084	3
210202121000	12.015638	0
010000000143	0.773093	0
000100101010	0.791076	0
022200110120	0.814194	2
110100222202	0.553886	2
022021001010	1.574964	2
021010042020	0.831729	2
002200001003	2.440758	0
010010001002	0.764733	3
002200210203	0.891455	0
210001220040	0.642535	0
000211210212	1.041351	3
000021302001	1.502624	0
000100000120	0.286965	0
212012221012	3.135265	0
012010000003	0.735318	3
002120100010	0.698590	2
122210210221	1.567953	0
212012220000	0.966494	0
202110001201	0.745250	3
042411442410	1.070025	1
001011041022	0.079695	2
101210200020	0.730754	1
200022020001	0.846300	2
202000221121	0.764478	0
200022320101	0.800528	2
002020000100	1.085744	0
201211000120	0.286454	2
210100221240	0.933117	0
000001301220	0.798188	0
000022001121	0.646588	0
210102220203	61.515000	0
110022	0.122926	1
041410441410	0.531150	1
000222100101	0.411356	2
210122021203	0.856942	2
121012212120	1.977907	2
200220000100	3.856731	0
002102010211	0.931650	0
200220300000	0.854240	0
011120122020	0.849608	3
332210333002	68.011594	0
101122000211	0.500192	3
120120210022	0.685470	0
202033	0.519264	2
021000100020	0.789542	0
102102042011	10.146525	0
201000120003	0.754862	0
201020001121	5.043201	0
000010302022	1.494162	0
022001001220	1.811568	2
200021010022	0.837023	0
002000200002	1.714380	0
120100020201	6.673116	0
350410353421	0.055226	3
010101122211	0.659394	2
011122220200	0.741527	3
002020201000	0.467711	0
022121010111	1.132912	2
332002333221	0.562673	1
122111020200	97.776412	0
100122012101	0.844773	3
020020112000	1.284626	0
001000100040	0.406503	0
200002021000	1.068497	0
122221012010	1.589969	0
000200222200	0.762876	0
201011040122	0.717053	2
221201110220	0.574037	3
020200111003	0.692420	0
102000002013	0.948649	0
200200110110	1.262061	0
214041004044	0.857670	3
211120221000	28.641216	0
201020102023	282.503311	0
100000000041	0.772867	0
014040204144	0.522734	2
200102000222	0.815741	0
000201201100	0.846001	0
042400441413	7.643143	1
001112040122	1.909507	0
202112221120	0.687565	0
010000000012	0.841384	0
002211020202	23.729671	0
332001353001	0.317030	3
210000220040	0.694892	0
020000102043	1.010579	0
221002102120	0.978326	2
022020110110	0.751204	2
010100222202	0.825804	0
002033200353	0.692913	3
020000010020	4.852022	0
202010000001	0.779757	3
022201212200	2.574725	1
200221000100	76.381014	0
111002002000	0.341657	1
122001000012	7.665964	0
220010300020	0.755306	2
000133020333	0.625006	2
201010041020	0.062174	0
002020101210	0.878572	0
220201111000	0.777234	2
010001010201	0.616043	0
200200121220	4.870502	0
330010333221	0.085288	3
122000101010	8.540279	0
000200320010	0.765069	0
020201210200	0.166978	0
010100020022	0.558651	0
000102220201	1.679105	0
120000000021	2.965159	0
022201010020	0.896943	2
022102210200	57.254007	0
200202011100	0.973584	2
010112120220	0.835241	3
100102000020	1.149965	0
000000020220	2.033503	0
210000110020	1.079597	0
000000102140	0.852860	0
100022002201	0.853041	2
101020000023	0.845508	0
110012200000	0.485778	3
002002021201	6.422172	0
002001340002	5.809246	0
011010000222	1.095958	3
012000011000	0.628655	3
022000022023	0.787990	0
220210	0.128332	1
100000121001	0.664428	0
221201110241	0.672919	3
120020000211	1.115528	0
000000000222	0.075082	0
022111020200	1.162550	2
021010212020	0.646714	2
010102221040	0.741108	3
020000020240	1.215223	0
010102220040	0.338337	0
201022300211	0.908437	0
201212101121	0.411313	2
001210001120	0.822788	2
022121110212	0.670566	2
331020333210	0.868660	2
022001300201	1.315554	2
010122020221	0.540728	2
012021220110	0.909975	3
210000220010	0.522620	0
224241014044	0.721292	1
121222200111	0.738513	1
012010001021	1.059103	3
202112001211	10.971040	0
000201000241	119.666309	0
201121000221	5.516813	0
222012111012	1.132083	2
201000141000	1.475394	0
221121111000	18.437281	0
012021001002	0.400554	3
220210010000	0.655469	1
010020010100	0.962278	0
001010340220	0.736298	3
001022340022	0.735091	3
200210210100	1.230464	1
010200120200	1.799001	0
011001020102	0.270140	3
002100000140	0.880460	0
110012212002	0.738248	3
202001002020	0.790814	2
000000221011	0.997757	0
021120020120	25.945527	0
220102110203	99.573358	0
002102000022	3.702853	0
142401440400	24.093284	0
201001002022	0.524997	0
332012333022	199.335861	0
350401543422	2.598986	3
200000040011	0.078210	0
200012021201	11.153117	0
000011002012	0.085004	3
202020211000	0.715625	2
221121121201	14.648156	0
332011333202	25.630052	3
220200101003	0.397788	2
220200100000	0.554856	2
200012302001	6.820369	0
012021200102	0.867340	3
102100042001	0.641344	0
001022041020	0.673007	3
002011101112	0.766029	3
330202333012	0.243567	2
041400540412	0.497812	2
200210000202	0.586508	2
002010001211	1.462398	0
022011000211	7.828239	2
010221000022	43.184354	0
000001140012	0.776544	0
101001002220	0.558243	3
210000210002	0.933117	0
220020100003	0.823190	2
001120100000	0.888334	3
221102100000	11.453032	0
000200002011	4.450483	0
112202210120	0.980244	1
020000042020	0.832120	0
012000200023	1.491976	0
000210001120	0.833035	3
020000010112	1.448125	0
111220212212	2.402186	1
210200120020	45.986099	0
121021002002	29.500610	0
024040214044	10.086842	1
112102222023	0.815455	1
021020110020	6.878828	0
220212112112	0.622266	1
201002302000	36.645931	0
022212000111	4.165002	2
120000020040	12.702709	0
102122002111	0.110924	3
100200200020	1.297116	0
002200202020	3.824922	0
222112021112	7.935905	0
200110300021	0.500536	3
200201000120	2.525783	0
112220212212	4.735006	1
120022110001	0.789497	2
010220212200	0.831938	0
012020022010	0.699897	2
020210212221	0.875856	2
221001	0.085101	3
220112100001	0.893533	0
200121010212	0.556502	2
000000212100	0.816139	0
004040314044	0.042054	0
022111012212	1.180093	1
000200110140	0.796887	0
002022012211	0.709654	2
020002010222	0.988758	0
000020010110	0.765280	0
021200212220	0.773756	2
000110201002	0.826390	0
021021300022	17.394505	0
000110010202	0.529628	0
100000012040	0.837879	0
102111040112	0.666221	3
020010100020	1.106310	0
010000001022	0.930794	0
330022333001	0.007442	1
042400440423	5.929005	1
211102121040	74.838135	0
120012210100	1.164557	0
211011141021	0.804890	3
022001221000	0.714598	1
220000111011	1.206238	0
000010222012	0.548979	0
022101020212	5.557230	2
121002202202	1.519216	1
000011200202	0.725497	0
011211020102	0.450277	3
112202211103	1.014224	2
010202210040	0.718165	0
002100302002	0.830687	0
021001012000	0.290466	3
001021000121	2.581034	0
122000100020	22.183903	0
120100120003	0.275782	0
120020000110	1.148880	0
000010100040	0.604025	0
201002021200	4.172278	0
000100020241	7.095415	0
000201200141	1.374978	0
221000212002	0.715555	0
200000001100	0.431559	0
001010022021	0.780981	3
012001201001	0.837406	3
021201012040	0.631558	3
210012100020	12.261778	0
100000211000	0.279700	0
001002020010	0.799427	0
142411440412	28.387722	0
010010000021	0.426980	3
101100002010	0.642237	3
200011201012	0.789184	2
100121002221	0.769083	3
112102222200	1.223826	2
001200300011	0.828742	0
002002320112	4.848723	0
020020001003	11.189764	0
110210210000	0.426967	3
020020000000	1.713843	0
210210000100	3.528407	0
001200000111	0.810710	0
200111100002	0.735802	1
220201001220	0.719653	2
010201020040	82.488173	0
001201210200	0.860643	0
002000000121	1.052758	0
020200110211	0.787642	0
212012101112	8.334623	0
222012011012	2.490585	2
202211020022	1.426088	1
002120112110	0.835400	2
022120020010	0.976813	2
110021212000	0.806666	3
000102000002	0.855635	0
020000001002	4.394965	0
122000211003	5.742740	0
010200122000	19.087849	0
220000010200	0.678313	0
124253	10.309118	0
220100010040	0.766160	0
000001201012	0.928048	0
100200040010	0.815198	3
200110220200	0.799351	3
000002200000	1.297168	0
221221110201	3.040744	0
001021202012	2.046944	0
010201000022	5.994035	0
200211101102	0.817236	2
210001140010	0.870069	0
201020002010	18.491253	0
012002002020	0.289368	1
212033000333	0.182151	3
000222012101	0.777574	2
000201020201	4.503556	0
100211222212	0.692418	3
120012212201	3.278553	0
012010000011	0.662053	3
110210211102	0.741063	3
000122302221	0.861924	3
102212200101	287.666973	0
000122110211	0.775949	3
022120021112	1.012706	2
000102001100	0.888959	0
200000041021	0.205206	0
112202021120	1.791008	1
200000022200	0.792836	0
101000102011	0.263737	3
110100220101	0.612973	2
110012002001	0.775765	3
000233222333	0.567858	3
211012000021	6.385212	0
000000220021	1.334456	0
021200010210	0.800219	2
000021202102	1.459017	0
202101011221	0.801158	1
122020221010	24.759189	0
021020100001	1.045970	0
120000010002	20.051742	0
121002122020	0.805923	1
024140004245	0.911636	1
000212020212	1.051591	3
000212001141	0.565562	3
000022020221	0.220744	0
202210001122	1.050289	2
220100011000	0.788504	0
100001002000	0.209371	0
022000022003	4.456509	0
200010141000	1.027403	0
000010021040	0.762758	0
221002101011	0.800670	2
101120042012	0.513137	3
000002001202	0.306404	0
020200012201	0.724191	0
121220212200	0.790839	1
221001102111	0.805153	3
000012041001	0.296146	0
100001211000	0.789305	3
010011020102	0.395264	3
020120210000	10.751870	0
020002010102	0.870285	0
010112120243	1.490158	3
020101210140	0.875285	0
002002021010	2.127521	0
001010100120	0.833906	3
201012000121	1.069527	0
001001002012	0.336404	0
200100300200	0.456924	0
020201010140	0.225074	0
000201120102	8.268400	0
002002011003	0.869948	0
210211210202	19.770055	0
101022102011	0.816750	2
102211000122	19.723048	0
012101020200	0.414265	1
112012200100	4.483483	0
004240104144	1.235531	1
000120200202	0.820114	0
000200320201	1.302861	0
200200222020	2.958621	0
000001100101	0.621560	0
011202220000	0.820501	3
010010042020	0.627844	0
010011221002	0.803893	3
022120320012	1.177371	2
200012302221	0.785761	0
211000212010	0.680717	0
121012222021	0.675039	1
120020120043	3.272129	0
102220112013	2.575409	2
122020122011	7.110961	0
202012001021	3.114830	0
021020002112	16.030321	0
010220000110	5.004698	0
020000010043	0.496217	0
010022010000	0.684006	2
002002220110	1.209150	0
020000102020	1.702350	0
120000202010	0.282092	0
020033110333	0.329078	2
200000201220	0.871479	0
022020002110	0.714029	1
220001000002	0.815832	2
101001102001	0.415944	3
202211121012	0.657469	1
012202021120	1.041297	1
010020002100	0.776041	0
004140204144	0.193297	2
022011002112	0.717543	1
210021101001	21.529390	0
000100202200	0.987652	0
022011000000	0.843841	2
210002000222	0.796620	0
210220210100	2.764558	0
100112201102	0.707493	0
102102020200	2.142713	0
001002040022	0.722353	0
140420440412	1.300962	1
000120001022	1.219181	0
002000002200	1.833016	0
100222020221	0.609936	1
000201110140	26.812760	0
101102002000	0.581250	3
004041014144	0.108418	3
012021122212	0.477222	3
001000020000	0.284207	0
042411542412	2.671238	1
330010333020	0.052207	3
000010010100	0.413738	0
120120022010	1.387427	0
220020100011	0.707609	2
000200200020	6.461381	0
001202000101	0.317004	2
010121120000	0.707043	2
041420441403	0.603445	1
330012333142	0.229544	3
024140004044	0.650530	1
022000221000	5.097700	0
100210112000	0.803887	3
110010002011	0.888357	3
101002102001	0.729338	2
101121202200	0.733519	3
110220211120	0.467737	2
112000221003	0.731067	0
001012102022	0.864203	3
122200111000	1.228556	0
002010200010	1.697536	0
021001010010	0.558299	3
011200010202	0.684048	0
000000221003	0.125475	0
100000012003	0.464186	0
202002121101	0.767041	2
022110320212	4.266010	0
332212333100	103.173109	0
110022212001	0.652421	1
001020300021	0.457965	0
210210100000	1.304591	0
212011211112	0.514365	3
012022000201	0.741335	1
221012002121	0.608409	2
022000111210	2.439652	0
020100010210	1.525646	0
352410543421	4637.942215	0
000000110043	0.237321	0
010002010001	0.645466	0
211002211200	41.923981	0
100210010042	0.669939	3
120020202011	0.916729	0
210110000221	0.825313	3
000000002020	4.426656	0
012102020211	1.085886	2
102000200022	2.242353	0
210011000022	0.447075	3
000002100110	0.519141	0
002001040011	0.557671	0
222012101021	1.075653	2
000220320200	1.100882	0
120000210201	2.047954	0
220000300201	1.103738	0
000000020222	0.448269	0
012010222010	0.792318	0
000201202200	1.614471	0
210011202202	0.742880	3
102020201020	0.735396	0
101002102010	0.253586	2
200220300111	1.062460	0
122022012111	2.017675	2
121110222021	0.781214	3
021010300020	0.702976	2
010211	3.443816	0
002022021011	0.859187	2
210010122022	0.780862	0
014040224144	0.777117	2
002010222220	0.847670	0
000033210353	0.212357	3
202020121010	0.751291	2
210000200040	0.136147	0
010220220003	7.851985	0
222100111003	0.646938	2
000011041010	0.795993	3
221002102100	1.526699	2
010220221000	6.650889	0
212002001100	1.494682	2
221001101000	0.109718	3
221021100002	6.755586	0
220211122212	0.567609	1
100021002001	1.211094	0
002010200022	4.299471	0
331000333000	0.008887	2
022200211010	1.013841	1
010100020002	0.153997	0
022211011102	1.949528	2
201000102002	1.891105	0
001121102210	0.854579	3
210012000202	1.675388	0
001002000111	0.666725	0
120000000001	4.985284	0
020221012212	1.612440	0
002021300110	0.720545	3
022233110333	0.642249	2
000010120010	0.681375	0
332101	0.942447	1
002220000100	0.834509	2
012002000200	1.114370	2
004142304244	0.512676	2
120120222000	1.976946	0
200210302100	1.702343	2
201210302022	2.261212	2
022020111211	0.621642	2
332011333222	190.029517	3
002221001112	9.295044	0
100012040020	0.731197	0
100112212220	0.780867	0
021201100200	0.617718	3
110000220140	0.402678	3
000122300111	0.292459	3
202000140000	0.778718	0
220112110100	1.015419	0
110200211121	0.662442	3
221000110000	0.194691	0
021120220100	0.671618	0
200210020202	0.589234	1
002201000110	3.182485	0
002202001102	3.520089	1
210021100122	0.866890	0
012021000210	0.291931	3
000102200041	1.117906	0
010020202000	0.826685	0
021100020001	1.041013	3
200100200023	0.797431	3
121002002001	0.823018	2
022012000011	1.822141	0
120001210101	9.905231	3
010122000221	0.700491	2
201021042022	29.686476	0
112220	2.524525	2
002002300020	4.100442	0
004140104044	0.111573	2
222010100010	0.747194	2
002002000120	6.486221	0
101100022122	0.779667	3
022100000100	3.997792	0
011021200112	0.778774	0
200100220003	0.611676	3
000120000021	0.459795	0
012021001022	0.573948	3
140420441411	0.636964	1
110000212002	0.399925	3
120011002122	0.792641	3
001100012001	0.851506	3
330001333002	0.024579	3
000220002201	4.857978	0
021120000120	9.179256	0
000000201011	0.648379	0
222102121100	1.153369	2
211010201000	0.762271	0
022211110210	0.922882	2
202211000110	0.876191	2
001102020100	0.417883	0
212010201002	0.978295	0
210100020002	0.823726	0
121201100200	0.745705	3
210210000222	2.978086	0
014042014244	0.155305	1
121021112200	5.203486	0
020110010102	0.534743	0
101000000022	0.666870	0
012212021112	1.243861	0
001221300002	4.487866	0
000002002041	1.620455	0
011211000002	0.863770	3
122033220353	404.692678	0
101020042220	0.600853	0
011200110020	0.862843	0
202120001012	0.503558	1
001001112000	0.655793	0
211210211122	1.663431	0
102000000020	8.470237	0
000022001211	0.503133	0
102012002011	8.008004	0
351420353420	2.522273	1
210112120200	4.605297	0
221220102120	2.199738	2
200012100000	1.509912	0
024053224345	1.920100	1
120000000023	5.454048	0
002102000222	6.023790	0
012102010100	0.805413	2
020120020220	144.920720	0
202012000101	15.330680	0
000021040211	0.782906	0
002000242003	0.796665	0
002021211212	0.454525	3
002010102012	2.698236	0
021221011202	4.699504	0
120211220100	0.716504	3
010002002200	6.733817	0
000010340020	0.175671	0
211002101003	68.697482	0
022110320210	3.139752	0
120120200011	3.247833	0
210010202010	0.830634	0
121201210000	0.255086	3
002010102212	2.534102	0
024140014144	0.456175	1
211210210020	9.796763	0
020100020010	11.903152	0
010002020002	0.599892	0
210000201013	0.679568	0
012202010003	0.615552	2
042401440420	2.612951	1
022000011203	15.953202	0
000001040021	0.517932	0
102102002110	1.831087	0
010120220100	0.604467	2
112000211010	0.871930	3
210202110020	0.864713	0
201210012220	2.013169	2
002000040012	1.146941	0
000000211011	0.791952	0
100010202022	0.755464	0
100000112010	0.609570	0
200120001211	0.675092	2
221100102023	0.783114	3
010200010021	2.816722	0
002202011100	2.101401	2
000022022111	0.796761	0
120101200201	24.282119	3
102010002001	45.065526	0
021110020201	0.736352	3
010010221002	0.732373	3
022120112010	0.421550	1
021000100000	0.105002	0
000120300101	0.427641	3
201000100003	0.259232	0
000010302002	6.820280	0
210121020000	0.804576	2
201002101040	268.416542	0
121000002011	0.754721	3
100220002100	4.441996	2
210100220240	0.633398	0
222222	0.959943	1
350410353401	0.056978	3
220000122200	0.330947	0
020021310001	0.375530	0
110120220100	0.572714	1
020021010101	0.629235	0
012200001012	1.125665	0
201000002011	3.554370	0
111010202022	0.599259	1
332002333201	0.863033	2
000001020222	0.679492	0
000022200001	0.905560	0
202221011112	3.045964	2
121000002101	0.885514	3
112010221200	0.780770	0
200000100102	2.873269	0
021022020120	0.805754	1
002012110112	1.848536	0
212012201012	35.184749	0
000100111140	0.701223	0
221001102110	0.713859	3
110211	0.799365	3
022010110010	1.141654	0
000020100000	3.609591	0
122201010000	10.636727	0
200022000001	0.548996	2
012121120212	0.197906	1
201122002211	83.955446	0
222000110203	0.589094	2
010021040012	0.523714	0
220000101100	0.585717	0
000222120101	0.324046	2
022201000210	1.940699	2
011201010220	0.787580	0
002000201210	2.760489	0
024140024044	2.262037	1
102211000102	115.379856	0
002121010212	0.145525	2
120100220002	12.365780	0
000200000201	6.033007	0
101012302021	0.887018	2
212210211012	1.512243	0
012122320101	0.832032	1
210012002101	1.111612	0
100020121000	0.684501	3
000010300042	0.720454	0
200001020002	0.819693	0
010022000011	0.446436	2
120200212020	0.766530	0
120002200040	9.914688	0
330222333110	0.729395	1
210211110212	6.595470	0
000211020012	0.842325	3
221201212222	0.734227	3
210202120120	0.477756	0
210122121210	0.914640	2
002020011012	0.447516	0
000120202000	1.070734	0
001001201020	0.461561	3
000002302002	1.187033	0
020000122020	1.639022	0
020100010110	0.775398	0
010102120140	0.051999	3
000012320002	1.048056	0
020102010243	1.676945	0
010200000040	1.847672	0
102000001010	120.403578	0
222110121022	0.746987	3
201210022222	1.415440	1
001021001122	1.509395	0
202210001102	1.005946	2
020021020000	6.220510	0
201121	19.131939	0
010212020202	0.598932	0
100001020200	0.972405	0
020110020002	1.260610	0
330210333202	0.534199	3
000010210240	1.370955	0
010000211043	0.775708	0
332021353000	0.776241	3
000000340200	0.241315	0
012102022112	1.417976	1
201210000020	0.114523	2
201200212100	2.277755	0
112011202212	0.568973	3
002020010110	0.399671	0
012102021003	0.519763	2
000000020011	0.557898	0
001220202023	3.453361	0
100001200200	0.787364	0
022121211210	0.725241	1
020100211010	0.730857	0
201012020121	1.511453	0
202210000022	0.926798	2
001102001210	0.660706	3
012101220201	0.792847	1
331010	0.762636	1
012202221003	1.725627	2
010200012200	4.119097	0
022000201000	5.612976	0
020002300000	0.371631	0
221121120202	5.373027	0
121001102220	0.601384	3
100120012212	0.846538	3
212012200022	1.456404	0
001000340021	0.252769	0
000220002010	9.234626	0
110220211100	0.374179	2
211001000022	0.870481	0
120010100000	0.259379	0
101200002003	0.227129	2
210112020002	7.515919	0
102000202021	3.472748	0
020002110211	0.838036	0
010020001200	0.944674	0
211201	16.819461	0
000000201003	0.128981	0
001010222020	0.685237	0
012011222122	0.777748	3
211001202202	0.990516	0
201033222333	0.675947	2
200000040002	0.406270	0
202212011110	1.915059	2
120011110122	0.670816	3
101122002121	0.213594	3
212002221200	0.797194	2
020102000102	25.746325	0
041400441422	0.205334	2
011201	2.171928	0
001000210020	0.641819	0
221001102022	0.650973	3
121221202012	5.269318	0
110021202022	0.799864	3
022011000010	1.208296	2
001002040002	0.398498	0
102102000200	6.133172	0
012021000001	0.730652	3
021000200100	0.718528	0
211011142022	0.780290	3
102120002013	0.761839	3
022100110201	1.769228	0
012210210202	1.208882	0
102220222003	1.198557	2
100010041000	0.122459	0
210202210110	0.963684	0
200012340011	0.565692	0
201002100001	0.844893	0
001000012200	1.081081	0
101202122122	0.806803	1
200011021212	0.759497	2
010002002043	0.828394	0
100122022021	0.806311	3
110001221221	0.764430	3
012002000011	0.490412	2
000112000221	0.419019	0
022101010102	1.159542	2
001000300100	0.337250	0
020000022203	0.893584	0
110220212220	3.475429	1
120120002010	5.305096	0
024140324144	0.814947	1
000012000111	0.516499	0
021201211120	0.766770	3
200200001011	3.090747	0
000200201003	0.919891	0
200001010040	0.576230	0
110000000202	0.683220	0
001020102020	20.574489	0
211210102120	2.801691	0
012000220020	0.519533	0
000220110010	1.303120	0
350422543421	0.695348	1
212220001012	0.815981	1
201022302121	138.349574	0
021100222000	0.700922	0
112220211112	1.343064	1
104142	0.387953	3
002111200212	0.757568	2
000000002112	32.467160	0
000100200203	0.857489	0
000000302012	76.118983	0
000200210023	7.363144	0
111220211110	0.824027	2
011211000102	0.707114	3
210000201001	1.001544	0
010002110200	0.608682	3
002001001100	0.739755	3
022111300212	0.906284	2
000001201003	0.551512	0
002220020012	1.062682	1
010201221202	2.768321	0
100100201100	0.691144	0
201012021020	0.715185	0
002010201012	0.349405	0
102202000121	0.834718	1
122020220013	58.769159	0
102122001211	0.450350	3
112202212203	0.844670	2
002102100200	10.063608	0
000110220100	0.748103	0
210100110200	0.826161	0
120020212010	1.430977	0
210002000210	0.738914	0
021001200100	0.679092	3
100001042003	0.695381	3
211202210102	55.660925	0
000010021020	0.792086	0
200010101020	0.699911	0
120000000040	16.713082	0
002001000002	0.437330	0
200000010040	0.080222	0
141420440420	4.048472	1
200000140011	6.679194	0
200201000100	11.922609	0
021100120200	1.208135	0
221012100000	0.791807	2
100100000000	0.011140	0
102000000043	0.760264	0
102000112020	0.824045	0
200020202010	0.966437	0
020110020000	0.691270	0
012021002111	0.681490	3
330210333142	0.884813	3
200212111112	1.115674	2
100101011000	0.827002	3
000020120003	4.355860	0
020220110001	0.664335	2
120220211112	4.651216	1
001021222012	1.166364	0
002012300112	0.790075	0
011120222120	0.615186	3
200211101122	0.805036	2
002002001110	7.835209	0
210210021002	0.739640	0
102000102000	22.384567	0
000000241002	0.797011	0
002002301010	0.795869	0
000200100102	3.604623	0
022201112210	2.472571	1
002211000102	37.013729	0
121200111011	0.851482	2
201112002021	11.382507	0
120010200003	0.494363	0
210012020043	2.589523	0
201000001120	0.803372	0
022010300010	13.764515	0
001001102021	0.820393	0
202211001120	0.791816	2
112010221011	0.566172	3
110012022001	0.869957	3
200110020112	0.826063	3
110001212210	0.789565	3
000000200021	4.720000	0
201211301022	0.444742	2
121020202023	57.075682	0
202101011201	0.768367	1
112102221100	0.649506	2
120012010001	6.207329	0
200112100202	21.796968	0
000122300020	0.763648	3
000002001120	1.235822	0
021100021040	1.125332	0
110000210040	0.115908	3
100012041021	0.447112	0
000200300040	0.146075	0
000102002200	4.594637	0
022120022212	1.116811	1
010010000001	0.524861	3
201000100011	0.746015	0
100000020200	0.469581	0
330211333202	20.165006	3
201012102020	3.128723	0
011021200020	1.154406	0
120120212100	3.119313	0
200200211003	4.374497	0
140410440401	0.128712	3
201211022222	1.248936	1
210210020100	15.295597	0
212010101021	0.494831	3
001201210220	1.101389	0
120210220002	0.692391	3
012222120111	0.654709	1
102120042012	0.766383	3
100033120353	0.268919	3
102211210122	0.830998	0
022110000112	0.633227	0
000102020002	1.184677	0
100120042020	0.417114	3
022120000010	0.714297	2
000110000240	0.427961	0
110100120040	0.715408	2
000001200200	4.520287	0
122022022010	1.612136	1
021101010240	0.186529	3
120012211101	0.686191	0
021120000012	27.205719	0
212001001022	0.780134	3
120201	2.232626	0
000122001021	0.613173	0
002011120122	0.744862	3
200211101112	0.842190	2
202202010111	0.847512	2
221221110210	2.479199	0
121000202012	0.822745	3
012000101000	0.245360	0
102002040010	0.989075	0
101000000003	0.384747	3
020100210043	0.500716	0
020000000220	2.835078	0
102111002202	0.792405	3
100100010140	0.068647	0
020102211000	26.027928	0
220233012333	0.715716	1
110020202011	0.820493	2
000201221001	0.791512	0
210000210100	0.585974	0
221012100020	1.006542	2
010120120000	0.287839	2
021002002010	0.585952	2
012200000001	2.916532	0
110221	26.926584	0
202221101112	0.811462	2
100020340000	0.338442	3
011010102122	0.704157	3
010100121002	0.730173	3
112010221021	1.183288	3
000101110211	0.751018	3
022010300020	4.743319	0
332001333200	0.331631	3
100100110201	0.619036	0
002112001212	2.000689	0
000020000202	0.397058	0
012012000222	0.803816	0
000021200000	4.181208	0
200110300010	0.750982	3
002102000203	6.997194	0
200102002121	3.149045	0
000000000240	0.645890	0
120210221200	0.792469	3
112221221212	3.362736	0
020122320221	187.712836	0
352402	0.721493	2
100000010200	7.837369	0
100112220202	0.684726	0
140420442411	2.027991	1
021220212210	0.890851	1
210001110140	0.701864	0
000121300000	0.587166	3
000001000102	0.059081	0
330200	1.100974	0
210011101022	0.725998	3
001001340012	0.515952	0
100121011200	0.728273	3
020200110201	0.542766	0
020102210102	14.617954	0
010212110101	0.757855	3
024141014245	0.837028	1
000000002121	0.945403	0
000012300010	0.679072	0
201010021000	0.791357	0
212001202020	0.774133	3
202000211003	0.299366	0
120200212203	0.647306	0
330220353022	1.240166	1
021200210011	0.870424	2
000102010002	0.810466	0
021001010240	0.547508	3
012220202011	1.132164	2
010020041011	0.825435	0
101001002002	0.185764	3
010012001222	0.751048	3
200210021022	1.132847	1
121012122020	0.855739	1
020221210220	1.092510	0
002021020110	0.629578	3
210010220012	0.825180	0
020000210210	0.683177	0
350410353411	0.545064	3
022000010021	1.640628	0
012000220010	0.717677	0
212210101020	5.803314	0
020000001010	0.229518	0
000010222002	0.797734	0
002002300121	6.903884	0
000100021003	0.852523	0
002010002010	1.625498	0
100121022212	0.791037	3
200020000110	2.073113	0
012021200011	0.306060	3
021102110220	1.108257	0
202000100020	0.778830	0
202211300111	0.812308	2
330001353012	0.348983	3
210000020201	11.237064	0
020020	1.970672	0
000221002111	2.891391	0
022122020212	0.785276	2
020101000210	0.731268	3
210001000000	0.128766	0
001101122000	0.804605	3
000010020222	0.567858	0
000000201110	1.033852	0
110202210200	0.871207	2
010201000002	24.399064	0
220000100023	0.369296	0
000000012013	0.810283	0
012102122012	1.477495	1
210202211100	0.865874	0
021220010201	0.671452	1
200211121102	0.723503	1
221022	3.580743	2
210002000220	1.136700	0
022021300221	4.647295	2
022120340002	1.335103	2
000112010221	0.445240	0
120020222010	0.731029	0
020000300012	0.688984	0
021001300202	0.512780	3
331010333022	0.568031	1
022020010211	1.663618	2
021120000043	3.196749	0
120012000141	1.121208	0
004141214144	0.528219	2
000000222210	0.780466	0
200101000202	0.512468	2
210021202010	3.153522	0
020002210100	1.385355	0
122011000010	2.915896	0
200012000202	6.158779	0
110000001000	0.542675	3
022121222212	1.484627	1
001120001020	0.998647	3
200000020040	0.163266	0
210122221201	3.246690	2
001120000023	6.033427	0
100012000121	0.362975	0
120210012101	0.780294	3
011020000010	1.658916	0
202200201001	0.834061	1
221220101211	0.561664	1
200200000043	0.301293	0
000000210002	1.519017	0
012002000211	0.606799	2
122120000111	8.017637	0
040400440403	0.003355	0
200121000212	0.742230	2
022200310211	1.143576	2
000122000110	0.673491	0
124053204345	6.376230	0
211022100011	2.587727	0
004040004144	0.786912	0
022000020200	4.102845	0
222211111012	0.796880	1
002022300111	0.179272	2
210002200120	1.413179	0
012001000201	0.455605	3
000100001202	2.293160	0
120120200110	10.904586	0
100102220001	0.847403	0
220120010010	0.844676	2
100020010100	0.619704	3
000002042010	0.362348	0
200112300000	109.879001	0
010000121043	0.698711	0
000111000202	0.201595	2
000010040021	0.136551	0
102220020022	0.846245	1
012002101010	1.399676	2
021121000021	55.688406	0
000000020203	5.378576	0
212000001011	0.780988	0
100010020222	0.809968	0
101020002200	0.756256	0
000220002111	9.997309	0
000120000200	0.060726	0
010000202012	1.078866	0
101000040002	0.670574	0
101120200120	0.719774	3
000220302011	43.089340	0
020021300020	28.941866	0
202212011120	1.761395	2
012202111003	0.672647	2
120021010110	0.880908	0
020021	12.708991	0
001020010121	0.706577	0
002001300101	2.244152	3
210022102111	1.611052	1
100020100011	0.532893	3
120120020001	39.541017	0
212220212011	1.090332	2
000202122100	1.066001	0
100020211000	0.711744	3
101012002021	0.207448	2
021233201333	0.840205	1
201121001212	3.090398	0
221101120002	0.639334	3
121022112111	1.130418	2
100212010122	0.446599	3
024053204345	12.785192	1
200012340021	0.359718	0
010200300002	0.628561	0
000001200012	0.846758	0
102000041001	3.853551	0
112021101210	0.884272	3
021101320000	0.833299	3
220020110011	0.806808	2
002102001011	5.513258	0
122121222212	8.290621	0
020000012203	0.796215	0
112011201102	0.640479	3
001110000221	0.729716	3
121200212020	0.684673	2
122220111112	0.746012	1
221001102011	0.630986	3
001000041010	0.423863	0
002000100122	0.700287	0
020200010212	0.605622	0
100002200010	1.076588	0
002000300140	2.524406	0
102220122010	0.858946	2
002000000040	0.072689	0
001210200221	0.841113	2
200000002013	0.430252	0
000200210140	0.302087	0
200000001102	14.227392	0
020100210212	5.683808	0
001210300201	0.767408	2
200020000100	3.213301	0
222100111100	0.598855	2
000211020022	0.763944	0
210100200200	0.838533	0
022020221000	1.082493	1
121020100011	0.909147	0
010200020111	0.731798	0
020002210200	15.851707	0
210222110111	0.706698	2
101001102011	0.625609	3
010102110140	0.588847	3
020100010120	0.685697	0
221001101221	0.747172	3
210200000200	14.666658	0
001001201010	0.778091	3
010212010202	0.751609	0
100010001112	0.777033	0
002211101102	1.507196	0
122220110010	2.290665	2
000101121220	0.814790	3
012102222210	3.821100	2
222110121012	0.655754	3
010002212000	0.617137	0
022001100200	0.703003	2
021000000003	0.049727	3
100001000102	0.404000	3
000012041011	0.711177	0
020100012203	0.785915	0
212002100200	0.781967	2
201220211020	38.876372	0
200233020353	0.811429	1
021000001000	0.098141	0
042412441410	0.877727	1
042411440402	0.838219	1
102000202012	28.901015	0
201210221220	0.838519	1
021020000002	5.319291	0
202100001003	0.370672	2
012202002102	1.692265	1
100200001220	0.780430	3
101000202010	0.086819	3
011202002100	0.809285	3
200200300020	16.363318	0
100100011000	0.807834	0
220221010001	0.975039	2
330020333212	0.389851	2
000012300042	0.441205	0
002012200001	38.236190	0
201012002222	20.681913	0
221101110102	0.729084	3
120220210101	1.488614	2
100211	0.124325	3
200010040020	0.134441	0
000010300120	0.711893	0
002011002122	0.775450	3
001021100122	0.715350	0
000022002211	0.246670	0
002002100210	1.404454	0
100000102200	4.562713	0
002120300012	0.358688	2
020201110201	0.573275	3
000000121011	0.831662	0
201202002110	5.373084	2
201112000022	14.185092	0
120011010000	0.565103	3
012102120003	0.402684	2
000100222020	0.860700	0
202012020022	0.774213	0
201210000121	0.563166	2
121000120003	0.840392	3
022012300001	8.712414	0
021110221022	0.710733	3
010001110202	0.517353	0
100000222010	0.345765	0
200120001222	0.795908	1
100011041020	0.815153	3
102101042002	0.667800	3
220011102010	0.752535	1
200000102020	1.232008	0
100000121100	2.292458	0
021133201333	0.785077	1
330002333140	0.031401	2
201001101012	0.799148	0
020001000020	3.526550	0
220120011020	0.608135	1
332001333011	0.599021	3
021020000211	0.957033	0
102122200111	0.953691	3
000200300200	0.632910	0
100010212102	0.867259	0
221000102003	0.050490	3
221202112102	0.804467	1
002000001112	2.856240	0
210222120010	0.806209	2
211001142000	0.736937	0
122122211211	33.517642	0
020200011000	0.341666	0
101001122110	0.797463	3
110022212021	0.736250	1
000222302021	0.947199	2
002020002002	0.669693	0
001012040020	0.213464	0
112102220200	1.001611	2
022001000002	2.447961	2
100120001020	0.692869	3
000200022102	0.799564	0
102121041112	0.706950	3
332022333001	0.532219	1
201210001040	1.084771	2
221101101240	0.202866	3
200000020023	2.536169	0
100012002222	0.764082	0
022011000111	0.739552	2
221002111200	3.001315	1
330010353221	0.585184	3
222110111112	0.557675	3
020110102000	0.811274	0
212012201021	0.737642	0
100100000221	0.453897	0
010001221000	0.371741	0
121002212211	1.696155	1
200200001110	1.423686	0
101120100010	0.783041	3
010220010022	1.369362	0
210001200002	0.711380	0
010220010221	8.556898	0
222210111220	0.678720	1
102120122000	0.642654	3
024153014353	0.914449	1
001000300001	0.136963	0
200111000022	0.506937	1
211000022003	0.814647	0
201020040001	2.882838	0
100100202001	0.606078	0
121201012100	0.672955	3
024053214345	6.520915	1
110200211220	0.710334	3
000220010212	2.223113	0
002101000201	0.246344	2
212020201112	0.728157	2
010021000100	0.687918	0
011220022023	3.207015	0
021122000101	28.275823	0
024040124144	0.502147	1
112021001012	0.454386	3
210002042000	1.785223	0
124240214144	19.103387	1
010002022003	1.597548	0
201120220020	19.932289	0
000200100100	2.174716	0
104240014044	1.881978	1
100000002023	6.245766	0
110001200200	0.439669	3
000022012111	0.778027	0
002202021100	3.447679	2
212001001003	0.691663	3
002000040022	0.852130	0
222100121000	0.150043	2
112000221010	0.965372	0
000100000221	0.886224	0
022000111100	1.156082	0
020001300001	1.632899	3
001001041122	0.544471	3
021120020202	18.445672	0
010000020021	0.730720	0
001021320022	10.359970	0
122033210333	41.198529	0
100012202001	0.565331	0
000020302001	10.990241	0
010202000120	0.694135	0
101200212000	0.676096	2
211112120222	2.028826	0
110220212001	2.280505	2
201200002100	19.056264	0
021021012020	1.900352	0
001122340111	0.652815	3
222010101212	0.702687	2
110211110142	0.750576	3
200210201002	0.690760	1
122020100000	4.526148	0
001001000101	0.268663	0
221102110000	2.462818	0
220002112210	1.068696	1
001020142000	46.452400	0
021100010001	0.728915	3
120011200022	0.636320	3
100212102122	0.772694	3
000012200002	3.767642	0
242400441410	0.478760	1
220001100040	0.351528	2
330122333100	0.740799	1
022000110002	2.477261	0
330201333222	224.563782	3
021010001011	0.798469	2
001202020202	0.690732	2
121001002022	0.590084	3
000012000022	0.110834	0
351400353410	0.625875	2
100100020040	0.211147	0
210220120000	7.321266	0
000012300122	0.230093	0
200000142003	1.643035	0
200100110140	0.290603	3
020000112040	1.029564	0
021000110000	0.237113	0
102002041020	4.717939	0
022033100333	0.368093	2
122122022111	17.004076	0
004253214353	4.901138	0
102102101100	0.763340	0
100200220040	0.602784	0
000202022112	5.171332	0
101002000001	0.817950	2
222102111100	0.985616	2
010100120020	0.518949	3
221201112001	0.662638	3
000000112020	0.768299	0
200210200100	0.565736	1
110000200200	0.282801	0
021022010201	1.256700	1
101001202122	0.828780	3
001021020020	3.325737	0
111000202211	0.729584	2
002001001001	0.617495	0
000012001102	0.807305	0
100001110040	0.711926	3
201010002222	0.785620	0
102002210000	22.017242	0
220120102000	0.987365	1
110000011000	0.830400	3
200020000022	2.246564	0
201210122020	0.799603	1
012222021111	0.721882	1
120122002101	113.837030	0
100202000200	0.772201	2
102101122210	0.817817	3
202002001100	0.963143	2
020020320001	0.885343	0
211121222202	3.059640	0
002010002122	1.732916	0
221210111122	0.770095	1
221020022010	0.839224	0
010011000202	0.447385	3
102220202110	1.231493	2
202110001011	0.671026	3
000002100120	0.811220	0
001002300011	0.821316	3
120020000201	7.825186	0
020011012112	0.732869	2
122220002010	2.109505	2
000000220102	7.371254	0
000001110121	0.729978	0
110000212040	0.702587	3
000120112100	1.140404	3
102020201010	0.456665	0
200210020240	0.566840	1
011122120201	0.685354	3
100212200140	0.754347	3
202210000111	1.482879	2
100110000022	0.561009	0
112002221000	0.693268	2
000020020000	5.722745	0
201000101012	1.616168	0
000020021003	2.369259	0
121020022023	4.231289	0
012001220002	0.705776	3
012200002020	47.850637	0
020000211220	2.566817	0
020120120100	12.059922	0
220000101013	0.750934	0
221022101020	0.761824	2
000000021002	1.070816	0
200100121000	0.785592	0
010100022120	0.639389	3
102020000110	0.761285	0
012200020222	4.530029	0
010100100240	0.396366	3
201112002120	2.428099	0
021200010002	0.816353	2
331210	0.890365	1
124140224144	171.291885	0
000021200202	1.476903	0
201211322222	1.136862	1
001120200012	19.566630	0
021100021140	1.160752	3
201000002203	0.985835	0
110012210001	0.627697	3
112000212011	0.766932	3
012212001112	1.684448	0
000011340012	0.694257	3
000122001121	0.825294	0
020002000140	0.722357	0
020021102001	0.851558	0
021010202021	0.839654	2
120012210101	1.563334	0
120200010010	0.637446	3
202100001010	0.491638	2
022001000011	0.669779	2
021002011210	1.110567	1
021012010221	1.012921	1
121100222010	0.356246	3
200210022100	1.646916	1
000001201200	0.509538	0
121110122201	0.844228	3
101001001120	0.836574	3
020100100020	0.942355	0
120100210010	0.721504	0
000102320002	0.756738	0
210100121240	0.912841	0
000102020102	0.586233	0
021220011000	0.844252	2
200101020200	0.365387	2
011220211100	0.692217	0
212200011000	13.502945	0
014053224353	0.132910	3
021100	1.943758	0
020102221100	3.028371	0
100220010240	1.550429	1
010001300000	0.405034	0
112200201100	7.778379	0
002002001010	2.743228	0
001000041003	0.027619	0
102000102003	5.760773	0
021021000210	4.951638	0
351410543420	0.833721	1
112212211112	27.144598	0
011120222020	0.338261	3
332210333001	568.960987	0
000020120000	12.129430	0
001002001012	0.766181	3
000102300022	0.594720	0
200000320002	0.842470	0
220010102011	0.735787	2
221221111221	7.567057	0
011021010222	0.770738	3
002000002221	1.834025	0
201211210222	2.544992	1
110210002000	0.841661	3
012012001212	1.387278	0
201211301122	0.499901	2
122002101010	2.222716	0
020121020202	14.595087	0
112102220100	0.610946	2
200233222333	0.625122	1
210012020040	0.554973	0
211102120203	47.894723	0
141400	0.527164	2
210010110220	0.718066	3
201002022000	4.560308	0
200221000102	20.341860	0
330002333020	0.104175	2
100012202000	0.597369	0
100120000002	0.446822	3
000110220000	0.515257	0
220020002010	0.799464	1
201200002101	0.820308	0
020110320000	1.266175	0
020001010210	0.805327	3
020110020100	0.496917	0
201002000202	0.764154	0
202010	0.504801	0
100100001000	0.168344	0
010101021220	0.838638	2
210000201040	2.410022	0
102121202211	0.578138	3
100100000003	0.541139	0
022100010002	6.674696	0
022101020000	0.970041	2
010000002222	0.771783	0
000001210142	0.777562	0
020010020040	0.843313	0
210122000101	0.628230	2
100200201000	0.299463	3
202002000200	1.127118	2
100000200040	0.243957	0
141420440423	16.931690	1
021100010000	0.129014	0
002001300002	2.513725	0
001121102222	0.787258	3
200000010140	0.187722	0
024141024144	5.119429	1
222010000020	0.735327	2
002112	22.821361	0
001100000202	0.664657	0
100220002013	0.813405	2
011020000212	0.828836	0
011002201040	0.584772	3
120210210101	0.772716	3
111112222222	0.806733	1
010220210100	0.500060	0
020001001003	0.774208	3
220012001001	2.176948	2
112021241011	0.794217	3
000210320022	5.948931	0
101201102000	0.707181	3
120010202001	0.852671	0
122033100353	327.703307	0
000210020122	0.490790	0
110001200040	0.488946	3
010100120021	0.757567	3
102122000211	0.110395	3
012002101003	0.752865	2
201001012200	1.927932	0
350420543401	0.854556	1
000201310040	4.525023	0
210000000140	0.478705	0
010200211102	1.726853	0
201211322122	3.668209	1
000011102002	0.775264	0
022111000212	1.654744	2
002020320010	6.285816	0
020100211003	0.715420	0
121102222000	1.502180	0
201201002101	1.321130	0
202102001000	0.743330	2
021100020021	0.863937	3
332200333202	2.108461	0
212001220020	0.529468	3
000112300221	0.403074	0
110220010003	2.294514	2
000001301240	0.725509	0
332022	0.515552	1
011211020240	0.800775	3
200122102111	0.761403	1
110220011000	1.561590	2
022020300211	0.895920	2
110200212222	0.840457	0
100120202010	0.483699	3
010001020020	0.608496	0
000000302222	1.072496	0
001000210023	0.844549	0
122120102212	1.490297	0
202200102200	2.445394	2
004140	0.671399	2
100100100221	0.808421	0
101000012221	0.760118	3
021201211020	0.966538	3
121201200102	0.753849	3
332012333021	589.687578	0
120010020040	0.675949	0
201200120000	2.534232	0
002010002022	1.392816	0
110202	0.162306	2
110200010002	0.810958	0
212021221022	0.802176	3
110012212001	0.688443	3
012020002011	0.499046	2
210021221020	0.831315	0
202012011112	3.001262	0
330221333000	37.713857	0
000211020122	0.677801	0
021001110001	0.380056	3
111201212240	0.528643	3
122033100333	147.531177	0
020000001003	0.099918	0
120010101000	0.619523	0
022110022010	6.543135	0
112221211012	8.033669	0
000220002013	1.441416	0
020002000040	0.563256	0
000001002012	4.079562	0
201102000100	7.863152	0
000100120040	2.890884	0
012021121012	0.775661	3
210211222102	1.645935	0
120011110022	0.818608	3
021201210122	0.696079	3
021021212212	2.794824	0
000012200011	2.202059	0
002000001000	1.053765	0
101122002021	0.112590	3
112202201110	3.499137	2
002000210200	6.795730	0
020100120020	0.736115	0
022110000212	1.790399	0
012210000000	11.684201	0
100000012020	0.795711	0
202200101120	1.032593	2
001000001002	0.645203	0
110200211102	0.125302	3
221200112000	0.141298	2
222100021000	0.623040	2
002202001121	1.558521	1
022011000212	8.805351	2
000211110122	0.825968	0
332001353002	0.259627	3
022120122011	0.700373	1
042412440420	1.361003	1
202110202010	0.710290	3
012202201000	1.408348	2
014040104144	0.234438	2
330000333041	0.038705	3
100120041100	0.809398	3
220000122003	0.005719	0
200012300121	56.614367	0
202000211010	0.467308	0
010200000140	1.887385	0
331211	0.953234	1
201020042010	0.261111	0
012202221000	2.297323	2
011102022220	0.644092	3
102121042112	0.635186	3
122000201010	41.760891	0
220020111020	0.750022	1
002002022122	1.121789	0
000033121353	0.593030	3
120000000022	0.735659	0
102020002011	0.137975	0
001001001120	0.703232	0
012102021000	0.359489	2
112000211022	0.778878	3
010212002100	1.192197	0
012102020003	0.198048	2
120001220200	0.655167	0
200021041000	1.955387	0
211012100220	4.590562	0
010000010140	0.507071	0
000010000042	0.556336	0
020110220102	0.756593	0
100100002200	0.515637	0
002000102003	2.363948	0
100120040002	0.608724	3
021020000200	2.204524	0
000100010121	0.444284	0
020120010112	0.841448	0
100001002212	0.863705	3
212102221101	1.507879	2
000112220000	1.514896	0
012202020100	0.404466	2
101001122111	0.839219	3
002020100110	1.119360	0
010102120040	0.154953	3
010220020010	2.148178	0
001001200020	0.398204	0
210120000100	0.647214	2
022121210212	1.778537	1
002011042002	0.547670	0
201210101040	0.834047	2
002020011112	0.584252	0
220200110043	0.510834	2
210020100110	5.426156	0
012102220100	0.650559	2
011222012121	0.748114	3
201200012000	5.805541	0
000222110100	0.698110	2
010022300011	0.605443	2
022012001002	21.002725	0
140410	0.711297	3
140410440422	0.239121	3
002000000122	1.619616	0
101022002001	0.724360	2
000100110140	0.665792	0
022011300122	5.019291	2
121100112020	0.843161	0
100011040010	0.813362	3
200000101102	0.863500	0
012100002003	0.773001	2
001222010121	0.426578	2
020200212102	0.678023	0
010022300201	0.412881	2
112000211120	0.783995	3
022122112011	0.980550	1
010010000022	0.294329	0
022201300210	1.130162	2
012200001220	4.052458	0
011212	0.114368	3
201122302211	1908.365839	0
001020021011	0.813239	0
022021112212	1.119853	1
122000111003	1.843916	0
002012002001	4.601537	0
022210011002	0.850613	2
020000001001	3.379847	0
212102000200	0.802952	2
101201	0.105132	3
210021202212	0.823098	0
020021310101	0.618559	0
020021010001	2.199599	0
002100300020	0.699267	0
100000021200	0.893569	0
102212100101	68.570885	0
100000020203	0.800144	0
120200010201	1.145670	0
000110202000	0.558234	0
000210000112	0.391379	3
000001201011	0.941529	0
021000100003	0.171475	3
010002010140	0.427761	0
022120112110	0.835997	1
000210002000	1.468493	0
210021220010	0.823999	0
000000120021	1.259055	0
020120200001	1.781057	0
000110000220	0.462644	0
010021041010	0.397518	0
000101110202	0.361634	3
110100222010	0.702972	2
012220001010	0.659929	2
002002121000	5.222070	0
001011201022	0.483353	2
000211002212	0.288938	3
002002120003	47.609340	0
211012000022	7.378764	0
042421440422	9.526895	1
110020000011	0.830082	2
211202212111	0.727624	0
102121001012	0.633882	3
210102020043	0.713016	0
021020210020	23.683773	0
020200010040	0.657481	0
020112320122	166.410692	0
011020200012	0.836598	0
000010040020	0.457368	0
200112000101	29.711856	0
000002042011	0.898664	0
200112300001	5.802250	0
000033201333	0.005950	3
120212211121	0.610968	3
122120002010	9.603736	0
000022022011	0.683485	0
100211300122	0.705949	3
101010002023	0.429308	2
021001110000	0.121324	3
101121042022	0.169081	3
212000001010	0.409738	0
121220222112	1.577894	1
000220302010	21.770085	0
000220002110	6.764391	0
221002102000	0.488028	2
210001020200	0.749601	0
000002320222	1.184890	0
104240024144	2.503770	1
200110300022	0.989001	3
012020201112	0.810603	2
101033002333	0.634314	1
220000112103	0.655517	0
351400353422	0.629432	2
020001010001	0.455047	3
000202022100	1.330106	0
200211002100	1.086295	2
101220112020	3.752433	2
101000000122	0.780390	0
020100020222	24.713520	0
004053024345	0.173523	3
001120000201	0.712928	0
000102222100	1.155584	0
120120120003	78.374708	0
120211221102	0.808485	3
202200201010	1.108110	1
120200212012	0.664895	3
121001012101	0.800758	3
012122	0.128744	1
001220002021	3.365828	0
002102300222	1.261581	0
202201201000	0.795230	1
212000001023	0.772236	0
200022302211	2.353110	1
110000202001	0.490800	0
000010000101	0.546049	0
212202110203	0.316543	2
200010000120	0.751719	3
202210001112	0.908822	2
122000200020	35.431798	0
220020110010	1.192085	2
000012200200	1.694593	0
001002040021	0.320828	0
001002000022	0.499403	0
020000001011	0.463042	0
011021200012	0.759560	0
112010222000	1.046451	0
022011002111	0.835475	1
002002300120	6.141638	0
120012200101	3.832154	0
010200110200	0.899987	0
021021001220	8.180303	0
002002000020	3.195913	0
004140104144	0.231399	2
220012010001	0.761415	2
022012001011	0.848442	0
021001011221	0.789942	3
124241	64.250458	0
212021	0.124114	3
210000020200	2.372699	0
200100100140	0.537276	3
010212201102	0.792856	3
202211300110	0.718067	2
210033141333	0.538487	3
112220012111	1.125775	2
002212211112	0.880309	0
212010241021	0.658298	3
021101220240	0.498950	3
001202221100	0.757406	2
000000201111	0.715197	0
021220010200	1.090524	1
330001333102	0.290523	3
202012101112	3.662615	0
100210020100	0.595880	3
200012022001	3.033537	0
202021041010	0.771075	2
124240014044	12.203834	1
210100120201	0.613268	3
101200222100	0.654434	2
002022020101	0.782856	2
110000002200	0.776321	0
122200211000	8.091065	0
200200221100	1.298357	0
021120100043	7.904286	0
021021300222	17.181630	0
112112222000	3.447327	0
200210302000	0.739672	2
012001000212	0.725992	3
124140214044	160.606473	0
020120120001	0.798327	0
101002202001	0.869812	2
101121102200	0.526525	3
200121101200	0.850591	2
000002120040	0.154431	0
002001300112	1.779215	3
021100320001	0.669897	3
012021001210	0.684450	3
200210012000	1.608602	2
120012220001	1.905480	0
020110010001	0.704557	0
002202002010	0.768776	2
000122300011	0.309109	3
000000300121	0.326586	0
212002001000	0.652411	2
101120042011	0.465507	3
112002211100	0.213063	2
221001100000	0.042671	3
102010042020	49.661849	0
002200010110	0.860129	0
000012041002	0.516672	0
020000100220	1.468672	0
022010000022	11.343623	0
331020333002	0.773589	2
221000102010	0.221241	3
110020202010	0.402537	2
222000001200	0.815793	2
111220210020	3.246886	2
020102000201	11.553557	0
010120020000	0.214028	2
010110221200	0.647013	3
102220000110	1.024857	2
112121121212	0.507738	1
020033010353	0.223680	2
001001002011	0.522664	0
000101002222	0.768970	0
021020000011	0.328860	0
220001101000	0.644386	2
022001310002	0.770110	2
000000022120	4.113014	0
221021101002	67.109724	0
140420542411	1.480062	1
100000010201	4.549715	0
000200320202	0.525598	0
100210000112	0.802853	3
000001100102	0.286326	0
212010001011	0.751304	3
112012202011	1.857977	0
202212001102	1.964124	2
210011340002	0.691851	3
102000201022	1.413118	0
000000110143	0.824236	0
022221211102	1.119687	1
001000000241	0.584970	0
102220001012	0.927035	1
220012110141	1.172425	2
010100222010	0.864737	0
100101200201	0.362015	3
020000202020	0.803438	0
022101010100	0.447001	2
010101020210	0.766361	2
120100122200	4.818721	0
110012211002	0.552934	3
000011040020	0.407810	0
122021002112	1.098096	0
112021002000	0.778515	3
021212010121	0.766991	1
020000000120	12.249166	0
020220010001	1.483761	2
020000300020	0.806987	0
200000200021	0.805061	0
110012000202	0.671597	3
101000022102	1.415914	0
202002201000	0.700937	2
014040214044	0.043189	2
200200111100	8.347521	0
020120210001	4.464039	0
001001002021	0.501816	0
201100000011	0.815979	3
000101010221	0.105249	3
011010000000	0.817507	3
121220212210	0.862148	1
201112002020	4.401405	0
210012120043	1.127827	0
001110102021	0.707040	3
200000002201	1.052584	0
110012022000	0.729045	3
142420440413	70.220525	1
140420542421	0.712603	1
210000110202	0.692596	0
200112000202	7.824441	0
000000020002	1.554466	0
000000011220	1.807693	0
210012000000	8.904153	0
002002020211	7.834813	0
022201010202	0.808661	2
201000102200	2.454023	0
201012102021	0.901883	0
221102121040	9.166111	0
020000001022	3.734975	0
100000020201	1.229254	0
001002002201	0.751628	0
022101210202	1.039317	1
200202001000	0.875171	2
012102021221	0.789247	1
012222020111	0.609313	1
200020200211	0.906525	0
020002221000	1.005325	0
000201210102	1.302191	0
222133	0.748072	1
010212120100	0.521691	3
201020200023	168.389551	0
024140004045	0.545541	1
221001101202	0.747520	3
021220110000	1.174569	2
204142004244	0.722296	1
102020200010	0.545037	0
101112002222	0.638420	3
000110000241	0.760681	0
000001110021	0.659398	0
112102121003	0.792498	2
121012112021	0.832329	2
001000001023	2.688620	0
120200111010	0.713501	3
202221301112	0.749946	2
022102011122	0.871039	0
210101200200	0.765786	2
210022100001	0.642042	2
000020340211	0.746761	0
002002302210	1.134991	0
022000110011	1.493164	0
000120001011	0.779470	0
200100110040	0.677542	0
024041124044	3.443230	1
210000221000	0.286937	0
100121221200	0.816693	3
100100020043	0.548150	0
010020000021	1.280222	0
210220120100	1.676027	0
000012300022	0.199758	0
220001100140	0.628448	2
101100000001	0.800868	3
000220201011	1.646161	0
210000201000	0.184872	0
102002210003	5.552598	0
330102333102	0.327869	2
021110210020	0.843392	3
352411	1202.063707	0
014040214245	0.830104	2
100101220202	0.355106	3
210000010200	0.658351	0
012021212212	0.581193	3
200102102100	1.149638	0
001021040001	41.805568	0
200110001020	0.745640	3
000212301100	0.676594	3
001101122202	0.744826	3
021210010020	0.785531	1
221201112101	0.684215	3
010100120120	0.504939	3
210233002333	7.729594	0
000010112000	0.525715	0
010202000020	0.800553	0
002102000200	12.366896	0
100120101002	0.736200	3
200033121333	0.711459	2
122002	25.029106	0
001001041022	0.060930	0
000012001020	1.892556	0
024153	3.433808	2
142433440333	1834.941060	0
101010042011	0.540927	2
100011000022	0.288062	3
211000000003	0.626897	0
001120101010	0.968478	3
200000320200	0.844883	0
221001110140	0.681617	3
010220300211	1.749652	0
000011202102	0.658749	3
001120002020	0.718873	0
012002221010	0.821326	2
004042004144	0.187846	2
330201333010	4.450064	3
202001040022	0.844544	2
002202002020	0.757967	1
012001202002	0.834862	3
350400353400	0.002087	3
201220001221	1.767376	0
121200012000	0.551772	2
101220002011	0.317300	2
000000012201	2.749315	0
121120222210	1.272219	0
121001102221	0.691130	3
020120020022	14.474176	0
001000340020	0.097420	0
000220102010	43.202365	0
000100021040	0.934556	0
120000202023	0.833406	0
020002000141	2.552068	0
124240214044	24.222528	1
120010000000	0.183605	0
120211210000	0.712348	3
122033101333	57.077456	0
101200102003	0.460033	2
002000340022	12.511020	0
000010202001	0.487986	0
000112010202	0.298078	0
120020102010	2.314061	0
022111122212	0.933833	1
000200220140	1.390415	0
000212011102	0.820959	3
222100121003	0.321680	2
000000120012	1.557402	0
110220212101	0.643626	2
100100002101	1.053820	0
001222000021	0.770974	2
221201012202	0.662112	3
100211010100	0.743989	3
000022012011	0.757716	0
104240014144	1.301350	1
001020020120	7.470078	0
200000212023	0.907065	0
010010221140	0.638814	3
042401440413	0.825825	1
000200101100	0.773202	0
121021101000	3.839364	0
100000110140	0.306269	0
210001201000	0.377268	0
002000301001	2.955124	0
100220000111	1.069190	2
001001122100	0.911288	3
000022010041	0.693047	0
000100220140	0.517707	0
100010121020	0.540621	3
351421	9.829065	0
201210012022	1.010281	2
022000010002	2.832272	0
110220111003	1.822200	2
350400543410	0.012257	3
220012000012	0.758510	2
200121000011	0.836489	2
201202101100	1.504022	2
210101110201	0.883175	2
221012101221	0.795998	1
002011222012	0.684428	0
012020002110	0.802572	2
201020041001	11.131264	0
100010041001	0.297535	0
010000102020	0.693186	0
200211201102	1.121122	1
211000022000	1.149062	0
200111300022	0.760599	1
001011002222	0.656511	2
200010000110	0.639249	3
110001201202	0.802717	3
002002010100	2.505055	0
011220210023	2.882375	0
020200110222	0.893013	0
024140124044	3.477302	1
200021001020	3.155831	0
102122011211	0.687750	3
102122200011	0.383641	3
002000002000	3.198138	0
221000102103	0.707291	3
101012002120	0.719566	2
021100120240	6.659657	0
100020020003	9.626389	0
110212010142	0.680900	3
000002320201	1.645368	0
011022211121	0.740006	3
001122042111	1.051515	0
102121040112	0.446923	3
012011002212	0.493862	3
020012110001	7.364348	0
024040124245	0.724504	1
000200022002	1.348743	0
221000122001	0.575180	3
100000020002	1.068169	0
112012212010	6.469522	0
221221111000	37.561341	0
002020001110	0.672235	0
100101010221	0.703548	3
010102120141	0.216890	3
100101120200	0.476664	3
012202121100	2.614136	2
212011222110	0.843916	3
201212000122	0.316562	2
121221212210	17.708147	0
000201110100	17.556252	0
111202002022	0.666369	1
010200000041	5.635345	0
002100300010	0.679876	0
220110102201	0.535201	3
201120111010	0.820298	0
120020101023	59.670982	0
000033041333	0.008622	3
002011002022	0.572846	0
012202201101	0.859158	2
011020200021	0.815654	0
112122220111	0.798292	1
001020020220	0.624258	0
200101102200	0.799319	2
220110120010	0.817819	3
201012302222	7.915208	0
000210000122	0.183820	0
100000222013	0.825537	0
011120221122	0.753276	3
212021211112	0.811017	3
330000333210	0.098167	3
210210102000	3.700567	0
042421540402	27.511092	2
201112001022	1.514465	0
012102041102	10.347317	1
012102120000	0.321164	2
100120000022	0.582694	3
112102221202	1.630231	1
101012042001	0.722398	2
020100000222	0.689471	0
011022212201	0.584617	3
212102220102	0.844392	1
000033020353	0.032980	3
022121112201	0.786982	1
002020200010	0.495390	0
112010221002	1.120142	0
002011212112	0.784183	3
200122100001	0.757130	2
120112	23.923782	0
214240014044	0.370313	1
112002101000	0.662057	2
200100300000	0.129485	0
000200010040	0.537170	0
000120300100	0.156886	3
332200333200	1.762980	0
020100012200	1.161087	0
000121010200	0.401679	3
000202010122	0.327802	0
100000120200	0.620225	0
001000040012	0.424415	0
120020001010	0.349011	0
201210312222	3.225850	2
001000001040	0.762747	0
002021020010	2.740945	0
201010142022	0.876630	0
020200212200	0.316284	0
200200300120	12.938913	0
120000000012	4.396376	0
111201212202	0.737908	3
200200000020	13.730099	0
000102110201	0.776537	0
011220120112	1.040848	0
022210010001	0.794242	2
222200110003	0.687013	1
200200211220	2.675203	0
120000002100	2.003781	0
101000202110	0.726551	3
001020020012	5.415302	0
220020121020	1.104462	1
210102120010	0.952091	0
101100040112	0.738809	3
002121212212	0.328152	2
001201300112	0.677677	0
121022112211	1.042675	1
220001300200	0.755666	2
000000120120	26.418698	0
100002042000	0.597052	0
020002000002	11.967835	0
202221111112	1.434022	2
200000002010	0.435310	0
002000300040	0.109176	0
200001010102	1.124111	0
002000000140	1.095177	0
002012010112	1.587704	0
001000041110	0.659845	0
020120010122	0.838801	0
012102020202	0.796606	1
211002101200	6.352183	0
000020100001	6.136821	0
011202002120	0.839260	3
001001200010	0.700611	0
021000120043	0.345688	3
022020012010	0.570512	1
100100201202	0.804492	0
011020002020	0.522889	0
014053204345	0.024530	3
120001000102	0.652557	0
010011220012	0.799642	3
010012221000	4.821154	3
020120210210	3.102250	0
020002001100	4.931032	0
002020021112	2.350310	0
120002001010	0.804003	0
220011102122	0.596207	1
000112300211	0.651125	0
212001220010	0.702284	3
102121002000	0.807340	3
101120202200	0.885759	3
201001101020	0.737775	0
022010000003	1.921541	0
102202020120	0.756807	1
102033102333	471.781246	3
210021100011	4.932705	0
101121002002	0.535506	3
022201012020	0.783485	1
000000212203	62.888492	0
102012002010	10.939096	0
000100010112	0.815170	0
000201120000	2.692799	0
120120021001	3.643942	0
110002200222	0.687123	2
110220010100	0.331403	2
020022111011	0.788432	2
100122041003	0.957820	3
201200110000	0.717955	0
332012333011	32.194690	0
010000000000	0.067091	0
101000041000	0.507205	0
101120000020	0.259886	3
200012100001	3.547273	0
011010102021	0.672067	3
024140314044	0.683081	1
000012001121	1.024725	0
000220002212	1.227121	0
010200001000	1.880256	0
121101002020	0.827284	3
000201100040	10.628216	0
001233001333	0.821476	2
220100122023	0.775782	3
012002001021	0.479018	1
120212210122	0.585448	3
004041004044	0.154244	0
220122020221	0.849020	1
010200210200	1.151910	0
200112000000	3.264747	0
000200200202	1.703302	0
000002342010	39.970604	0
024053124353	0.626094	1
021021010002	6.605663	0
200212010220	0.901386	2
210000102200	3.844648	0
020000220203	0.571822	0
010102121100	0.877652	3
122100100100	1.154264	0
010020202010	0.548844	0
112221212011	9.319221	0
020001300022	1.957088	0
010012110202	0.839325	3
000100000202	0.040904	0
211211101122	2.893268	0
200021000010	13.996715	0
222211111112	0.384386	1
021120122020	5.494705	0
000022300212	0.673656	0
010000201100	0.831804	0
020100120010	1.013333	0
002000220200	11.814168	0
222012021121	0.804631	1
210211	18.023623	0
000220002011	7.969972	0
000001300042	0.676178	0
021000002100	0.880939	0
210000120002	3.641535	0
201201002202	2.048451	0
100100212140	0.757174	0
000200210041	0.829597	0
112000211011	0.760827	3
224240	0.914788	1
201210112220	1.310272	2
100120000110	0.535660	3
002202011101	1.586101	2
120011222112	0.594923	3
000010020010	0.573458	0
201020201013	0.744138	0
202000101022	0.792677	0
122011001010	0.720790	0
020002211100	0.990188	0
020001212000	0.758189	0
010000201220	1.505292	0
000102020101	2.612980	0
020000000012	1.450212	0
100012040021	0.567448	0
100000042010	0.278761	0
000110001200	0.780193	0
024040204144	18.012067	1
100101020040	0.796150	3
004040304144	0.008847	0
010201210200	6.916067	0
002002040000	0.669980	0
011020001010	0.686129	0
002111002212	0.707637	2
100020022010	1.139875	0
000002041020	0.221086	0
024141014144	0.627429	1
100112112112	0.750951	0
210001200100	0.809678	0
021021300200	127.430355	0
001120001023	4.460270	3
200202000122	1.161180	2
221011100022	0.795824	1
014142104144	0.884711	1
200121000200	0.721958	2
022012100011	0.809020	0
200200121000	5.298456	0
001202000040	0.478298	2
002010002110	2.030163	0
120012200000	1.638625	0
102122202001	0.745722	3
000022100011	0.649046	0
022102020210	11.807411	0
000210010122	0.936169	0
020000001110	1.432460	0
210100121202	0.859783	0
022211210122	1.405122	1
110000120043	0.422916	0
212120111110	0.835383	1
040420442401	0.566009	1
000000010210	1.605163	0
000000201010	0.179376	0
211010201001	0.872739	3
200102001022	1.113584	0
201020040022	1.273368	0
020100221003	0.594203	0
101120102121	0.761863	3
112202111000	0.871140	2
210210	8.584309	0
201201111102	1.350303	0
120100120010	0.693091	0
330000333001	0.005743	3
012012000010	4.710075	0
010002110001	0.656471	3
022033221353	3.343751	1
000110000001	0.493117	0
200101010140	0.673059	2
200112100000	3.695489	0
212100221122	0.869021	2
221012101022	1.102631	2
120101000200	12.300852	0
210000010000	0.806628	0
001001340112	0.623997	3
020102210002	65.550291	0
100100210040	0.155478	0
201010342221	0.716704	3
121220201011	0.760618	2
210001110040	0.590991	0
000001001102	0.563163	0
000002000110	0.422402	0
121000000000	0.561401	0
040400542400	0.185006	0
000002002002	2.532995	0
022121112010	1.262387	1
120211220142	0.727329	3
020122020221	174.752215	0
002100300201	0.510248	0
120000210200	6.651046	0
121012122120	1.027995	1
114242	0.926593	1
001100000240	0.673414	0
022102112000	1.299614	0
112001221022	0.854180	3
010101200200	0.679104	2
212033222333	0.887606	3
000021000100	1.409630	0
200210020022	0.446867	1
201212001101	0.813071	2
201000201010	0.524861	0
004141214245	0.803114	2
102010002000	62.743516	0
100101011202	0.877957	3
000222300110	0.616912	2
022100010040	0.760518	0
100000340002	0.594105	0
021010000121	0.707823	2
012011200102	0.767525	3
000222302101	0.800197	2
021010300021	0.659533	2
202020021010	0.760847	2
000012001112	0.578173	0
332021333202	0.481520	3
221221111211	1.629235	0
120110222020	0.784792	0
000001200002	1.798479	0
100122000100	0.617009	3
201000001203	0.496525	0
112002211001	1.023947	2
001000020201	3.554569	0
121020202010	1.513431	0
000000342000	83.920967	0
011100000001	0.778857	3
200110000010	0.646476	3
001000340010	0.123967	0
121000200003	0.394364	3
020120110101	0.688007	0
000000001240	0.773043	0
000200112200	0.821497	0
010012000220	0.750096	0
020012300001	2.683183	0
211200212000	1.243238	0
020000202003	0.449456	0
022021000211	5.038686	2
100000222200	0.804060	0
022210111200	0.828587	2
210012202001	1.613823	0
200100010202	0.677418	0
001010200021	0.231045	3
210020212010	1.296058	0
021020002011	1.200115	0
001100110040	0.844424	3
210010121000	1.110633	0
121022202111	1.133101	2
202001000202	0.804176	2
022200000110	4.914505	2
100220011013	0.763291	2
010110221000	0.604696	3
012010020020	0.606898	0
222000120010	0.663254	2
022211011202	2.125147	2
202000121100	0.765454	0
201000101002	2.427738	0
141400542400	0.862137	2
022202010100	0.692443	2
200210010140	9.995582	2
010210010102	0.408501	0
002211300002	10.834766	0
000101020220	0.677067	0
001010300222	0.722386	3
101220022110	0.767340	2
012001040002	0.300834	3
020102000001	7.597763	0
021101110040	0.661608	3
202000201040	0.578035	0
212002001200	1.319369	2
100122000201	0.109136	3
001210001220	0.822350	2
122100110003	32.627872	0
102220022112	1.287665	1
111001202021	0.765448	3
010220222000	5.639515	0
114040204244	0.292326	2
100020202020	0.765252	0
001000220023	1.098038	0
221133122333	0.796270	1
000000320022	2.519926	0
010200020010	1.380411	0
021112000222	1.215652	0
001021000221	1.314614	0
021120100003	0.763193	0
002002012011	5.906061	0
021002021111	0.863938	1
000001310201	0.411617	0
002120012012	0.458665	2
120210210242	0.787421	3
000220020043	0.848719	0
011010201022	0.688351	3
000102320140	0.873860	0
000210002012	0.715994	3
210011201202	0.780660	3
010100220010	0.706487	0
111111	0.950510	1
021200001010	0.670025	2
112012200011	2.705849	0
210010000040	0.584901	0
121200212121	0.844625	2
011001000002	0.645272	0
041410441412	0.667207	1
000000302220	6.916324	0
220000112013	0.694794	0
112112222112	59.505354	0
211002211100	4.162216	0
201020021023	51.009239	0
000100010041	1.694616	0
020020010201	0.951076	0
012001300100	0.494627	3
210012000122	0.819336	0
100210000000	0.064407	3
014240014144	1.100708	1
020101012220	0.813634	0
021000200001	0.684163	3
121000102003	0.164692	3
020000220043	0.461145	0
010000241000	0.662057	0
210202000101	2.243204	0
210011220112	0.521591	3
200210021000	3.306006	1
021120022000	4.032137	0
201222002121	7.652778	2
200210211100	1.136345	1
114240114045	1.033594	2
000000010111	0.483930	0
040401540402	0.595486	0
012021200202	0.767211	3
212200211000	1.358505	0
210002101100	6.973415	0
011000020140	0.568031	0
121010002022	0.627971	2
010211200002	0.800960	0
201200011100	1.596896	0
021001002201	0.340491	3
200010100021	0.592679	3
331000	0.447474	2
120120020100	57.724071	0
210010210202	1.146524	3
210022102010	0.983797	1
020001110100	0.313499	0
200200022000	5.415703	0
000000301201	0.358598	0
100210002102	0.821497	3
110200211201	1.089022	3
012021002022	0.626301	3
001002042021	0.853144	0
210002220043	0.821600	0
022111110202	0.824843	2
200210010000	0.945904	2
021002010020	0.799050	2
202233111333	1.154530	2
221000112003	0.148630	3
021001010101	0.576970	3
202001042012	0.812391	2
022020300112	0.810729	2
220100101200	0.802698	0
021102020240	4.053271	0
020021300121	5.376065	0
200000042021	0.689435	0
000110040122	0.741448	0
000112300122	0.309440	0
100102100040	0.607606	0
112010201100	0.686046	3
002002301012	0.861718	0
112201210000	0.819730	0
202212011021	1.153918	2
002200212221	0.826222	0
332200333101	2.189844	0
220200010003	0.590555	2
100202020100	0.265544	2
021021000122	21.826455	0
012002002203	0.856670	2
121001222020	0.656674	3
201210301022	0.794458	2
022011201011	0.814657	1
001033000333	0.009142	2
221101111221	0.647981	3
100011221022	0.757680	3
010102020000	0.124527	0
020122200211	0.951166	0
101120002201	0.835272	3
220120111010	0.827948	2
201001001022	0.409873	0
120111	0.222820	3
201010001023	0.432196	3
001102020220	0.690601	0
210000212100	1.005116	0
330222333122	0.730438	1
000011000200	0.207931	0
211112221021	9.773305	0
331001	0.550395	3
010010000140	0.718873	3
011020222010	0.707975	0
112011200002	0.684796	3
001020110000	1.663293	0
120111212222	1.011317	3
100012000020	0.245877	0
100120201201	0.803284	3
200000121040	9.653696	0
010021020020	0.804263	0
122120000010	21.936817	0
000200001140	3.943706	0
001122020001	0.732152	0
012020222012	0.864702	2
121101222240	0.349330	3
100120000211	0.457036	3
201210011220	1.213061	2
220010121012	0.830217	2
010001241000	0.693484	0
011012201002	0.820335	3
021121000220	15.741576	0
112011241021	0.712599	3
211020222020	164.721243	0
022000211020	3.944376	0
001011001020	0.622132	2
212002121010	1.152930	2
222000121043	0.546053	2
040420442411	0.690377	1
000102020003	0.929552	0
201000000120	1.195658	0
200101002211	0.709013	2
020011110200	0.780917	2
101201100140	0.719555	3
221022101021	0.806555	2
202120201000	0.692583	1
330210353121	0.590320	3
200210300202	0.863398	2
021101320201	1.157061	3
220020112010	0.663053	1
102102200010	19.020691	0
001020200022	16.139905	0
110000200001	0.407508	0
210000142020	1.388540	0
200022300211	0.748473	2
021100120002	1.452720	0
200200220010	2.013390	0
010000102003	0.363014	0
010001340001	0.713588	0
220000001023	0.583119	0
000010342020	13.327929	0
000200000042	2.013889	0
000200041010	0.570286	0
112002201020	0.476233	1
002102000122	5.608398	0
020012222001	0.766135	0
001212300202	0.809778	2
202201201200	1.511777	1
000220021010	1.723781	0
010021220102	0.821650	0
000102220100	0.246867	0
020111	0.200339	2
121020122013	0.850026	0
212210000020	3.338349	0
220000111100	0.504339	0
020220012112	0.659286	1
202120000100	0.802755	1
001000300021	0.254879	0
000022301011	0.785404	0
101120102000	0.498112	3
010112220112	1.001805	3
012112220000	1.138730	0
000201021112	0.837498	0
100212002112	0.601755	3
020033201333	0.115673	2
211011200022	0.644991	3
221102111200	17.694211	0
200022300201	0.617430	2
201211001012	0.833535	2
120220210211	1.196273	1
001011042002	0.727888	2
010010202002	0.771268	0
022201000110	1.777968	2
101220100011	0.580829	2
120000100100	2.244149	0
011120020100	0.805760	3
024040114045	1.323879	1
000100002022	0.928737	0
100000111200	1.170823	0
000021041020	15.095887	0
110220222000	5.335999	2
200000110100	0.581204	0
022122110011	0.816390	2
021100110040	1.375927	0
110100221222	0.763339	2
200220011201	1.454959	0
001210000100	0.781420	2
021200012203	0.770829	2
202201	2.447932	2
010010220200	0.833090	0
140410442422	0.643785	3
000100020220	1.011894	0
012011201010	0.678343	3
001001100140	0.737953	0
201112002220	25.470585	0
020020000111	1.138330	0
100100200001	0.578646	0
122202211000	0.383715	2
212020201000	0.360178	2
122202210003	0.474944	2
200100010101	0.597240	3
120211210242	0.794095	3
021201210210	0.643255	3
012100120040	0.710398	2
210112220200	7.505943	0
001001102110	0.785112	0
010211021122	0.967590	3
010011120000	0.741312	3
120000101002	1.338244	0
014040204244	0.110948	2
110010211221	0.591385	3
102220212012	0.820948	1
000200202100	1.406245	0
010100020010	0.604528	0
020200002000	0.618589	0
001020002111	1.297148	0
202000221221	0.830847	0
021221	23.212764	0
110202220240	0.799536	2
221012001020	0.701527	2
121001102012	0.668232	3
141400442421	1.458351	2
002210001000	16.853126	0
201011042020	0.586087	2
012011200112	0.597082	3
112000211222	0.751023	3
010012020022	0.292600	0
222010141011	0.749060	2
210211002002	6.802297	0
121012012221	1.740903	1
000200040020	2.626151	0
100021000022	0.881047	0
022011040002	1.131846	2
020200010102	0.401184	0
010020040010	2.953839	0
221022101121	0.705093	2
004140224045	0.343294	2
000120041020	0.556755	0
120233211353	0.797690	3
020100210102	1.790189	0
102020000011	0.358727	0
012102221220	2.264561	1
330000333241	0.425408	3
020002012000	2.163230	0
120112202201	0.604835	0
000202010000	0.486226	0
001000220040	1.744939	0
200200110001	2.276312	0
220000120003	0.007839	0
111020212001	0.833165	2
202210000010	4.127802	2
002010102020	6.633316	0
200120040000	3.602140	2
220000121000	0.050393	0
020220011100	1.884178	2
212210001010	4.008431	0
201000000012	1.811540	0
000020020101	7.905494	0
210000120240	0.682556	0
210012100002	4.783879	0
002101320200	0.924176	2
100001020100	0.793869	3
001121200212	2.105886	0
140410442420	0.108641	3
000220020020	5.450044	0
012033201333	0.201699	3
001010102022	0.470276	3
002102300110	2.562658	0
201210001222	1.069175	2
020120020002	16.624516	0
210122122210	1.155905	1
201200010000	9.635003	0
200010202012	0.620316	0
020002220100	1.804342	0
010022300211	0.669551	2
100000121110	20.235115	0
122100002003	10.904183	0
100001212000	0.716692	3
020100210221	1.763269	0
010010221040	0.510097	3
202210001220	2.154054	2
001102300122	0.763993	3
001001202020	0.500773	0
102202002111	2.086602	2
022010012020	1.214338	0
221020101023	113.292145	0
202000001112	0.812813	0
101020042012	0.457945	0
101220042020	0.545786	2
202210201110	3.205935	1
100010300021	0.740516	0
020201010240	0.104145	0
201000001110	0.845097	0
102120112210	0.755402	3
000102010103	0.908584	0
021101020242	0.788203	3
210112022201	2.041694	0
200000120001	7.056454	0
100100002000	0.115185	0
000010000242	0.531543	0
101012002221	0.818754	2
011121222220	0.674518	3
100120220012	0.880812	3
120210211201	0.618017	3
220200102003	0.134239	2
011000040011	0.805654	0
010001002022	0.822447	0
001000300200	0.158721	0
111220202003	0.665027	2
104041104044	0.710402	3
211010142021	0.728641	3
020210112200	0.773248	2
000220000222	4.310245	0
022020110112	1.557844	2
041420442423	46.519408	1
010211020112	0.523460	3
000010221000	0.773492	0
211222111101	0.978924	0
000011000011	0.800916	3
000020301220	0.761638	0
212012201220	2.024306	0
000112041102	1.485401	0
021001012202	0.855318	3
330122333001	0.574417	1
001000212023	0.866068	0
021002102020	0.801459	2
010001020220	0.671970	0
112012200120	1.283768	0
041400442422	0.340429	2
111000002022	0.644458	2
022000111110	1.786725	0
000200001220	0.813054	0
021000011000	0.295978	0
110212212112	0.422157	3
212020102012	0.840874	2
202102001200	1.644316	2
001001040102	0.691776	3
110220012003	4.424730	2
100100010240	0.224012	0
000010012002	0.794694	0
211012010022	9.552698	0
021000200200	0.594817	0
112202222010	1.054013	2
000001020010	0.658728	0
221100102020	0.837853	0
010101120221	0.346476	2
022011002212	2.854440	1
221200112200	0.361624	2
100210110102	0.848281	3
110200211010	0.745949	3
000000010103	0.721680	0
010000201022	1.282442	0
202210	3.547257	2
011220212112	1.117055	0
020100122020	0.636448	0
200202102101	0.804789	2
022110000012	3.267832	0
220121102211	0.624770	1
110101	0.325197	1
200010300021	0.834012	3
000001002212	3.535948	0
202012101211	8.323022	0
002010001210	1.028254	0
121001102120	0.733538	3
100010001221	0.659254	3
210033242333	0.142021	3
000020300012	0.097163	0
020010200001	1.133011	0
000102000242	0.705179	0
212200211211	1.061203	0
002011120112	0.787154	3
120000010040	68.967104	0
111201212040	0.631656	3
110220212100	1.127525	2
100120102011	0.670069	3
122211212112	5.265233	0
350420353420	0.461661	1
000020302100	0.840664	0
002210010010	7.082363	0
002000100001	3.937475	0
001202120102	0.576812	2
220102120120	0.678824	0
001020121020	37.142185	0
024141324244	0.783292	1
000001042002	1.771267	0
202002000000	0.451782	2
002120022112	0.289882	2
012011040010	0.645544	3
022101110101	0.775208	2
010200010110	1.125581	0
002202120100	0.377024	2
010012210001	1.486796	0
012021002211	0.709624	3
102010000022	31.130190	0
200102200000	1.459500	0
112212211100	3.664359	0
022100010202	1.769332	0
001001300200	0.497995	0
330002333220	0.177475	2
014240024044	2.508127	1
000020000140	0.739937	0
212220211010	1.479577	2
000020300040	0.050548	0
000100020141	1.818719	0
041410440422	0.050724	1
202012001202	12.043610	0
201002022200	1.472543	0
002010222012	0.962742	0
100010100020	0.218362	0
002001210000	0.813997	3
020100000003	0.147520	0
221020100001	0.722823	0
102002000202	3.517415	0
000222020121	0.102174	2
100012202011	0.820915	0
201020042012	1.520905	0
210110000021	0.702315	3
102212000141	1303.653102	0
001100041021	0.699703	3
220201000240	0.638322	2
020002210210	2.306684	0
201002001100	1.267914	0
010220212100	1.143747	0
350421353420	11.081559	0
121220222211	0.747531	1
001200000000	0.546853	0
122212110101	128.638875	0
002100300100	0.379913	0
021001010102	0.486727	3
200020221010	0.760545	0
121000102120	0.958115	0
002022012111	0.573749	2
022001310000	0.574007	2
001100200000	0.622087	0
100010101122	0.784634	0
022001010100	1.118163	2
020110212200	0.713689	0
012010200020	0.111840	0
022120211110	3.666777	1
011120201120	0.777814	3
212202121120	1.554180	1
002020000011	0.294031	0
200101020000	0.837886	2
202211300222	2.913069	2
001210101022	0.803933	2
011022020001	0.747818	3
201012300021	0.497991	0
002021010210	0.495437	3
012011201212	0.781741	3
020210210211	0.600409	2
012002001020	0.395059	1
001212300122	0.482141	2
211020120000	10.567777	0
002002022110	4.730704	0
222000101110	0.775888	2
200120010110	1.078617	2
121220112221	1.737705	1
200033140333	0.727910	2
100000020100	5.522754	0
010000110041	2.521757	0
112033201333	0.140274	3
201000000203	0.817942	0
121212202121	0.773750	1
220120110020	1.414915	1
100011220012	0.857529	3
122102011211	5.295685	0
211121121200	69.928026	0
101021002122	1.044968	3
112102221220	1.007819	1
101001022012	0.831694	3
100101020202	0.370568	3
201012121020	1.286891	0
121220212111	2.320612	2
200000302000	0.793692	0
000002001200	0.258460	0
100212020112	0.744229	3
021120010012	8.653763	0
200210221000	3.259264	1
000011000242	0.399688	0
100101002000	0.516124	3
112010240011	1.184152	3
010202000102	0.388751	0
022021300112	3.300077	2
120110220010	0.837432	0
021101	0.134898	3
110200210003	0.910358	0
022021000012	2.357118	2
000022000202	0.498663	0
112033021333	0.516371	3
012011200020	0.842170	3
000010300021	0.101447	0
021200211010	0.629793	2
020001120000	0.597335	0
102000100003	1.774471	0
002002001210	3.578754	0
102000101000	3.025478	0
021021000010	4.371936	0
120012211221	1.741272	0
110021211010	0.829624	3
120010040001	0.835332	0
221101111201	0.437544	3
100122040221	0.626541	3
002020000021	1.136395	0
001200010140	1.085170	0
212202111120	1.716813	1
000222302110	0.833875	2
000020210200	5.101156	0
000202000122	0.107316	0
120000210000	3.397107	0
222000101120	0.539602	2
200200011210	1.952671	0
010100120212	0.675224	3
001100000040	0.434718	0
020002100101	0.859395	0
220120120020	2.971493	1
121000002000	0.164598	0
010011242022	0.631227	3
001233	0.653409	2
012001000101	0.648151	3
040400540400	0.046378	0
011021211002	0.836739	0
020122020021	116.071132	0
022121112211	0.544109	1
012012002010	14.028979	0
100011001212	0.785142	3
201211012122	3.173594	2
121001002210	0.762560	3
200011000112	0.213795	2
000201300012	0.684481	0
000012000210	1.053376	0
010102120243	0.160618	3
001001210040	0.544607	0
012012000102	6.290956	0
002100110102	0.706905	0
100211110140	0.863394	3
022021002211	2.153368	1
001020200003	0.895936	0
000020300002	0.212966	0
001001101011	0.669046	0
101001200102	0.700418	3
000001000222	0.140981	0
002002120101	21.096285	0
102220000211	0.862918	1
020012010012	1.518887	0
101001202010	0.503687	3
110112210241	0.680175	3
121020200010	1.108358	0
212033121333	0.342362	3
200002021121	0.802625	0
002110120010	0.731679	0
110001211220	0.625669	3
021120010022	0.731269	0
200110000210	0.824176	3
001000342010	0.872398	0
212001221020	0.353359	3
010012000020	0.161945	0
000200112000	2.902122	0
000001202002	0.651000	0
022110000202	4.575363	0
201000001003	0.045938	0
200211102112	0.429822	2
000120101001	0.850204	3
001211300101	0.874917	2
001220042010	0.868132	0
332212333041	5820.766134	0
002120020112	0.605177	2
002220300211	0.730307	1
020102000100	11.742785	0
002002220010	1.657354	0
014140114044	0.336043	1
110120220001	0.855152	1
020000022010	0.580109	0
331202333012	0.735506	1
112010201001	0.663336	3
120211112102	0.866251	3
201201110200	2.346620	0
101020212012	0.706062	3
022211211202	0.749799	1
110122220201	0.618633	1
121220212122	1.270242	1
100002020003	0.837750	0
112212221100	0.778505	0
010201210000	3.756046	0
002202110100	0.479091	2
002010021010	1.297848	0
000200100240	0.573132	0
111220202110	1.455139	2
110210020040	0.466075	3
000020212000	0.656330	0
001012001021	0.109270	3
021001021000	0.683547	3
212220221010	6.038786	2
201000202043	0.445614	0
011000000100	0.730998	0
000210200020	0.827347	0
201010101020	0.288260	0
330100333101	0.745151	2
022200102003	1.165298	1
212022201111	0.753983	1
100202121100	0.774127	2
200010001021	0.736312	3
210001120202	0.751367	0
200212300141	2.596358	2
021001302200	0.975908	3
000011210102	0.833439	3
222000111020	0.336727	2
020021012010	13.579389	0
200012001000	0.754756	0
122220002011	1.090261	2
002010100001	6.435565	0
000000010010	0.715870	0
200010000043	0.258771	3
020112320102	127.568182	0
021221110202	14.100456	0
100100200022	0.686100	0
101021002100	79.040932	3
021012200141	0.802312	2
112001201021	0.728568	3
210202000000	1.917828	0
100012000201	1.321892	0
004040024144	6.572876	0
200201000210	3.702711	0
111220012210	0.916694	1
012100320100	0.846188	2
330102353201	0.482554	2
001020110221	7.024207	0
000110000102	0.245617	0
021102000200	4.402186	0
010000200122	0.750102	0
020011010002	0.664058	2
220000112001	0.709492	0
100100002202	0.657660	0
011000000023	0.747832	0
000201020101	3.184299	0
000220000212	2.948827	0
000201100240	24.396844	0
101220202020	1.532519	2
200120000112	0.798128	2
040400541401	0.911986	0
140400442400	0.119927	0
202101021200	0.767036	1
210112022200	15.744548	0
011210220100	0.592700	3
122121221212	4.887298	0
010000002000	0.125201	0
000011000021	0.757406	0
120021211002	3.004835	0
120010102202	0.635858	0
010000000112	0.672038	0
021101020200	0.060174	3
102202002122	1.509836	1
024140314244	0.422777	1
202000001121	0.604418	0
100021000012	1.722729	0
004140214244	0.201212	2
121101202200	0.787489	3
010001201020	1.754682	0
021020040020	1.158172	0
021202001101	0.739909	1
110002200022	0.737630	2
220011100122	0.813570	1
112202212010	1.240550	2
221002121001	0.736409	1
021201012222	0.562088	3
010000200220	0.743216	0
100100020240	0.277290	0
022100000001	31.963653	0
100112000002	0.609622	0
110212222112	0.693982	3
010102120202	0.445707	3
201121002212	18.822614	0
111000002012	0.736614	2
000200001210	0.739799	0
001201002020	0.762654	0
000000301020	0.639972	0
110200211020	0.554482	3
202000041000	0.118086	0
020101001200	1.350451	0
112020222012	0.702416	2
212010041020	0.347118	0
101120142020	0.738776	3
120011220112	0.573661	3
100212210101	0.877292	3
122120101010	4.369198	0
202210300211	0.804201	2
202110040010	0.783117	3
012033041333	1.209672	3
214140104044	0.710417	1
000102200140	0.681373	0
210001020101	1.162597	0
210000120202	0.827713	0
000220002211	10.596339	0
120021010102	1.113054	0
222001111020	0.804091	1
201102221100	8.987238	0
010020200010	1.181321	0
102100222020	0.761765	0
022233011333	1.879528	2
002021300011	0.880823	0
021001211220	0.824591	3
201221001200	51.563343	0
001000010002	0.545775	0
330210353020	0.804865	3
002010001220	17.928675	0
001002	0.972631	0
001000202200	0.658401	0
012102111220	1.221001	1
000102120000	8.571658	0
200010100200	0.765791	0
211002002000	22.500451	0
212002020010	0.802900	2
121020202000	14.916666	0
020000220003	0.043433	0
020202000120	0.710312	2
110221201022	38.420197	0
221201012200	0.739109	3
000200202001	0.814425	0
220122111101	1.032455	2
200200300220	4.340385	0
220001300000	0.695680	2
020002000202	1.912778	0
002020020210	1.163550	0
010012020012	1.044819	3
222200111112	0.816701	1
022210010201	0.720578	2
001210340020	0.782979	2
200200000220	3.656549	0
200100010000	0.190264	0
000021001000	15.822212	0
112220201011	1.565359	2
330102333111	0.892622	2
000120041010	0.841019	0
100100200100	0.262600	0
001021000000	35.729416	0
110102121240	0.775486	2
201210020122	0.864966	1
001000210040	1.358470	0
100000122200	0.766641	0
210211110102	0.920979	0
002020002012	0.127565	0
120100211200	6.587373	0
200122100201	0.914148	2
004041004045	0.143769	0
100002000002	0.459288	0
022122210111	0.785492	1
000200012040	0.842021	0
100001010100	0.735518	3
332200333000	5.714711	0
000012042011	0.571420	0
022121012112	0.999118	1
221001101101	0.495632	3
100210202001	0.809803	3
000010220140	0.754103	0
001020002010	0.509829	0
000112000112	2.622424	0
110010210222	0.851101	3
011000040022	0.682326	0
012200020140	1.409814	0
002102221210	0.882984	0
211000210003	0.642068	0
000201010210	3.560460	0
012202212100	0.644125	2
021020012212	1.590606	0
001022000220	0.550392	0
120000100001	1.145936	0
022002010003	0.854756	0
000210020040	0.684972	0
210210110240	3.337340	0
010220010210	4.614492	0
012100220140	0.739759	2
000021300002	0.065795	0
100100201002	0.667788	0
100200000022	0.790452	0
022020012210	0.801831	1
011202212102	0.597567	3
022010010102	3.882926	0
120000201000	0.482224	0
210022340011	0.771744	2
210211200102	2.947558	0
010002010100	0.432606	0
000000011043	0.649994	0
211121220221	1.286147	0
210200000010	8.194271	0
202110001120	0.787912	3
000002100011	0.674114	0
200000000010	0.860260	0
022120101010	0.693316	2
124240214045	31.461089	2
100112020001	1.209091	0
001020200011	1.543281	0
102202002010	1.146842	2
121010100000	0.785697	2
212102221200	1.685284	2
014140004244	0.211442	1
022200000003	0.840501	2
020102112100	0.805235	0
020121120200	1.297107	0
002021122212	1.134598	0
220000100043	0.034291	0
010022000210	0.745956	2
024040124045	0.588928	1
021011012022	0.731981	1
112020212112	0.594760	2
012011002012	0.559635	3
201200111000	7.648329	0
100000022002	1.327537	0
200220010200	1.022538	0
221000120001	0.846782	3
012102040200	55.211008	2
010010002012	0.768760	3
330001333040	0.033842	3
001120040021	6.600277	0
100020022003	13.323391	0
000002001021	0.712807	0
022102011211	5.680533	0
000211200112	0.666649	3
022021000112	3.824404	2
000001002121	0.851044	0
200233111333	2.015129	2
010010001000	0.510604	3
000002320001	1.036588	0
201000001011	0.511776	0
022200112011	1.061909	1
212001141001	0.764964	3
001000022010	0.576887	0
200021001220	0.768025	0
001000020102	12.887587	0
020100000022	24.593230	0
022010300111	1.898960	0
001001102120	0.775649	0
001001020240	0.691366	0
000033022353	0.615489	3
121220112000	2.306832	2
002020202010	0.465010	0
201211100122	1.111013	2
201120201023	128.745848	0
100220010002	1.351256	1
012012002201	5.831655	0
221000121003	0.093403	3
120233201333	0.740884	3
110002211211	0.656500	2
021001222000	0.540184	3
212002211010	1.933684	2
221211111222	0.823706	1
000220020121	12.374306	0
110021211201	0.915170	3
010010201000	0.428083	3
020220110100	1.665182	2
202210101010	1.449144	2
000022300120	0.361388	0
200200011001	2.639919	0
210210120002	1.995714	0
100012	0.657782	0
001100320000	0.844448	3
100010010002	0.715669	0
000200001102	1.481326	0
011121020212	0.700015	3
000002040111	1.970009	0
110001200100	0.672005	3
210001010000	0.674912	0
210001201200	0.622855	0
202210221010	0.787406	1
102002100000	5.998393	0
000210010140	0.563862	0
000110040000	0.411652	0
332010333200	135.673689	3
100100000101	0.379747	0
204040004044	0.009817	2
102202201120	0.771441	1
000220310201	16.162049	0
200201012003	0.829377	0
001020002122	1.184338	0
200101110240	0.703655	2
142400442410	120.096773	0
101000220020	0.677694	0
110200211120	0.369759	3
002101300001	0.607434	2
001012000002	0.717348	0
014140004045	0.295879	1
000112012202	1.084940	0
000000010201	3.640497	0
141400442412	0.289421	2
012020021010	0.842107	2
000112040101	1.106690	0
200010000020	0.064239	0
200002002011	0.769056	0
201102000201	1.124628	0
021122000221	3.315244	0
001121002220	0.553099	0
202212300021	0.811260	2
000102020202	0.256667	0
112001200002	0.396033	3
010012010112	0.865173	3
121201012200	0.424520	3
000112000020	0.697355	0
330201353102	0.439523	3
001000000201	0.853417	0
000111210202	0.599662	2
001121020022	0.848787	0
220001110040	0.535927	2
102102002200	2.566520	0
112021201000	0.751724	3
002011220012	0.752730	0
000200100220	0.821222	0
100220002111	2.716946	2
112000202010	0.820874	0
210211120002	6.140413	0
202020111011	0.824509	2
221100142000	0.760333	0
211220100010	1.366112	0
012102220010	0.680085	2
010012001010	0.843794	3
200102100100	1.444384	0
112112221202	1.696473	0
120210210212	0.843468	3
201210300220	0.736124	2
012002000110	3.319059	2
100210201100	0.814912	3
202000010000	0.697553	0
000222121121	0.565891	2
000011001002	0.327173	3
200200100011	1.184880	0
012110000001	0.787088	3
024142014145	0.659615	1
010000042002	7.935331	0
100220101013	0.774934	2
001101100200	0.821250	3
001022200001	1.059013	0
002201000200	58.162183	0
201000142010	1.584102	0
002100300001	0.343464	0
122000211010	12.613695	0
012212220020	1.114047	0
022011101010	0.680124	2
100112012202	1.040654	0
210022100201	0.808836	2
020201020240	0.658224	0
001200101000	2.361222	0
110122022200	0.841811	1
010020211000	1.392942	0
010020000200	0.288081	0
010202210122	0.489541	0
120210210200	0.228774	3
140420442421	1.607047	1
001121020200	1.029303	0
001202020122	0.547593	2
210010211000	0.878341	3
001100040022	0.786136	0
001000100102	1.655681	0
102033201333	2.142460	3
022101110000	0.853239	2
222020101000	0.652053	1
002121002210	0.781216	2
012002201010	0.503675	2
330212353102	0.649169	3
201001202020	0.707616	0
202000211100	0.648875	0
201201001221	0.805040	0
000200001001	1.529395	0
102001011000	0.790070	3
000011200102	0.430666	3
001120002220	0.732720	0
200020101003	0.753055	0
100121020212	0.742505	3
221001302020	0.611001	3
100011000222	0.481234	3
021220212100	0.999981	2
020021112212	0.820609	0
002022310201	0.754122	2
000012001222	0.620148	0
022212111112	2.075411	2
010220112000	1.469327	0
014040014245	0.476371	2
112220210211	1.051864	1
201010	0.477620	0
012010002012	0.625052	0
022221210212	2.452050	1
102022201011	0.790422	2
200221010200	17.695317	0
204241004244	13.136306	2
014141004244	0.718485	1
021020002021	3.152443	0
201210101020	0.438873	2
000122300222	0.478652	3
332202333122	0.976747	1
101000122210	0.679185	3
011002000021	0.772058	3
121220212010	0.497085	2
000222010011	0.791653	2
112220202120	1.217869	2
010210010020	1.009777	0
200000000201	21.635925	0
200210000140	13.975455	2
000022101221	0.788609	0
102000100010	48.309765	0
100020300020	0.762341	3
021021300011	3.859479	0
000201300100	4.258259	0
000021100210	1.462247	0
200102010122	0.775152	0
200212000022	1.200343	2
210002141003	1416.408860	0
110010002012	0.851783	3
210002140000	162.959772	0
011020110220	0.849377	3
220112120102	5.020416	0
200120111110	1.062743	2
100000122011	0.580536	0
002010020020	10.523304	0
122001200010	1.074863	0
002020110012	0.663595	0
210020001010	1.806483	0
000000221010	0.403618	0
210002212003	39.528936	0
212000101120	0.679864	3
010100221023	0.615567	3
001210000022	0.584767	2
210012200220	0.789193	0
212200121000	38.778794	0
010100220020	0.677269	0
020200110101	0.634461	0
001020110010	0.757262	0
011121001221	0.830155	3
112002202000	1.016522	2
024142314044	0.859320	1
210000	4.327470	0
000022310221	0.274612	0
210012000200	5.038790	0
122021201012	22.741285	0
120220110100	1.510636	2
102202200003	0.494896	2
101020022220	0.818942	0
100000020001	0.541786	0
001002000201	0.292442	0
012002000022	0.412817	1
000000200221	1.020461	0
204040324144	1.001189	2
210021100210	0.849187	0
120200212110	0.359309	3
104041	0.845723	0
012102120101	0.632050	2
010101000222	0.739214	2
020120120201	1.161004	0
222010001000	0.593730	2
000001001212	0.475572	0
101000122211	0.763179	3
200000002000	0.173271	0
120102	40.356386	0
334241334044	2316.879850	0
112200010000	3.503085	0
012002022220	1.362182	1
002120010012	0.644569	2
210021122012	1.245932	0
102000100000	16.700336	0
000212000141	0.474474	0
012011120112	0.824551	3
100102010100	0.750954	0
022021300012	2.239181	2
101012102022	0.713186	2
000002202020	1.056338	0
200012041012	0.673518	0
211000141002	1.152885	0
001202110040	0.808631	2
332012333211	20.720739	0
110210212002	0.680902	3
201211000220	0.686663	2
120000220100	15.423057	0
200200010220	4.526567	0
200120011110	0.846058	2
001212300022	0.715158	2
001201010000	0.864967	0
020011111112	0.718546	2
102122041001	0.787779	3
210000211210	2.729294	0
120233211333	0.647100	3
210212111122	1.629942	0
112202222000	1.701126	2
100033122353	0.565504	3
100220	2.932623	2
011120201020	0.538898	3
200211100202	1.065199	2
332020353012	0.733364	2
100101021200	0.827391	3
021112340121	1105.200403	0
020200110100	0.206413	0
201211022022	1.024773	1
011222100101	0.780251	3
140410442401	0.251164	3
200200212000	5.562998	0
000010110002	0.492777	0
021120022010	3.784596	0
010201000240	180.655021	0
002000002101	1.142202	0
010100122200	0.664682	3
102101041011	0.582453	3
021022021011	0.835306	1
332002333102	1.406512	1
200100012000	0.784586	0
012001242020	0.751293	3
330211333002	0.159467	3
120110022002	0.840854	0
000000011020	11.036007	0
001220002110	1.332108	0
002010201212	0.710625	0
201002001000	12.969431	0
001220000002	9.802176	0
200120001003	0.570930	2
202011000022	0.754080	2
000011220002	0.347582	0
012001041011	0.715916	3
010002110000	0.103778	3
202000111003	0.352984	0
041400442423	0.866052	2
200200100010	2.785448	0
010001220101	0.845658	0
100220001013	0.555813	2
024142114145	0.888246	1
022001010000	0.438382	2
001000300002	0.081831	0
002000320100	67.690421	0
120200110010	0.478087	3
121000102020	0.545801	0
100112112202	0.816265	0
332221	197.645733	0
002100300000	0.130373	0
100120200010	0.483088	3
000210020222	0.607298	0
202010042010	0.775720	0
120210210201	0.577342	3
222033101353	0.343368	1
020000011040	8.534682	0
220102122200	39.511485	0
001220220101	1.050469	0
000200020041	29.030637	0
020010102000	0.988476	0
212211000112	1.323659	0
010201220100	13.842638	0
200011340000	0.865544	2
200002300002	0.843635	0
101021042012	25.565172	0
212212001100	1.581276	0
000000021012	0.931846	0
120022110041	0.736774	2
000212110102	0.554284	0
202011201122	0.780349	2
110210010140	0.846288	3
021102000002	1.553900	0
120122002103	691.617963	0
100102120202	0.878844	0
102002001200	4.914618	0
200110302001	0.865569	3
120121000000	48.965510	0
002211	19.357787	0
101000212020	0.683649	3
011112020101	0.554938	3
001001022002	1.030723	0
202011001210	0.536348	2
002100020002	0.724928	0
200210300221	1.044881	2
011001000040	0.628545	0
021001011100	1.393255	3
022212011112	0.891752	2
020000040000	0.038395	0
202211300212	0.761119	2
002200200022	0.898181	0
210100110000	0.601238	0
022211010100	1.090474	2
002012022001	20.175052	0
201201102102	2.490062	0
000020041012	0.812097	0
010220012000	5.357138	0
002000210100	0.653080	0
210001010001	0.831478	0
110211220240	0.657435	3
211000101003	0.458821	0
212002141010	4.537040	2
110001200101	0.653891	3
220210122200	0.737228	1
000122000240	0.719593	0
012121020211	0.661282	1
000000300010	0.035072	0
000000302102	2.273309	0
120011221122	0.731944	3
110200212102	0.293884	0
202000011221	1.726726	0
042411441422	6.160727	1
200212020120	0.742831	1
000211020222	0.633859	0
102020201000	0.619191	0
000012100020	0.970930	0
010200012000	4.141384	0
210110100200	0.850398	3
101002122201	0.860817	2
112222212121	0.432656	1
010002120000	0.112842	3
114140024144	0.504441	1
001020042002	0.819269	0
001121002221	0.776418	0
014040104045	0.124244	2
210020222011	1.874333	0
110220210220	0.942250	1
112010210020	0.903034	3
210000111200	0.987500	0
200010100002	0.502761	0
100002042010	0.782556	0
041420442420	12.968322	1
011002020001	0.532092	3
102121102210	0.698077	3
201101002220	0.790677	3
001000211000	0.775962	0
000100002000	0.216567	0
001010021120	0.701208	3
101220202013	0.868233	2
211000121003	0.779736	0
001021042012	36.997300	0
110022211101	0.119804	1
022212300122	1.400083	2
102102000000	2.769350	0
001002042002	0.645537	0
110220012000	2.802730	2
112000202011	0.832726	0
000100200220	0.541563	0
002202002101	0.684074	2
000100020212	0.868493	0
101100000100	0.787407	3
000000301222	0.820876	0
220133111333	0.725286	1
112102220101	0.298265	2
020102	23.102024	0
012201020000	40.060584	0
202021000011	0.814950	2
120200212220	0.794562	0
000100320001	1.201539	0
010022000211	0.502345	2
212000211120	0.750352	3
100020122020	0.866937	3
200220010201	1.144736	0
002102300010	0.727712	0
121012202221	0.883282	1
202210000222	2.015149	2
210202122120	1.012394	0
120100202000	1.172231	0
211001141002	0.836917	0
222102	5.498327	2
212210211212	2.442686	0
020100340002	160.787940	0
210012101000	6.301650	0
010010001001	0.730403	3
000020220001	2.164487	0
104040114044	0.210767	3
000102010100	0.165943	0
020220211000	1.241142	2
000002020100	0.378801	0
112011201020	0.599529	3
202002000001	0.829768	2
001000122010	0.506990	0
102211002102	8.278230	0
001201300202	0.639591	0
100021000210	2.940585	0
002000101003	1.373845	0
200012112102	0.834703	0
010200210142	0.388021	0
000010010011	0.778760	0
020120011000	4.194312	0
020000310100	0.748736	0
200000000212	4.152613	0
112202121001	0.776902	2
200100020100	0.275514	3
000120040020	0.624931	0
122210200000	56.560266	0
010011022122	0.837257	3
012102020112	1.797883	1
002000020043	5.747457	0
000000110220	0.714417	0
022111220211	0.591686	1
021121000212	14.888342	0
001122	1.169666	0
210012201001	7.379759	0
100001000020	0.741165	0
000010001240	0.711482	0
110201201010	0.859771	3
020220010100	0.758839	2
000010210040	0.524039	0
021101021240	0.636430	3
220000121003	0.024526	0
041420540420	1.160844	1
201220112010	0.831953	0
220000120000	0.013510	0
020120210100	2.767040	0
120020002020	60.141506	0
110021221010	0.833214	3
100021102100	0.846948	3
221001121010	0.841639	3
102122002211	0.154331	3
010100020110	0.565472	3
110210012222	0.652900	3
000200202000	0.962471	0
102010042211	2.092507	0
200110101010	0.824598	3
000202300221	0.769216	0
000102110000	1.382125	0
220010121003	0.636411	2
100100200101	0.684778	0
202221000012	1.114282	2
022201110101	0.945496	2
122202211003	0.748377	2
200100010001	0.608916	3
211011000122	0.808567	3
210210110102	3.077297	0
000010300002	0.042980	0
201011342020	0.515715	2
001021100000	16.418447	0
220000122000	0.015330	0
012011200012	0.495951	3
111020222000	0.732691	2
202210100020	1.013245	2
100121211201	0.835551	3
210000211001	0.758198	0
120020102013	0.812126	0
021002020202	1.062940	1
210120221110	1.157875	2
100211010242	0.735853	3
021220012211	0.775899	1
021110022201	0.836940	3
100001101010	0.698017	3
211011	0.169415	3
212002210020	0.798402	1
022000120010	4.993540	0
002020001200	0.760574	0
000102302001	0.793980	0
350420353412	6.749621	1
100220021000	1.314756	2
020002210101	0.844933	0
102220012112	1.164080	1
021200210201	0.380989	2
100122211021	0.782209	3
201020000221	1.553195	0
210210010240	11.005193	0
010220010211	1.841938	0
021100010201	1.062512	3
202212021102	4.380348	1
002012300211	4.278943	0
102120212112	0.317121	3
012121122212	0.057641	1
102102041111	1.143732	0
110112220102	0.897535	3
000222300011	0.465563	2
220002102000	0.532578	2
120010040012	0.832752	0
010002110100	0.243514	3
330000333100	0.002014	3
110001210001	0.856992	3
001001100040	0.608898	0
101010142021	0.399333	2
100100210141	1.121842	0
011000210200	0.554991	3
220021100102	3.547428	2
114240214044	1.425391	1
021100110140	2.021232	3
001210300100	0.581996	2
200000110000	0.459561	0
100012042002	0.774373	0
110220222003	2.135294	2
002001000140	0.841940	3
002102300122	1.979717	0
200211320102	2.354142	1
000200300042	4.396334	0
004040004145	0.238944	0
002000241000	0.960204	0
212000211012	0.700089	3
000010000201	0.358794	0
202212301011	0.558750	2
211012002221	4.053192	0
112011201000	0.755550	3
020000320000	2.762849	0
022002110221	0.786858	0
101020042020	0.031200	0
212000201200	7.538944	0
021020000022	7.761709	0
000022001011	0.537017	0
100010122010	0.740460	3
010011210202	0.725940	3
101120102100	0.852312	3
210022001111	0.818264	2
210100020202	0.787593	0
000020011001	2.109643	0
001001142020	1.058819	0
000102220103	0.902844	0
200000201023	0.388682	0
121102212201	7.259188	0
101012101021	0.840677	2
120010200022	0.720749	0
120010212020	0.535746	0
100220000201	0.981449	1
000202100140	0.573362	0
202200001002	0.657214	2
012110020021	0.873546	3
010001222202	0.834077	0
122120001010	53.538551	0
212010141020	0.399524	0
021001102002	0.700631	3
010002020202	0.595347	0
210001020100	0.744273	0
021100121000	0.701092	0
212011201202	0.790101	3
022221010102	1.239722	2
102102000110	2.241165	0
110211201002	0.866706	3
022221310002	0.842421	2
000100200011	0.655891	0
141400442401	0.613368	2
210221110200	1.415338	0
102121002012	0.343519	3
010001020022	0.839105	0
210022200011	1.053812	2
210202122100	10.022208	0
121001012221	0.847582	3
112001200200	0.795839	3
021001120200	0.776067	3
010002002000	2.213091	0
201012002011	10.016186	0
000102020000	1.763341	0
010000022043	0.687448	0
014041214244	0.218888	3
200200012010	3.946343	0
001011000020	0.607250	2
002011020122	0.701657	3
000110100200	0.609762	0
101001022020	0.713682	3
010211000102	0.060841	0
010000201001	0.856915	0
002002300012	4.981898	0
211120	23.773223	0
202211001212	0.410372	2
212012211011	1.746543	0
021001011101	0.832269	3
212211101122	12.002293	0
220100100200	0.656732	0
102100001020	0.742989	0
221000112000	0.093449	0
021002010120	1.325895	2
200210020002	0.417478	1
202033021333	0.583138	2
202200101011	0.849429	2
110012011122	0.810685	3
010200110120	0.902923	0
200100020012	2.932048	0
110000002100	0.839741	3
330102333212	0.706597	2
201001001122	0.533226	0
201010001020	0.066104	0
022000300110	2.084673	0
001033001333	0.097296	2
120210212102	0.849077	3
041400542410	0.830973	2
022200012221	0.975851	1
200210002200	0.937965	2
100202021100	0.818868	2
120120221003	61.843190	0
120101020240	131.216081	0
000100002211	1.035198	0
200021101010	4.946414	0
112112221000	0.690840	0
332012333110	23.322741	0
022211112210	0.824619	1
221110101140	0.815486	3
001101021000	0.833281	3
120020201011	2.547177	0
201200011000	6.410746	0
122220102011	1.192409	2
330001333202	0.019126	3
100210020200	0.489629	3
002021201022	0.682998	0
120210211222	0.620217	3
002010000001	15.819567	0
210011220012	0.683588	3
120200222010	0.690336	3
000201210240	21.320832	0
000212300022	0.727712	0
200210021100	5.832633	1
140411442412	0.516221	3
202201021121	0.809939	1
200100222003	0.297689	3
000011202212	0.528724	3
100102020000	0.544431	0
000000300201	0.667787	0
100210002002	0.605267	3
200020000211	1.930989	0
002011102012	0.963484	0
002002300220	3.766412	0
120120021100	18.435632	0
010210000240	2.193561	0
202001000022	0.730487	2
110012202002	0.871696	3
020000100100	2.250716	0
002120011100	0.881492	2
200201000221	3.609468	0
112220002010	1.103969	2
012000211200	0.830180	3
011010200022	0.491909	3
002112020201	3.952570	0
000022100003	0.804882	0
000000220020	1.015041	0
021111211222	0.593483	1
020002100100	0.772594	0
002020120112	3.219089	0
000000320122	37.506587	0
000020040022	0.587043	0
022111022222	1.852427	1
020201302000	0.734207	0
102233100333	364.273655	0
100000010101	0.563082	0
022121112210	0.736506	1
110010202122	0.732589	3
100210001000	0.491266	3
101021102112	2.880139	3
211002211000	24.726198	0
102212000102	18.178401	0
100210010242	0.544505	3
021121112212	6.256718	0
000000002220	1.143696	0
100110201000	0.908958	0
100022000221	0.329004	2
012010200012	0.588016	0
210010000043	0.212388	3
041400540401	0.439023	2
002002020101	13.858177	0
022020112112	0.681729	1
102220000210	1.254994	1
100210120040	0.731530	3
211110	0.947201	3
000021100200	3.733545	0
201000100002	1.523480	0
330212333120	0.415741	3
120001100000	0.708840	0
221021102002	2.106282	0
200202012000	0.782260	2
022102211100	4.692045	0
010000002010	2.260530	0
010102100200	0.754110	3
220111111212	0.625571	1
022010300222	2.034597	0
221002100100	1.121225	2
120220211013	0.641609	2
000120101000	0.526861	3
100210200100	0.357531	3
001211300100	0.672270	2
102220022012	1.490653	1
104040304044	0.050705	3
020102000101	45.245112	0
100121202222	0.737011	3
021010211120	0.836389	2
200210010040	8.522204	2
112200200000	97.167591	0
001022001001	0.679548	3
101220022010	1.025262	2
020200110001	0.709799	0
101112002122	0.605243	3
222000111012	0.852155	2
112002202100	0.651373	2
211000101022	0.813314	0
002200010200	3.575714	0
100001000201	0.577533	3
020133000333	0.324176	2
001010020122	0.726208	3
201210100022	0.849980	2
122202211203	0.787176	2
201200012101	0.711271	0
020011010112	0.619009	2
212000101020	0.413034	0
120000220001	1.709556	0
001010300020	0.476103	3
010200021020	1.795191	0
332020333002	0.425294	2
000010140010	1.062155	0
112021212002	0.736635	3
022010220020	1.171617	0
022102110110	1.034858	0
010011211202	0.732582	3
100012142021	0.720854	3
002200212020	1.438514	0
000102002101	2.225142	0
200000042020	0.236536	0
010011000002	0.458741	3
200100112003	0.816452	3
012102022221	3.082109	1
100022000211	0.489967	2
100202000000	0.616969	2
112012201021	2.296173	0
100033042333	0.053520	3
211002221000	4.586354	0
001020042023	1.947963	0
000002101200	0.997190	0
001001001021	0.173879	0
000221012111	0.697731	0
331002333040	0.709768	1
102020002110	1.293669	0
010100020120	0.305076	3
010022210021	0.788377	2
022121011212	1.738759	2
100000212001	0.668711	0
221000222000	0.422940	0
020012210000	1.972465	0
012102021101	1.191969	2
012010002112	0.798472	3
210021141010	1.220507	0
102220012012	1.037468	1
200012300041	609.569007	0
200211002122	0.654391	2
101120041021	0.793382	3
210002141000	168.879338	0
100101002001	0.876462	3
100222020121	0.558043	1
220111121212	0.652134	1
101220012010	1.558787	2
000202012101	1.124267	0
012002040020	1.807279	1
102000001000	6.074523	0
011122120001	0.787864	3
100020000020	0.363769	0
210002020003	43.152301	0
010000201012	0.772025	0
002000100000	9.505908	0
110000201102	0.693683	3
201122002011	21.205218	0
000020110210	1.062344	0
202212010011	1.328610	2
100210210040	0.624478	3
000012202002	3.508393	0
101001012020	0.813743	3
220020110203	0.775202	2
000100200001	0.487033	0
330202333110	0.410391	2
021002020120	1.663221	1
022101110100	0.602358	2
200011040001	0.709229	2
001100220043	0.712515	3
112212211101	14.457781	0
001102021210	1.492938	3
202010021112	1.072097	3
010102010100	1.058663	0
101100202020	0.461562	3
000210042000	0.769389	0
001002220020	1.571250	0
020000100003	0.085966	0
212220211011	0.889466	2
000012000222	0.107189	0
330221333100	30.120533	0
100120100110	0.801014	3
020121000221	8.257240	0
000100002221	1.196535	0
120210210020	0.575102	3
021220212000	1.496765	2
204140214244	0.714667	1
000010122020	0.800849	0
110002220100	0.662235	2
221020100000	8.007956	0
041411540402	0.698817	1
001021020220	4.089066	0
202000010003	0.675774	0
002102000120	7.044970	0
100001042011	0.756485	3
200010101011	0.800874	3
220120100000	0.517893	2
000222120121	0.349617	2
212000210003	0.705099	3
330010	0.679637	3
000201220240	4.112244	0
122020211012	20.712706	0
110012212100	0.780264	3
012001002010	0.550040	3
200102101100	1.100213	0
001100041020	0.610769	3
211211202022	2.429090	0
221121101200	132.060764	0
100200202003	1.594505	0
020000110040	0.640635	0
001021002022	4.414287	0
122212010101	98.196332	0
330220333201	1.540378	1
002100300101	0.718164	0
022110122112	2.800908	0
002022112111	0.702482	2
022001010101	0.665287	2
010210120002	0.456439	3
200210010202	0.834559	2
111002222000	0.784455	1
000100102003	0.125957	0
211000020003	0.805780	0
010112020241	1.384851	0
021001300101	0.530221	3
112001201002	0.232208	3
012121021212	0.498030	1
104041004044	0.400728	0
022100110100	1.156086	0
000012140000	1.612472	0
200211010002	0.807064	2
211000221010	0.876205	0
021101010201	0.353776	3
111220212101	0.821881	2
201201020102	1.644448	0
022010222010	1.270752	0
010120000002	0.686024	2
202120111000	0.615358	1
201210011022	0.755096	2
221000110043	0.730774	3
120010200012	0.815982	0
212221211011	3.406354	0
022010100012	2.103256	0
114240124044	18.843412	1
110200210122	0.515042	0
212220100112	0.771158	1
201201101000	9.048243	0
120211211202	0.593458	3
220011000112	0.749313	1
100100010241	0.879136	0
221100101010	0.761028	3
202012201011	0.429283	0
010212010141	1.137829	0
211000220100	0.774053	0
011000000140	0.800661	0
101010022021	0.535340	2
002122102211	0.763814	2
200102202101	4.016223	0
210210110140	3.139628	0
000001042011	0.757968	0
200000111140	2.168234	0
110001200000	0.244934	3
021100111000	0.700851	0
200010202010	0.510932	0
010002020003	1.312629	0
100010001220	0.813791	0
022001110202	1.428711	2
022122020111	8.805830	2
022000210010	4.612370	0
101200100000	0.760746	2
210100200100	0.890956	3
000200040021	20.279951	0
010012120022	0.765595	3
004240004244	5.888293	1
020200112010	0.748315	0
020200110102	0.674231	0
222100211122	0.830040	2
120200211011	0.582514	3
112102220001	0.721589	2
110100	0.098124	2
021002220100	0.741179	1
000001010022	0.610295	0
221001111010	1.131025	3
100000102000	0.022794	0
200100020001	0.528467	3
331021333000	0.532537	3
121220112003	0.668388	2
004140204244	0.168136	2
100211020242	0.812536	3
000200301102	0.756007	0
001000220002	1.234401	0
002000202012	1.512810	0
220000021000	0.502764	0
200120040001	10.399170	2
002002100010	5.053812	0
332210333100	57.732547	0
020000101021	2.108702	0
022021200012	0.782971	1
221101112102	0.783326	3
214053224345	0.633495	3
210102220200	44.624948	0
000221300201	95.549243	0
010002020240	0.406970	0
210021211212	3.124433	0
024040124145	0.959663	1
011000202002	0.719538	0
200020140000	32.301002	0
002102300111	1.026542	0
002110002020	0.607963	0
201020000211	1.064983	0
220000100040	0.386347	0
200120000120	1.442001	1
202101211200	0.749232	1
022001000110	1.109905	2
020211000112	0.664887	2
001020022012	0.848940	0
001110002022	0.717277	3
210200122003	58.631983	0
201211000022	0.103728	2
001012042020	0.364092	0
001020020100	17.373767	0
121033	0.620191	1
000110002022	0.733782	0
104240014045	0.789086	2
202002101001	0.773909	2
120220211100	3.446522	2
200000100020	1.117287	0
101201200040	0.813873	3
000211200012	0.822167	3
002200200003	2.595006	0
020201110240	0.187573	0
021201012210	0.832563	3
011121222221	0.806720	3
101012002220	0.815632	2
110211010042	0.868518	3
020001000220	4.426413	0
000002000021	0.268135	0
352410	211.970096	0
120000201003	0.206227	0
002001221000	0.653802	0
010021011110	0.824522	0
001121002212	0.325066	0
120000200000	2.514416	0
102102041010	1.173454	0
110100200241	0.852961	2
021020201010	1.557395	0
101220100010	0.602793	2
211000210000	2.357347	0
200020000012	1.182147	0
000201011210	0.740665	0
121020102011	0.830988	0
000112300112	0.678011	0
122000212010	8.534619	0
220020102020	0.821282	1
001002000222	0.620180	0
000002101011	0.850675	0
221220110010	0.779844	2
210102122222	1.167507	0
011200020043	1.060233	0
121000212012	0.577370	3
210211011202	3.403979	0
200200300012	3.270500	0
210211200002	4.312535	0
000100020221	1.668172	0
000120040010	0.630396	0
211011101122	0.752375	3
011121020220	0.814416	3
000101012202	0.788467	3
120000000103	0.732887	0
100100200000	0.032583	0
001210040020	0.572422	2
200000000222	0.723289	0
211000220020	1.120666	0
100021001012	1.712773	0
000000120220	7.070893	0
200020202003	0.806019	0
100022000000	0.370648	2
020120010202	1.897221	0
010100020011	0.822905	3
110010211220	0.609919	3
330102353100	0.494443	2
022121012012	0.913469	1
001020302010	0.803037	0
100122101001	0.473450	3
012211010122	1.865394	0
000010220040	0.580050	0
021101011240	0.620241	3
100100222202	0.783702	0
212002100000	4.072593	2
022000021010	3.411752	0
042411441411	0.613264	1
011202020102	0.601728	3
202212101000	0.791310	2
002020302012	0.404005	0
012102221120	1.598425	1
010120020101	0.595562	2
001021001000	342.371178	0
122202112003	1.082827	2
001021110022	1.113801	0
001020010000	8.223034	0
010000200012	1.046301	0
000002021040	0.530345	0
012012201001	1.139393	0
202110041010	0.614852	3
212011211010	0.732704	3
020100211210	1.140132	0
124142	321.402988	0
202100101020	0.714945	2
210021001022	7.501975	0
100001	1.051287	0
021221010001	1.878303	0
000000020003	0.434230	0
101020002000	0.123369	0
010200000202	0.819613	0
110200210020	0.904860	0
202200111200	1.124551	2
020000300040	0.055889	0
000211010222	0.753133	0
100200202011	0.770086	3
022011220112	0.752974	1
112011241020	0.290355	3
000020301022	0.670022	0
010002002101	0.757249	0
000210110121	0.707698	0
112000220102	1.789255	3
210021040001	1.750842	0
220200111203	0.765029	2
122210010211	2.153348	0
220100101023	0.857031	3
100021001010	2.281541	0
002010000220	15.537719	0
110200012200	0.735627	0
221211112222	0.611949	1
041420442410	0.276274	1
101120002023	0.885568	3
210000121200	1.051009	0
000010300200	0.100287	0
021002210000	4.023050	2
004041304244	0.108108	0
022101320202	2.558089	2
020111010200	0.449139	2
110210020200	0.814457	3
010033221333	0.071447	3
101100200202	0.830686	3
210101120000	0.847209	2
100112000102	0.409383	0
002000012000	2.465789	0
201201002122	2.706911	0
001002040120	1.474702	0
200112001202	5.635058	0
202211011212	1.167796	2
101122200221	0.605589	3
020000100011	0.487012	0
210022100111	0.817841	2
010020002002	0.667675	0
200200020101	2.679273	0
021101100201	0.788491	3
200021001212	0.931204	0
202111211212	0.569203	1
022011000102	1.457247	2
010020000110	3.641349	0
101100002022	0.727326	3
100021000112	1.081622	3
021120000221	4.238381	0
002010020012	1.682440	0
121001012000	0.526350	3
001001220102	0.679465	3
100000	2.051456	0
110000202100	0.639151	3
022000210201	0.861014	0
210001002000	0.745414	0
100120002200	0.248273	3
000222021111	0.708296	2
212202011203	0.833663	2
100020001010	0.270583	0
000010220002	0.406300	0
001220202212	2.308881	0
101010342021	0.733836	2
020011010102	0.606218	2
221100101201	0.828388	3
120120120100	44.583635	0
000020010012	0.480040	0
011000200000	0.161647	0
121202112121	0.743119	1
201000042020	0.308321	0
021021300120	16.000224	0
100120200020	0.716265	3
020201010241	0.697002	3
020210211220	0.802253	2
202200000011	1.048397	2
012010002020	0.699508	0
202001040002	0.647286	2
122120002111	2.674698	0
101120020100	0.831307	3
010122340101	0.381765	2
020011020012	0.733927	2
000212120102	0.543002	0
221000110020	0.722406	0
021001110101	0.666509	3
022000222013	1.263800	0
212211000122	1.619661	0
100102000040	0.290768	0
210002201003	3.916765	0
022211210202	0.774550	1
022100100220	0.815581	0
120020200012	3.541289	0
000112210001	2.770369	0
020220112210	0.694490	1
000000222010	0.332785	0
001033100333	0.090813	2
222000141010	0.614719	2
120012010002	2.882627	0
101000212010	0.695983	3
000210320100	0.827525	0
001102120220	0.983042	3
110000201220	0.828428	3
201010100020	0.458299	0
112220220210	0.761687	1
022021300021	4.069045	2
004040224044	0.225319	0
211001102001	0.680224	0
010000020141	0.718552	0
000021202000	1.325694	0
100212021122	0.768627	3
000000042200	0.819645	0
210011000222	0.293125	3
210010021000	1.115786	0
120200212120	0.834054	0
000122300102	0.826297	3
212033120333	1.147682	3
201001202012	0.609678	0
000102200100	1.817617	0
022202110100	0.752818	2
100000222100	0.689336	0
022101111220	0.797043	2
220100100001	0.541761	3
012012200002	3.081585	0
120000022000	0.702519	0
020102211200	89.226216	0
001001041210	0.667178	0
012010201011	0.761275	3
200033202353	0.716596	2
201020001003	0.816180	0
101021202012	3.219241	0
112001202022	0.801204	3
001211020122	0.751648	2
220101010200	0.778849	2
112212212122	5.025838	0
011021020122	0.444664	0
100111020202	0.589728	3
102111002002	0.720849	3
001120020010	0.432382	0
002001000240	0.662680	0
000012022112	1.764078	0
200020100001	1.102163	0
112200212100	0.670305	0
200200010210	10.271776	0
024040204045	21.886618	1
010200120010	1.481571	0
001020120011	1.086728	0
202000221003	0.176703	0
200201300220	11.048585	0
112122221212	0.748642	1
220111022200	0.600960	1
211122120221	1.088004	0
021200210211	0.650596	2
012001041022	0.786675	3
111200212102	0.741884	2
202212020111	0.747158	1
011120020220	0.763104	3
000020001100	3.727059	0
212102101200	5.063537	2
100120040010	0.277332	3
022210110002	1.464374	2
214140	0.426492	1
101122102011	0.552271	3
000020301000	0.364851	0
100101200000	0.678870	3
100022101221	0.770338	2
020200112201	0.757254	0
201010042021	0.090136	3
200011000012	0.173292	2
202000000003	0.131991	0
210010140000	0.927750	0
001000140011	1.367628	0
101211202122	0.794156	1
331201333102	0.748509	3
000202302112	7.615441	0
020020002010	0.889715	0
104141024244	0.316486	3
201211012022	1.033499	2
102122120211	0.601989	3
012001000001	0.409722	3
042410441411	0.624698	1
221020120023	242.620178	0
000002001002	0.550089	0
012001300101	0.721091	3
102102042121	0.472021	0
121000002003	0.142845	3
100101222202	0.759765	3
221100122021	0.608619	3
010201110000	11.499561	0
004142014144	0.409777	2
000200011040	1.547751	0
002020000222	0.869833	0
002012040011	0.213848	0
000220012210	4.105799	0
102102000100	2.092039	0
000200020240	0.385367	0
221021120000	3.252509	0
112021201212	0.396474	3
210012140011	1.113526	0
332212333201	334.177965	0
210001200011	0.934195	0
021010001120	0.708731	2
001000112100	0.651752	0
212100020003	0.771446	2
240401442400	0.655055	2
121201200200	0.286864	3
010002020023	0.832938	0
211210011020	0.744406	0
200021201011	0.829859	0
200212000021	1.721311	2
221120102120	5.157630	0
201000102043	0.655348	0
001012001022	0.376365	3
000102020010	1.295715	0
001121001020	0.787148	3
200112010201	15.619866	0
120120001011	38.993989	0
202201300000	0.777419	2
002000241010	0.835768	0
001210	0.113723	2
020110100002	0.812479	0
201020042021	2.791033	0
010001021200	0.828008	0
111210222220	0.826878	1
012012001202	2.595123	0
000011110102	0.699863	3
210002002011	2.977770	0
010002220100	0.484939	0
202100002000	0.816153	2
021010200020	0.612050	2
010000102010	1.054870	0
221220102023	4.752358	2
000112302222	0.933137	0
100100002201	0.643877	0
011222020111	0.578124	3
200020111010	0.973675	0
102000201020	5.429834	0
120010202020	0.720634	0
100012000202	0.557878	0
120121100210	1.251738	0
330102353202	0.448440	2
101210042020	0.789157	1
012211020002	15.740796	0
100120042001	0.531605	3
000021000011	9.222141	0
334040333144	0.025537	2
002000202203	10.107748	0
021021102110	4.585783	0
332112	198.022976	0
024040014045	2.080643	1
022020002211	0.976792	1
014042124044	0.707897	1
220011100012	0.409572	1
221101111202	0.471309	3
222000100003	0.252119	2
200000220140	0.699759	0
210200102003	31.389607	0
000020110200	0.375758	0
022121300202	0.863715	2
112202221121	1.117301	1
210100000240	0.426921	0
112122220211	0.708362	1
020200220000	0.663026	0
022021102112	1.038821	1
000220340000	1.109925	0
002000001020	0.981280	0
021020020011	1.119080	0
000200320000	0.545395	0
012012000101	1.524453	0
112001041012	0.646196	3
112002041003	1.691693	2
000201300011	0.630122	0
200000100000	0.054965	0
200000101003	0.222615	0
001110000220	0.714195	3
330112333001	1.101441	3
022002112010	1.640661	0
011002102020	0.728394	3
001210010000	0.753559	2
100100022001	0.478460	0
022011201122	0.765929	1
011120220010	0.767464	3
202012000222	2.135448	0
220000110202	0.895004	0
021120120010	9.821277	0
022202	0.466774	2
201000002211	2.823807	0
011220020010	2.068646	0
200100000001	0.326138	3
000001000221	0.177356	0
120220212200	0.795827	1
110100221000	0.431064	2
201012000220	2.543770	0
112000211210	0.690840	3
001020221020	2.302345	0
002002122010	3.171066	0
120000102002	16.940868	0
012220002000	2.815084	2
001020220023	34.625925	0
201000000001	2.383769	0
122221211212	10.524724	0
022200212003	2.165989	1
120020102003	33.242522	0
121201212040	0.577691	3
110120220002	0.899379	1
330012333002	0.019854	3
020001000241	0.587641	3
000001012220	0.836122	0
221100111140	0.294963	3
010002211040	0.613271	3
100000100202	0.978231	0
210102220220	8.662946	0
122000122003	117.056916	0
021000100102	17.568436	0
000210001010	0.648036	3
100001000101	0.703358	3
010002000240	0.133992	0
210001110240	0.614140	0
001002002101	0.672664	0
000002122100	6.309320	0
022020102112	0.948353	1
101012042000	0.618910	2
001001001001	0.343145	0
012001222000	0.593758	3
001010001020	0.009081	3
112220201012	1.057666	1
002210220000	2.041307	0
221021100100	4.363838	0
141410442423	0.509356	1
010200220100	5.492985	0
000133201333	0.347442	2
210010110020	0.739172	3
011200000020	1.885712	0
022200010010	2.584883	2
121001100240	0.665678	3
112002201200	0.529112	2
100002000001	0.482394	0
221110120000	0.782042	3
012001200202	0.565291	3
211102221000	18.787972	0
221001101102	0.471843	3
222001121000	0.490456	1
201001221022	1.079299	0
220100110100	0.347261	3
202000121210	0.831877	0
012002040000	5.343997	2
201210020121	0.829683	1
011001200200	0.812683	0
330000353110	0.695181	3
101120041011	0.807676	3
020102010101	4.688501	0
010200100040	1.684616	0
200012300000	19.351046	0
000020200201	1.178155	0
121210112220	0.461071	1
100100101002	0.783802	0
010100221000	0.176870	3
212000121020	0.677377	0
200210120120	0.991706	1
334140	0.840454	1
000021100002	3.880939	0
010100000003	0.810417	3
200200110203	1.100394	0
000001100003	0.313182	0
200000210001	1.448786	0
222012111221	1.092396	1
000221000021	19.394125	0
001110101021	0.792842	3
000001101000	0.527067	0
010011020002	0.614531	3
011122201121	0.476742	3
000002102100	1.028362	0
000121010201	0.371461	3
102020001210	0.796012	0
020021100002	6.349268	0
210211100102	1.291277	0
014042004045	0.671810	1
202001000020	0.608115	2
101010242020	0.658019	2
012001242000	0.466213	3
020020300201	0.533801	0
012110001021	0.750292	3
121120002001	37.126299	0
010212202112	0.999040	3
002102000100	5.174752	0
002001042020	0.673568	0
202000011020	0.321904	0
221110111140	0.802588	3
021022020001	1.076016	1
201102102200	9.624672	0
120200222000	0.699652	0
220100121040	0.755696	0
000220000211	9.697453	0
001000121100	0.955187	0
000000300111	0.195647	0
100121020000	0.715862	3
000000110000	0.095467	0
001001042022	0.246597	0
241401441410	0.738949	3
021220000100	0.938064	2
102002002001	8.547608	0
022100000002	15.648925	0
100200222003	2.165016	0
101011002122	0.727259	1
200000320100	1.836413	0
000111110200	0.741936	2
212010041021	0.711838	3
200201002010	122.952380	0
201010202022	0.635526	0
004140114244	0.399621	2
012120022112	0.185936	1
122102221201	7.638362	0
334141	0.842683	1
220102020100	0.844369	0
002000120000	6.070492	0
330010333012	5.685621	3
001002320100	0.530620	3
112010211000	0.776165	3
201200000102	1.042548	0
024140304244	0.856838	1
200210011010	1.147057	2
000001101210	0.736957	0
021002000120	0.586793	2
000201010142	4.175167	0
212001201012	0.790646	3
002201000012	19.646266	0
210010201003	0.628955	3
002202001000	1.086086	2
112000221101	0.817880	3
022000300100	10.718296	0
001120300022	0.593523	3
001222020100	0.744648	2
020000120003	0.334949	0
121020102000	9.970531	0
221201111101	0.572359	3
021021010022	1.488733	0
211211010122	4.496307	0
021200020003	0.625456	2
001000010001	0.704130	0
120210210000	0.155909	3
110221211101	1.621577	0
012002002210	1.190922	2
010000000221	2.198318	0
010200011100	0.931672	0
201220011020	32.804588	0
001001201000	0.433116	3
200210110020	1.117520	2
012211200002	3.450684	0
002220221010	1.201249	2
120101200240	123.437797	0
100100002010	0.596014	0
010033201353	0.375614	3
014041114045	0.793914	3
002001201002	0.687169	0
000001041100	0.710418	0
210002200020	4.466762	0
120020220012	3.763703	0
200201000002	15.302465	0
200000000240	0.364241	0
202002010100	1.031011	2
012202010121	2.628646	1
100200202010	0.279972	3
332000333011	1.281153	3
100121120202	0.811845	3
000000202010	0.277398	0
200101210240	0.672371	2
221120101011	0.788774	0
110000201200	0.491653	3
112220011010	2.202569	2
220210110040	0.733866	1
112202202003	2.344073	2
002110010100	0.618714	0
022200011020	1.772671	2
002010000012	0.653890	0
000010340101	0.691480	0
010201020202	3.305155	0
111121	0.393273	1
200020002112	8.977294	0
012011242012	0.571307	3
001002002021	0.809018	0
021201000100	0.674436	3
022111010112	1.513635	2
210000000001	2.287619	0
010100010000	0.792465	0
012000020210	1.111106	0
000102020201	2.741371	0
202020111012	1.093953	2
002002020221	9.278924	0
202112001110	2.258449	0
101120040021	0.484209	3
102122201021	0.662569	3
022110	4.663354	0
201210010021	0.845669	2
001100201010	0.823967	3
022001300100	0.671741	2
021021300100	183.462027	0
010020201001	2.781193	0
120010201011	0.804218	0
010012021022	0.785444	3
221201110140	0.176293	3
212001200022	0.761810	3
200220101000	1.848867	0
020001120222	0.699124	0
020102212100	0.824747	0
002021300210	1.814005	0
000001100220	0.517254	0
001100320040	0.883625	3
021002001110	0.804041	2
222000101103	0.690645	2
000022000020	0.282987	0
000202320122	0.603258	0
001020100011	0.530291	0
022120201010	0.811894	1
211200002003	4.268932	0
022110000010	3.351116	0
201212002121	1.803604	2
021220012010	0.838427	2
001021300212	0.742503	0
100101220000	0.830772	3
211212	18.594738	0
202001101010	0.660934	2
120200211220	1.105090	3
040400541420	1.560795	0
021100220040	0.924100	0
200000220100	0.753418	0
010202202100	1.390922	0
102102042101	1.982502	0
200233211333	6.086409	1
100101202202	0.798911	3
000211100112	0.583364	3
022021011010	0.689697	2
210210202200	2.479530	0
102022000210	0.791251	2
000000120100	21.158904	0
241401440420	0.829035	3
112102221002	1.495558	1
201011141022	0.832392	2
002021001212	0.370483	0
200101010240	0.385792	2
102000002003	16.123766	0
110001210200	0.369432	3
122002102000	31.230418	0
221000221003	0.596759	3
100221210100	0.869486	0
200000100211	1.250879	0
102020101012	0.470747	3
212102101203	7.834622	2
200201210240	1.646126	0
200220010000	3.055574	0
220102210103	0.758328	0
000020020002	2.491658	0
010033021333	0.316002	3
112200211200	5.083024	0
211121122200	1.155811	0
000000200040	0.187758	0
000101000221	0.085740	3
021200211003	0.518230	2
002033212333	0.777091	3
201020001023	65.424816	0
112100201020	0.697714	2
110021211202	0.752366	3
221001002020	0.735752	3
012033040333	0.144939	3
120221010201	2.774481	0
212120021112	0.308799	1
212211201212	11.516055	0
120110221000	0.432210	0
022021010112	1.291550	2
020000002200	1.080005	0
121110022000	0.714642	3
121220112010	1.008772	2
000200210243	3.318168	0
200000000202	1.792586	0
120020100020	34.838999	0
022221210211	1.399211	1
020021012002	0.841580	0
210211012102	5.334837	0
021121010212	4.475003	0
201210010220	0.807622	2
211002102200	15.237699	0
020120010222	0.841830	0
010020041000	1.149462	0
001012040121	0.877441	0
112210201010	1.639603	0
002102320202	17.260710	0
012000020001	0.615326	0
011202000102	0.685364	3
000002220202	3.436292	0
122100220003	3.057959	0
042411442422	4.674407	1
332002333001	0.299192	2
024040324044	0.857424	1
014040114244	0.071631	2
000201010002	15.124208	0
202210001000	0.328635	2
000022101201	0.695589	0
002010042010	0.829667	0
000022310121	0.664280	0
020100012100	1.010776	0
001121022212	0.803807	0
012100120000	0.404598	2
002012041021	7.758219	0
002020101012	0.780662	0
201110222222	0.822163	3
020100010012	2.902318	0
001021000212	0.683744	0
002102010110	1.246518	0
002020001212	0.486238	0
011100120002	0.811004	3
100010002012	0.208276	0
200221100102	1.438903	0
200012300211	1.976782	0
000212021102	0.708498	3
021021120000	16.703403	0
000111020222	0.649602	2
000102010110	0.843541	0
001002000202	0.061300	0
002012000002	25.781477	0
100100012100	0.382350	0
022021102010	0.756769	1
201002022001	2.286386	0
330212353122	0.582025	3
002000100010	9.026836	0
102033212333	259.710195	3
121020	13.292905	0
200012110000	2.079030	0
001012000000	0.296136	0
202210200100	0.816141	1
210010002020	0.830443	0
010000002023	0.451842	0
330020333222	0.119756	2
000002041110	1.807343	0
001021042002	24.527231	0
114240224045	1.802783	2
211211102122	5.378418	0
120210210211	0.827007	3
001000010200	0.740956	0
121102002100	6.221255	0
100010240000	0.633999	0
210202212100	6.572158	0
221211111122	0.678569	1
010033201333	0.270084	3
122111010222	4.045987	0
112011041000	0.623123	3
020010000111	0.789376	0
100100211140	0.737885	3
021000001100	0.695128	0
000021010040	1.424775	0
110220010102	0.726910	1
012021002011	0.543148	3
024041224244	1.997534	1
110220012010	0.761257	2
010020002022	0.963145	0
201020000000	9.116547	0
001122340021	0.357815	3
120200210011	0.690200	3
110220221000	1.701592	2
101100002002	0.649266	3
000202120120	0.747800	0
201202001122	1.207346	2
210001211201	0.760347	0
102102222100	1.194129	0
100001041010	0.700839	3
101120202100	0.900147	3
200000040100	0.302452	0
111220112011	0.853545	2
020021300112	53.286421	0
200000042012	0.517250	0
021101210002	0.766339	3
200000210040	0.311129	0
022010120012	1.159320	0
002000200100	0.798469	0
110200212112	0.334666	3
101220002100	0.831136	2
022101210000	0.740943	1
021121020221	26.984598	0
002011300112	1.935488	3
201120100001	0.682814	0
000120200000	0.723086	0
101000042000	0.027048	0
222033111333	0.238707	1
210112020100	2.078070	0
110002221020	0.778940	2
000220000000	1.536432	0
020002300102	0.776294	0
102000042002	26.822022	0
221121122212	1.173456	0
000020300200	0.123681	0
112221212012	7.290530	0
010211211212	0.616339	3
022011002012	0.586890	1
102111042112	0.542334	3
121010002021	0.680779	2
010002220001	0.859744	0
221220112221	1.189791	1
121121212202	25.353631	0
010001120200	0.233537	0
101102002200	0.634808	3
210011120112	0.894335	3
010200200100	3.641713	0
010200300100	0.600017	0
001000010220	3.748945	0
120011020002	0.754870	3
042411540412	1.349575	2
022212300102	0.760581	2
202000011021	0.626460	0
010020000100	0.499635	0
024041104045	0.978914	1
200021011212	0.831736	0
000100000212	0.955879	0
120120022011	4.314769	0
000000202103	0.326471	0
022233210333	0.817504	1
220012101001	0.813973	2
110022212201	0.377326	1
202211012122	0.720089	2
010000202110	0.613775	0
020021300122	29.989893	0
001020300221	0.655029	0
110001220101	1.076483	3
002002301011	1.034603	0
002233201333	5.328447	0
000010200002	0.476351	0
000020142011	2.207127	0
210112220202	5.232946	0
000120002210	0.820868	0
112202211011	0.884690	2
021001012010	0.636469	3
121120122010	2.964780	0
102000241000	0.863062	0
110211220242	0.778252	3
221001101122	0.767421	3
001010220000	0.713384	0
020220111003	0.869523	2
120120001110	4.089310	0
000202102110	2.856121	0
010021020201	0.727082	0
001012100022	0.752333	3
001001240022	0.789062	0
212002021000	1.493916	2
022202010101	0.590356	2
000111201202	0.709252	2
010020200003	0.796063	0
020220212211	0.942019	1
010020201000	9.579695	0
201102002020	8.630211	0
222211101212	0.353155	1
200011020112	0.381624	2
211211111222	3.554497	0
200110000241	0.657014	3
100100210000	0.172380	0
202210020222	0.747651	1
200100000100	0.130709	3
201012300221	0.531619	0
200200201120	4.309806	0
120010000012	0.821365	0
110010201220	0.839300	3
012221020210	8.089224	0
021020002012	9.481199	0
020120001000	5.716791	0
001010112122	0.680803	3
121022102111	1.114401	2
100001000000	0.232299	0
001221300012	2.924931	0
221221012212	0.875585	0
202210002020	0.694184	2
330012353012	0.616956	3
100210100040	0.483390	3
102101002212	0.790356	3
010001211002	0.842675	0
002010042020	1.588512	0
120200211120	0.733751	3
202002201121	1.081769	1
102012040000	1.448982	0
000000310140	0.372811	0
002020012112	0.204898	0
201210002022	0.803164	2
112012211111	1.204804	0
010212000002	0.520124	0
012102221203	1.120769	2
110200200140	0.595548	0
020021000200	25.190098	0
010110120102	0.635551	3
100233220333	0.733861	3
200100001002	2.354351	0
120000200010	0.601939	0
221110100220	0.839202	3
200020000002	2.349251	0
041420442422	5.170772	1
120001010202	0.801703	0
200120020021	0.719915	1
011120120110	0.775291	3
020001340010	0.621339	3
200020002110	1.520584	0
120100222000	0.097484	0
210010201022	0.874752	0
000220001022	6.120386	0
210012000121	1.187251	0
000002300000	0.064255	0
002000010240	0.902109	0
100002202000	0.570001	0
000111020212	0.485846	2
001002120040	0.712655	3
200000001000	0.110864	0
021212002001	0.875707	1
112012200012	30.708800	0
200021042000	0.768121	0
020020101001	0.796310	0
020221320201	1.713951	0
120100200202	13.428383	0
000211220212	0.742362	3
000022000010	0.370489	0
010200120000	39.287943	0
001100010140	0.629592	3
101220200011	0.770351	2
001000042003	0.057551	0
000021001002	9.284100	0
000122021221	0.976134	0
110000010240	0.692149	3
021001300140	0.218992	3
200101300000	0.595845	2
330020333101	0.091097	2
022120020210	1.914703	2
000102000202	0.165016	0
120011000012	0.601218	3
021001000040	0.059779	3
002120110110	0.652718	2
011220020000	3.049458	0
000110020040	0.641420	0
101001002100	0.536680	3
014041124244	0.185839	3
222110121001	0.765131	3
101120040012	0.716035	3
010000220011	0.742143	0
021120010200	4.732347	0
020102011102	5.790153	0
001001200140	0.737496	0
021201010040	0.070954	3
021220210200	0.800122	1
000001002112	1.780679	0
010100000140	0.275536	3
211102121100	5.881368	0
122000020003	20.808958	0
100000300100	0.559745	0
000002001012	0.826598	0
122000021000	5.781272	0
040400541410	0.396862	0
200011222112	0.477316	2
000200102100	7.994172	0
201021041010	6.837772	0
020120110201	0.978357	0
330112333201	0.430541	3
020212000101	0.456517	2
211102122220	3.302264	0
330021333211	0.723072	3
020000200010	0.343304	0
011010102020	0.744977	3
001010001121	0.308010	3
001001100001	0.551575	0
332000333022	0.259536	3
020012000112	18.011883	0
122100012010	1.617665	0
120012210201	4.345909	0
002010340000	21.686386	0
121001202012	0.793319	3
012012200012	3.963421	0
212033211333	4.826263	3
201100002012	6.911619	3
122122102211	2.823557	0
001010340002	0.667542	3
100002101001	0.726241	0
221001002010	0.770772	3
202200000001	1.505863	2
001001020200	0.564921	0
020210210221	0.709567	2
220101320240	0.581895	2
200002300022	0.834801	0
330010353002	0.219562	3
004040314244	0.392050	0
220200112010	0.445866	2
020110000200	1.756331	0
201220021020	5.256135	0
211211022122	3.364568	0
210210220040	1.122424	0
100200202020	1.163665	0
012010210000	0.669450	3
021121202212	1.605021	0
200000300140	0.422746	0
141420442400	0.729413	1
112220212012	0.491805	1
200012010002	3.491849	0
221012102020	0.693991	2
020002212110	1.046379	0
212022211011	0.671922	1
200102000110	18.099820	0
001001002002	0.161537	0
104053104353	0.365202	3
101220002122	0.882999	1
200210300201	0.700954	2
011020200220	0.773929	0
122011000112	2.060856	0
011010221020	0.696497	3
001020300212	0.717039	0
100200000200	0.381296	0
100200102010	0.563758	3
121021212112	4.379616	0
001200200120	0.802931	0
000000000110	1.660856	0
012011242022	0.608850	3
000012302021	1.122884	0
010001340002	0.644101	0
000100100121	0.813367	0
210202010100	0.754624	0
202201101200	0.853343	2
100102022110	0.832436	0
022100220000	1.808978	0
021200000043	0.843029	2
000011200002	0.365985	0
221220101043	1.777887	2
024041024044	3.052532	1
021022020100	1.104033	1
001020100022	1.468684	0
202211010211	1.912751	2
200200120010	5.718529	0
121201111202	0.747062	3
021101000202	0.557661	3
001000300022	0.249097	0
020221212211	0.861882	0
120210110100	0.778170	3
102122201011	0.331449	3
100002202003	1.357275	0
102000111120	0.892670	0
002002010221	2.734833	0
210221000002	46.555139	0
020000011210	1.036612	0
120010201021	0.702979	0
011010220122	0.843177	3
000210000222	0.253752	0
001120002202	0.861881	0
000022	0.939206	0
010000000121	0.778562	0
020122012211	1.342641	0
222011221112	0.563692	1
212202101112	0.996821	1
001101021020	0.777185	3
000202010110	0.656689	0
021022010001	1.049306	2
211221110110	0.837321	0
100202	0.098417	2
210000000100	0.674195	0
200100020203	0.895682	3
000011000012	0.050022	3
200100021200	0.736708	0
020122000011	3.707775	0
201021040020	28.765721	0
011001022102	0.769935	3
120210211202	0.663791	3
211010242021	0.510968	3
110012210002	0.623295	3
000220000221	8.255129	0
012001000112	0.832012	3
200200221200	3.695515	0
212011211211	0.815991	3
122000210000	9.606005	0
102202101120	0.827454	1
021000100200	0.763921	0
002002301200	67.769801	0
220210010200	0.802201	1
112202210203	0.748498	2
221010120020	0.749192	2
040420440402	26.054748	1
021002202020	0.866049	2
210000222010	0.403835	0
101120040120	0.750673	3
202112001011	2.922743	0
041400442421	1.025892	2
000233011333	0.646187	3
200202100010	1.204212	2
010000201021	3.845925	0
210001220240	0.796941	0
001120102000	0.706828	3
112211222212	10.629262	0
210000001002	2.729666	0
202211021212	0.790292	1
212211101102	1.145905	0
202012101010	1.585092	0
020221010210	1.785684	0
200110010222	0.698755	3
221000112020	0.618140	0
000201020142	1.194999	0
100020002211	0.562228	0
200210000002	0.138111	2
101010122022	0.865046	2
000233100353	8.824934	3
100210210102	0.749051	3
002122002212	0.730684	2
002010001011	0.630024	0
021001001001	0.207153	3
201000142000	1.879039	0
212200211212	2.495441	0
120210010002	0.395673	3
022212110102	2.072999	2
022011110012	0.757329	2
330012333241	0.814756	3
020000110003	0.280410	0
010020200002	1.362308	0
200012302201	10.349610	0
000211300222	1.972874	0
012002002220	2.269954	1
112112221020	4.838198	0
022211021212	0.724194	2
004140124045	2.041008	2
121220202110	0.825154	2
202201300220	0.813006	2
022002300011	0.756128	0
001020101012	1.025587	0
010011222102	0.844671	3
111220212122	1.003002	1
012021041002	0.468386	3
201233202333	7.902580	1
210010120020	0.576382	0
002020101010	0.540737	0
201010041220	0.818740	0
100221001000	1.165536	0
000000001120	7.111709	0
000010010220	0.765246	0
141421442400	61.616089	0
010100220202	0.438312	0
012001021002	0.862189	3
210012200002	5.494192	0
000020022010	4.251921	0
000201310000	5.991400	0
000033021353	0.502491	3
020102320001	113.528022	0
002010202020	0.441591	0
200102000022	1.034875	0
000101300220	0.603213	3
002211020002	23.112779	0
000100040021	0.942199	0
002002200011	0.730596	0
010000000212	0.536798	0
220100120100	0.482544	3
020100110221	0.831452	0
010201020140	59.002662	0
020000100120	1.768503	0
202021001012	0.664749	2
121220012212	1.332767	1
000222210101	0.626753	2
002112000201	27.461408	0
012010220100	1.143022	3
020201211102	1.032213	0
010002210201	0.541384	0
002021000211	0.539801	0
101010041022	0.758020	2
100100110240	0.762543	0
122220012210	0.757017	1
002020100112	0.989396	0
200020001021	3.255875	0
021000000023	0.706177	3
201000101210	0.998040	0
000002100022	0.694514	0
012001020100	0.522139	3
121021222012	0.755974	0
201220002212	76.583327	0
200002000141	0.945843	0
010001220003	0.435617	0
000000022220	1.610548	0
200102001120	3.452208	0
000000041001	2.186916	0
210102220003	0.873487	0
001012041122	0.665609	3
022001000100	1.185851	2
011101020200	0.753629	3
221001100112	0.635015	3
221000121011	0.740259	3
021011002122	0.680274	1
020200210000	0.103576	0
001020020110	3.021944	0
120022020000	2.950461	1
202211111122	0.631521	2
212012222000	0.826765	0
012101020202	0.670366	1
212202221120	1.723655	1
001012040122	0.747451	0
102122001111	0.408561	3
210212212122	1.264396	0
220122112200	1.583371	1
001012000101	0.752708	0
012200200020	33.044560	0
330000333120	0.047807	3
101033	0.796009	1
221000112203	0.788457	3
002000001010	1.419812	0
121112002122	436.663145	0
000010240011	0.785313	0
102221002012	12.795324	0
010120020040	0.669932	2
020012112112	0.773491	0
121212202122	0.786046	1
210121220200	1.873064	2
110021201010	0.501443	3
212001111020	0.739564	3
021120110010	0.749139	0
010101001221	0.705618	2
221201112220	0.461470	3
022001201000	0.802071	1
000001300122	0.448842	0
201010140021	0.575279	3
201002142010	0.848881	0
120021220112	13.603320	0
021220210011	1.192006	2
002120300110	0.523809	2
000211022112	0.795627	3
210200220040	4.379560	0
022110320120	2.596298	0
220000102000	0.008541	0
001000222100	0.834196	0
000110201020	0.730258	0
012202000001	0.957864	2
000012120112	0.851254	0
332002333100	3.035796	2
212002211003	2.795829	2
332002353011	2.042687	2
102111102012	0.807445	3
000210001020	0.505987	3
212002210000	4.852292	2
000120020201	0.661537	0
331002333102	0.567298	1
202200001022	0.802366	2
210202112000	2.681013	0
210010200012	0.748541	0
022001122000	1.453161	1
200211001100	3.059335	2
012110000021	0.707828	3
112210201011	5.364988	0
010022042000	0.409821	2
121201212002	0.695062	3
021002110120	0.795666	2
102010000021	62.624641	0
212010141000	0.417746	0
112001002000	0.597377	3
002000200001	1.807314	0
200010202000	0.154160	0
022010021012	0.852071	0
221021110000	11.744876	0
042401442400	6.032712	1
000001042001	0.774957	0
100220202001	1.158888	2
001000241020	0.821131	0
124040204044	176.653058	0
100010200020	0.298784	0
000220101000	2.396767	0
202012001201	8.981590	0
010002022000	0.763303	0
012202210203	0.852737	2
212020201010	0.403036	2
001121220220	0.795649	0
022000211003	8.979462	0
110200201020	0.785149	3
212220111010	2.583774	2
120120220211	0.781693	0
000220000012	7.215379	0
011000002021	1.064746	0
221220101020	3.031207	2
100021002211	0.836974	0
210110000022	0.825685	3
110200110100	0.812427	0
020102110240	0.530008	0
100100200011	0.785862	0
202120201212	0.853989	1
202033001353	0.638319	2
102000002022	5.361210	0
012002010003	0.803160	2
000220020040	0.786657	0
102120120010	0.787604	3
200000110140	0.426025	0
210210200022	1.665478	0
110001211102	0.798579	3
001012000220	0.708344	0
002001110000	1.012115	3
240410440412	0.760308	1
210001210202	0.728185	0
000101020200	0.078208	0
112011221000	0.804334	3
100020110200	0.965362	3
100112002201	0.813766	0
011200112000	0.749262	0
000202021120	0.828208	0
200020121010	1.129585	0
211110221102	1.223780	3
000000320040	6.250988	0
222110111010	0.821726	3
001122340120	0.789883	3
120200210110	0.505985	3
012010100020	0.679545	0
212021121212	0.799823	3
012012202200	0.697897	0
210100000202	0.825442	0
200222101111	0.828261	2
200122000101	0.486792	2
122212110102	1.286041	0
120211010002	0.385937	3
000120100100	0.612337	3
102101002202	0.687804	3
000100200002	1.143597	0
201020040021	7.336185	0
001122020211	0.759480	0
200021002012	26.777495	0
000022302210	0.765687	0
000200000002	0.436744	0
000002340012	0.543521	0
220011101122	0.757253	1
100012101000	0.746142	0
000012202001	1.098571	0
101122012221	0.780056	3
000002301040	0.703675	0
000220022211	7.253162	0
200200120003	4.617637	0
000002001140	0.674012	0
021220112000	1.531488	2
001201000222	0.636639	0
000100002222	0.773393	0
000220001000	5.815902	0
200001010202	0.666327	0
110122	0.152704	1
201101002002	0.771353	3
022000300000	1.671475	0
020102200100	6.722161	0
001101020201	0.772134	3
200112020200	10.193051	0
022011011212	1.424189	2
210000122000	1.167441	0
021000000102	5.839000	0
020121000222	1.100253	0
100100210142	0.754274	3
200100020021	0.811577	3
202020001000	0.267231	2
000120200003	0.582085	0
110200010100	0.481573	0
112122221011	0.855287	1
020102110241	1.003048	0
000212300201	0.824161	0
122111011222	1.416269	0
111210212221	0.654042	1
101220202000	0.510568	2
020220010211	0.666505	1
110220012102	0.710405	1
202101021220	0.833406	1
140400442420	1.100470	0
112112220201	107.486708	0
002001110001	0.747999	3
110100210100	0.828755	2
102120020010	0.668197	3
000010020200	0.781287	0
200000141011	7.904837	0
210002102021	2.231351	0
202212211112	1.636094	1
101120002000	0.130566	3
100001042012	1.109774	3
101000002021	0.479772	3
111222	0.269002	1
001122040021	0.349480	0
212021021212	0.715916	3
021020040000	0.469440	0
200210122102	0.765670	1
001122340121	0.190745	3
012010100021	0.546337	3
021011201112	0.858541	1
220011100102	0.800822	1
021000210200	0.415174	0
120010040000	0.691621	0
100200102003	0.606169	0
001020010212	1.218248	0
200122100101	0.442367	2
000010002002	0.674632	0
100100000240	0.108013	0
012022000111	0.450274	1
110212202112	0.633893	3
212221201010	13.338671	0
212000201020	0.123898	0
120100212100	1.226856	0
210122122200	0.949410	1
220100002000	0.394030	0
211000201022	1.251966	0
000020120201	0.736833	0
002020100012	0.683514	0
100100221002	0.725855	0
121221202111	1.107724	0
221033121353	0.658790	1
001211102100	0.759429	2
012100120100	0.357417	2
210211220102	8.451814	0
010011020212	0.831427	3
001000122003	0.174603	0
202002001011	0.764249	2
002000101010	3.656720	0
021020010010	3.443579	0
121200210003	0.342963	2
211121221201	93.327920	0
211002121000	14.183349	0
002121000112	0.814779	2
002000100013	0.776429	0
020001010221	0.819538	3
002012000102	16.429199	0
210200200003	9.155055	0
010220020021	1.565529	0
100100012000	0.672600	0
002101	0.120997	2
012102021102	1.469034	1
200002122003	0.811743	0
200200300200	6.469758	0
001000042010	0.285395	0
020021012102	0.781374	0
201010140020	0.707699	0
020200012000	0.239612	0
000221010000	85.869499	0
000200210240	0.642969	0
002002022020	3.108848	0
111101222222	0.844111	1
022110020021	0.863022	0
001020000212	1.098919	0
220000121010	0.308537	0
000022100201	0.319990	0
000001041000	0.159904	0
202210000000	0.477168	2
010002211020	0.739582	3
022201212111	0.868763	1
202000201210	1.293368	0
200001200040	0.561309	0
332002333101	1.712980	2
002020022012	1.314837	0
020002002000	1.151595	0
012000020101	0.626860	3
332002353010	1.207948	2
210012110002	0.795748	0
102111002012	0.300782	3
000010200140	1.011503	0
020000200023	2.015896	0
022002300010	0.868221	0
022120011212	1.022835	2
000020020102	6.802789	0
201211011222	0.738384	2
020102300140	0.897343	0
200221300201	14.948547	0
100011002112	0.447490	3
001110102020	0.700307	3
000000121100	2.860580	0
012220011000	3.730284	2
000000120103	0.709092	0
210010020020	0.300017	0
000020302200	1.482475	0
201000021003	0.355913	0
120011202012	0.676864	3
122000202003	14.079531	0
002212000012	3.004037	0
110202010240	0.585438	2
102100222010	0.671972	0
011002210200	0.799940	3
002121100211	0.837224	2
002002200010	1.575248	0
000000340002	0.564580	0
002000202011	0.919047	0
102010041021	417.696513	0
000210000201	0.686414	0
000010042003	0.754770	0
211200002000	4.893380	0
002020000001	0.907644	0
200101221200	0.796761	2
002012300222	79.516490	0
011220010100	0.983288	0
011000041010	0.761320	0
012012200210	1.226497	0
001100040020	0.977202	0
002021000210	0.500563	0
210000210200	1.092454	0
012002200220	1.306385	1
221000101011	0.443094	3
001120001012	0.911050	3
201000001210	1.363138	0
110122020141	0.766767	1
102010000002	37.941902	0
002112001112	2.829930	0
000002000022	0.210346	0
212210211002	1.657015	0
221020121003	0.842777	0
120110220112	0.968539	0
004040024045	2.423264	0
021100220140	0.521920	3
020122000021	16.438649	0
012000112003	0.744803	3
011002222020	0.856082	3
002120001010	0.351038	2
002002310212	0.774078	0
002212201112	1.132967	0
120200210220	3.195288	0
021022	2.333344	2
212220021012	0.785810	1
101021000020	1.020571	0
210110020020	0.849420	3
100200002110	0.771340	3
200010001001	0.484156	3
352420543410	0.758217	1
000202010111	0.726753	0
210002000120	1.063975	0
201100042000	0.411001	0
000012101000	0.708588	0
200211101202	1.142136	2
001220001012	2.062163	0
002010300012	2.796616	0
202210301140	135.084696	2
022001320000	0.756721	2
010112020242	0.627097	0
021001300102	0.855100	3
210202020000	3.881606	0
221201102200	0.373054	3
112001201001	0.441503	3
010200211000	1.244503	0
211022220011	0.799925	0
120102212110	1.730307	0
010021110002	0.791430	0
112022201011	0.765053	1
001200002102	0.789670	0
120211111202	1.189659	3
330120333020	0.427178	1
012010210020	0.596459	3
221010	0.130702	2
012020020212	0.834468	2
110221220002	0.649740	0
000020010200	0.416565	0
200000300240	0.758729	0
000001210040	5.741845	0
112010221001	0.643499	3
124040224045	277.082541	0
220010100020	0.550743	2
000001040100	0.823867	0
200012020102	2.077327	0
110102221222	0.683728	2
022100000202	10.788219	0
220101010240	0.468071	2
210202110101	0.798125	0
012020112112	0.679757	2
120210112210	0.735006	3
010101220220	0.760008	2
332000353000	0.449538	3
000112110222	0.724739	0
100020002210	0.725409	0
012011040000	0.742183	3
210100100100	0.734510	3
201000142001	1.263931	0
100120000100	0.120813	3
001002042000	0.126789	0
000200310200	0.355435	0
021001210200	0.682769	3
020022112211	0.682366	1
100101000240	0.242448	3
022011310112	0.851787	2
102021111012	0.735169	3
100220200100	0.575417	2
000010020122	5.690889	0
200221000000	10.289522	0
121100022020	0.751688	0
200120022112	1.177791	1
000201010042	8.123171	0
202001042002	0.830340	2
202100201020	0.242574	2
100100102020	0.788805	0
200101220240	0.800844	2
210021110222	0.682789	0
211211122122	5.126180	0
202200211200	0.716637	1
020222000121	0.614657	1
202000211120	0.783558	0
202210111011	0.800114	2
201200000002	5.746387	0
201201001201	0.896346	0
021010102021	0.826860	2
210122020200	0.660212	2
021100100140	8.687844	3
001120022220	0.814846	0
102010040011	14.999097	0
200000141003	1.361176	0
000212300200	0.697441	0
210011002012	0.829782	3
112001222010	0.732588	3
122011100112	2.324007	0
000010121112	0.818964	0
222000141000	0.230060	2
002001002001	0.797624	0
201200022200	2.057381	0
022011120112	0.666354	2
200212320111	5.265103	1
021122120100	5.216144	0
001120000022	0.220080	0
002221000010	10.096936	0
021101112200	0.799286	3
000000300011	0.035872	0
100210	0.090105	3
022120000000	1.507504	2
221122122011	1.711374	0
012120000210	0.800370	1
330010333121	0.797682	3
101100200201	0.814601	3
011001020040	0.793431	0
101212	0.181599	1
002021300222	0.560352	0
022000112100	1.384090	0
220020001011	0.849972	2
202000010020	1.096470	0
000011001022	0.376783	3
212200211010	0.519221	0
002000121002	0.720146	0
202211010210	0.836757	2
110002020020	0.851063	2
101010122220	0.704218	2
210000222023	0.758795	0
021101100202	0.757319	3
002002201020	1.328508	0
020010100200	1.371443	0
002002010220	5.112910	0
021210210220	0.310078	1
001101120200	0.725899	3
210002101222	1.289501	0
012021001010	0.227669	3
100122042111	0.416505	3
120110220020	0.721287	0
221102121101	1.353981	0
000020110002	1.657850	0
112211201022	191.793254	0
001220200100	1.878328	0
140420442401	2.188257	1
100101020002	0.854949	3
022101010002	5.312315	2
000021101002	3.725905	0
020002110000	0.534537	0
121020102012	1.767552	0
011022000100	0.601178	3
001210000002	0.768366	2
001010300122	0.634027	3
121010042020	0.846139	2
021001000041	0.743297	3
002210020100	50.529844	0
102220200012	0.878850	1
002212020121	60.918722	0
220010101010	0.800613	2
200101300001	0.840288	2
110012212102	0.929143	3
000001220140	0.786718	0
001002202001	0.748914	0
020020102000	1.542452	0
021120110200	2.570557	0
002002110003	4.948792	0
011100222200	0.768327	3
211002201100	9.766291	0
001122302001	0.786527	3
020200012211	0.751342	0
020021100102	4.180084	0
100000300101	0.580137	0
122000120003	18.252570	0
100000000001	0.295189	0
211002222200	1.331238	0
122200	20.652016	0
011001222102	0.870331	3
002010301022	0.709903	0
120122001101	97.987112	0
014141024244	0.057967	1
021020102010	0.630711	0
220001111200	0.855892	2
011010002020	0.370648	3
001010001120	0.321402	3
100100100000	0.064059	0
202220011010	0.808943	2
102020140010	0.792660	3
000002122000	6.069506	0
020220210201	1.029453	1
330020353112	1.101542	2
002010340001	91.267135	0
022221012012	2.378036	1
200210122200	1.478002	1
000100041011	0.710566	0
020011012212	0.717534	2
220100110000	0.308326	0
010120020102	0.419749	2
212000201043	0.574988	0
202221300212	0.704673	2
141420442413	0.633403	1
200212000002	2.674311	2
000011042000	0.784402	0
221001100102	0.471877	3
221001102010	0.390330	3
110000211040	0.427426	3
200000202001	0.439731	0
331020333100	0.737427	2
001020220020	22.554939	0
001001102100	0.496974	0
002200012003	7.138199	0
201000001001	0.450703	0
201001102012	0.753499	0
201012300220	0.687481	0
110100220000	0.107233	2
202012300222	2.531062	0
200002221020	0.740934	0
002011000020	0.731346	0
020120001001	8.446843	0
010002300240	0.655874	3
000210000010	0.330944	3
020100002220	0.798708	0
000220000121	7.086344	0
200000101002	1.855576	0
021012002001	0.843618	2
201212001222	1.087375	2
010010020102	0.734010	3
121201110040	0.319207	3
012000201200	1.511164	0
022001002210	0.998865	1
102012040001	26.454240	0
221100110140	0.598908	3
000022320120	0.826290	0
120020102000	30.159429	0
100010010022	0.759042	0
000200021102	2.967484	0
000110202102	0.826005	0
112020211212	0.586237	2
000220040000	1.499800	0
221112122022	2.918604	0
212011222022	0.785630	3
020100110022	0.670703	0
120110220211	0.818511	3
221211112122	0.721000	1
101122202011	0.432566	3
210112020102	1.575635	0
100101012201	0.698668	3
220011100112	0.288923	1
024041304144	1.697479	1
112021041010	0.663470	3
221112111021	1.397913	0
200120020020	0.742787	1
000022002111	0.300776	0
121020002001	1.209287	0
002000202200	1.945566	0
002011001122	0.942854	3
201200111020	2.342804	0
121200112210	0.829099	2
012120000012	0.755596	1
102220011010	3.289155	2
200220011211	0.844456	0
021100100040	2.082878	0
001001101220	0.883574	0
022011010222	1.662688	2
200000100003	0.077201	0
200021042001	0.733780	0
012012001101	1.172507	0
010012020043	0.640455	0
200211000140	16.592234	2
121122002111	61.807970	0
000200020000	1.627706	0
102122220211	0.775952	3
022101300200	0.618609	2
010001221112	0.792601	0
021122000201	4.840814	0
110100202000	0.730205	2
212202100003	0.641096	2
201000222020	0.451374	0
002002012120	3.790322	0
000221020100	12.465893	0
102102200000	1.210683	0
221220112220	1.160942	1
100100201021	0.726612	3
100002000011	0.666417	0
100010002020	0.060895	0
011020000110	0.709148	0
002120340010	0.816696	2
110100220202	0.480542	2
021000110240	0.812061	0
000020010011	0.922806	0
201000011022	0.851346	0
010100320040	0.595115	3
020221102200	0.794501	0
024041004045	0.239810	1
022011100112	0.489715	2
020210211000	0.449808	2
211000222200	0.762798	0
210022000101	0.749000	2
000022011111	0.793888	0
021102210020	2.074993	0
120011200142	0.617606	3
221220102020	6.487420	2
121220222010	0.887955	2
020100022003	0.247563	0
120010200200	0.587871	0
102101002000	0.684665	3
022221211202	1.329309	1
202211112122	0.753776	2
010120021000	0.732097	2
100012002122	0.788971	0
000020142010	10.422242	0
102102001100	1.549734	0
202210201010	0.884026	1
200121111212	0.870797	2
000000212001	0.956688	0
121120022010	7.550028	0
222100122020	0.700373	2
100100000121	0.834799	0
100120201011	0.544309	3
202201001102	0.726726	2
001122121221	0.780984	3
000200011140	1.628913	0
212000200010	0.370191	0
000212220102	0.704684	0
001000042122	1.050834	0
000001000111	0.334662	0
000210	0.927865	0
010021020200	0.795228	0
100112200201	6.640738	0
002012020120	5.632325	0
000000122010	1.997455	0
210102122220	1.085600	0
202120201010	0.681050	1
112001201210	0.742025	3
102122002010	0.749264	3
200010000012	0.126621	0
110000200021	0.765329	0
110001211002	0.826049	3
000200	6.642461	0
102120121010	0.758565	3
200200200010	2.589096	0
210210201022	0.919581	0
001120200001	1.461424	0
010002001200	0.801375	3
111001222002	0.720594	3
020102220140	1.177083	0
000201221200	8.348246	0
121101012020	0.679308	3
022100100000	1.909803	0
100100201011	0.662258	0
001000201001	0.838188	0
010012010102	0.612194	0
010110221001	0.833175	3
022000010100	1.740091	0
211012041020	0.868879	0
000200020042	1.096721	0
200122001101	0.652530	2
100012120043	0.681232	3
010022002021	0.746648	2
202200001210	1.674319	2
002021010012	0.376967	3
100010201022	1.133384	0
020102100000	15.841069	0
010001222010	0.809793	0
000001202011	0.784399	0
000202020120	0.479645	0
022001101200	1.079014	2
121000202020	0.607757	0
101121041122	0.489024	3
011020202010	0.700715	0
010010041020	0.519238	3
020100020011	3.430290	0
100001110140	1.005084	3
010000220240	0.903124	0
104240304244	2.748199	1
121220222020	0.852458	2
100011001012	0.639025	3
010021020000	0.325911	0
200000101040	3.669904	0
200002300001	0.564722	0
000200021140	1.189492	0
000212210102	0.669127	0
012112221212	2.046237	0
020210210202	0.575002	2
102010001021	67.266053	0
210210100040	3.170668	0
021121020220	27.785190	0
022000210003	5.962417	0
010021201000	0.899864	0
210200011020	9.352871	0
101101222200	0.764370	3
022000211000	3.698882	0
011010101020	0.722880	3
222000101043	0.509689	2
112021002002	0.697050	3
211012001021	1.024623	0
010021010200	0.824450	0
112100200003	0.218914	2
102101002220	0.471768	3
200011120122	0.620413	2
000220102112	2.201703	0
000012110021	0.810685	0
200210300222	1.497819	2
001100002011	0.725185	3
000000112010	0.757589	0
212020221000	0.818385	2
022121110211	0.835431	2
011121000221	0.804611	3
100000112100	0.593684	0
101210002120	0.746887	1
002020200112	0.834678	0
001021100010	3.069663	0
020100010022	3.476734	0
011120220023	0.379178	3
120212010112	0.674543	3
021110020122	0.673437	3
000000100221	2.741043	0
000001000122	0.263026	0
121012002122	0.835827	2
100220000002	1.080530	1
000110002200	0.821583	0
002021100012	0.891164	0
002000001222	0.997872	0
201210201021	1.387183	1
022020011011	1.296418	2
101012202022	0.733739	2
331002333002	0.557431	1
212002210003	1.207979	2
020001011222	0.718206	0
012000020000	0.631311	0
200212000112	3.314246	2
332002333000	0.222008	2
002100302000	0.807882	0
021200212101	0.773378	2
214042014244	0.758660	1
011000020002	0.531613	0
000212000142	0.717806	0
220000102100	0.327534	0
330020333122	0.060758	2
020100112100	0.699833	0
210212211122	5.023565	0
002012041020	7.979774	0
020200210100	0.239678	0
110100220240	0.233239	2
121012212220	1.925563	1
011120020120	0.836995	3
000010300210	0.795305	0
100002000022	0.555885	0
102121042102	0.685596	3
020010040011	0.733707	0
012102222221	0.959137	1
020211010012	0.840126	2
120233111333	0.542590	3
200120010020	0.745471	1
041410442410	0.552596	1
211122120121	1.105832	0
121100110000	1.053912	0
001120320220	0.677149	3
120000102200	1.231840	0
121202212112	0.522657	1
101201210140	0.876288	3
102221002112	1.361420	0
200100202001	0.753094	3
010010002002	0.762925	0
001210020100	0.788995	2
000200310100	0.640239	0
102122210211	0.697473	3
120120212011	1.664171	0
002000002102	1.972316	0
102122001011	0.169027	3
200012010000	2.488382	0
002210020102	16.789658	0
210100100000	0.381061	0
110020201110	0.794688	2
200012300202	5.395763	0
020001020222	0.743354	0
201020101212	1.185568	0
000100320002	0.755771	0
122001200000	8.344721	0
201210342020	0.574889	1
100000122001	1.005643	0
002021300211	1.048256	0
010101221140	0.840385	2
210121122201	1.140685	1
002112300201	101.802844	0
022000340000	0.683788	0
200211000212	1.522933	2
201022000011	2.424539	0
102020202000	0.687323	0
000020340121	1.868234	0
120212000122	0.719776	3
102100102003	0.808942	0
000010012100	0.756776	0
100202010100	0.345234	2
121200212101	0.435640	2
011222000111	0.780950	3
002010241011	12.084155	0
010012340002	0.620625	3
010000210010	0.579399	0
210111120222	0.811077	1
241400540400	0.926420	2
102220212210	1.191128	1
020201322100	0.853288	0
201210111020	0.861036	2
010012020121	0.804734	0
002020101110	1.736624	0
122002000112	0.845325	0
101010040020	0.263835	2
000000210220	3.128592	0
120012000041	0.766113	0
010120220200	0.695199	2
202022001111	0.802722	1
020101011120	0.678693	0
021222112111	0.827418	1
020033221353	0.736246	2
000210310222	0.782219	0
000222010001	0.628583	2
110010200222	0.809383	3
110101220240	0.476815	1
200220110000	1.807078	0
010201220040	47.900206	0
200220111003	0.973649	0
022010002020	1.687215	0
200102000122	5.547646	0
000101000220	0.176031	0
101220002110	0.911351	2
000100041021	1.719906	0
010200111040	1.154326	0
021212211121	0.411247	1
220112120112	13.380961	0
120221010200	9.141072	0
010100221202	0.783573	3
210011200010	0.734457	3
200212002120	1.775209	2
221001102020	0.270521	3
210012201002	4.529973	0
000020002201	2.850807	0
200000100013	0.785113	0
000010110040	0.485336	0
012002020010	1.167071	2
212220211210	0.638774	1
100210210002	0.664871	3
012002200003	0.254364	2
210011201010	0.738220	3
100100102010	0.751869	0
000122320211	0.823283	3
022001340020	1.053621	2
041421442410	34.678367	0
000000101203	2.012258	0
012120220112	0.555337	1
200112040002	3.507100	0
211000201003	0.148512	0
112010221100	0.680756	3
332000333010	0.109291	3
012002002212	1.064398	1
001100200201	0.741521	3
022000101200	3.498784	0
024040004144	0.621750	1
102000042200	78.439057	0
200121002211	1.051099	1
112021041012	0.608768	3
210002102200	23.178117	0
010102300100	0.750332	3
002102002210	6.102701	0
012021201010	0.538509	3
100120101100	0.408914	3
210202020101	3.051232	0
001022041111	0.825235	3
022000122100	1.300728	0
001000111000	0.569453	0
200110200020	0.812678	3
002002002022	2.824306	0
004142304144	0.819084	2
121200212102	0.672804	2
012002002012	0.992597	1
120210210202	0.516586	3
211211212122	7.455475	0
040410540402	0.171078	2
000200200111	0.859044	0
210000000000	0.461211	0
212200211020	4.559832	0
200100020200	0.606934	0
012110000011	0.683649	3
200200110011	0.856283	0
330102333000	0.303759	2
000202010010	1.021162	0
021022010101	0.728069	2
011120221012	0.696171	3
000001110140	0.139362	0
000012002112	1.898666	0
020221222210	0.930936	0
202001020122	0.792969	2
020202210110	0.631579	2
200200022020	5.098882	0
000012310222	0.611744	0
102100002220	1.140632	0
001122340221	0.608261	3
120201211112	1.182379	3
001002042001	0.551346	0
112202211203	0.821188	2
220010140000	0.739259	2
002002300200	4.916640	0
020010002010	0.892843	0
100101100240	0.514787	3
000221300012	14.984477	0
201201002111	1.524882	0
020100020003	0.111319	0
022000211211	0.847235	0
010121021101	0.822354	2
121120002000	18.231775	0
000011100022	0.666268	0
000202020111	0.672296	0
020021010112	1.633240	0
202011001002	0.629227	2
110020201022	0.720004	2
022120101000	0.766873	2
210000120200	1.478528	0
100121120000	0.783633	3
000000011003	0.255743	0
200000101023	7.970878	0
222011121210	0.620567	1
021100120100	0.600404	3
102101002221	0.475667	3
120010200021	0.783182	0
000210300222	0.639727	0
002100020000	1.437789	0
000111110201	0.640037	2
102001111212	0.794372	3
200002300210	2.184346	0
100102000212	1.110759	0
110020200000	0.316546	2
001100200020	0.713553	0
004042104244	0.641150	2
200020010210	2.191599	0
021100221000	0.766729	0
110000002010	0.499455	3
200012010102	3.190851	0
021001202002	0.863744	3
220102120100	0.778375	0
202002020000	0.774416	2
100000220240	0.700735	0
141420442403	0.607343	1
000200110240	0.483486	0
000100012003	0.732508	0
022001202000	1.166293	1
202200001001	0.494379	2
020210211221	1.036638	2
040400442410	0.015188	0
001221110000	3.233594	0
021001220200	0.738890	3
221120100021	36.840667	0
120120100211	0.805767	0
000110200200	0.629374	0
022201020200	1.555696	2
100200000203	1.039804	0
112022210211	0.649484	1
141400442402	0.400043	2
010000211020	1.070763	0
100100201200	0.569818	0
200102002200	26.414008	0
120012000102	2.154521	0
022101220200	0.775590	1
001220000210	3.515716	0
100010120020	0.501903	3
200211112102	0.796563	2
102121002011	0.355550	3
101001002012	0.270847	3
102220201011	1.050895	2
000020010102	0.578653	0
001001101001	0.930729	0
110122020241	0.788555	1
100033142333	0.317430	3
121000210203	0.884260	3
020121211202	14.431464	0
002000000201	5.218873	0
100201010200	3.058704	0
200110201010	0.707798	3
202000222003	0.702972	0
120120212200	0.689275	0
200011222012	0.691017	2
121000001003	0.478451	3
200202002001	0.833644	2
021112020000	39.017294	0
112002201201	0.524811	2
000002202003	0.555218	0
001010040002	0.407780	0
001010340102	0.754209	3
120220210020	1.058536	2
021201210140	0.787934	3
012011200000	0.828998	3
110210210001	0.782769	3
002000202021	0.434507	0
210210210102	0.927808	0
000010300001	0.136188	0
000201320001	8.035393	0
202020021112	0.939168	2
101120041010	0.818327	3
000012200112	1.380948	0
001120202010	1.036206	0
011000041020	0.786488	0
202212021101	0.685159	1
210200212003	1.870158	0
011220020100	2.671445	0
000102300202	0.070209	0
100120040003	0.240439	3
120221212201	1.175635	0
121210112221	0.789799	1
101002000000	0.584635	2
020000000110	10.562335	0
100120041000	0.281928	3
120000011200	65.323654	0
112200202000	42.492433	0
011022000001	0.392584	3
002120202012	0.766379	2
020002110101	0.625908	0
000022001010	0.819752	0
010200120003	2.018646	0
012002021020	0.788018	1
220110102112	0.518257	3
000221300120	5.574808	0
000001001000	0.739777	0
110220221111	0.793502	2
001120041012	0.725063	3
040400540410	0.034637	0
100000300000	0.016596	0
000002000012	0.433836	0
122000020000	10.944031	0
022121112112	1.612689	1
100012042001	0.498495	0
000102022100	1.121294	0
220121011020	0.754680	1
100011200012	0.832415	3
101010242021	0.562990	2
100100040002	0.566432	0
021033201353	0.235960	1
120200210210	0.416677	3
201211302022	0.582629	2
021001000240	0.201978	3
022201010011	0.748386	2
001021001222	0.772532	0
021020200000	55.953892	0
020220010222	1.041488	1
022121021212	1.413497	2
021101022040	0.778894	3
010102100240	0.617031	3
202210021220	1.798803	1
120000200013	0.572975	0
100100000202	0.124019	0
011010200021	0.772791	3
010220000210	1.874254	0
202212121112	1.158260	1
121110212000	0.819261	3
221020121023	58.628486	0
110200000040	0.530660	0
110211211202	0.574757	3
020012211201	1.634793	0
002000101020	3.987827	0
101220042000	0.734063	2
021121212212	2.448652	0
200000001003	0.089702	0
000112020200	10.946024	0
001011040002	0.626280	2
102121041012	0.595041	3
022000221100	2.104818	0
001001000220	0.317181	0
200000100001	0.928898	0
010220020011	1.966509	0
101220042023	0.854501	2
210010200020	0.127392	0
210211022002	2.083463	0
221021102001	0.980815	0
201020040012	2.855748	0
020200010122	0.545915	0
200000120043	0.279304	0
000102012200	11.557209	0
102220111010	2.451219	2
002002020102	8.326114	0
211011102020	0.798920	3
120000002002	0.821797	0
000102100001	1.731459	0
020021300200	22.264752	0
201210002122	0.866711	2
201210022020	1.756567	1
212010201000	0.213332	0
012001041001	0.421815	3
201110222020	0.840002	3
000120010200	0.474101	3
100002002100	0.759799	0
202210002120	0.813516	2
200000200103	0.729276	0
210000100240	0.641982	0
000220000020	4.594236	0
102020202211	0.890886	0
100000010000	0.132746	0
011200001003	0.799174	0
001122020221	0.527065	0
202200101012	0.823268	2
000010200102	2.524609	0
200200110003	0.982900	0
120021211010	0.725104	0
000200120240	0.851851	0
100222020101	0.469591	1
000200002120	8.181051	0
102102100100	0.845115	0
001020000221	1.114492	0
210212210112	47.300663	0
100000041003	0.091551	0
100112222102	0.688703	0
220121122211	0.688120	1
210002001020	5.105797	0
100011121122	0.649785	3
022011200012	1.217649	1
200021201010	1.101795	0
001002110020	0.740009	3
200212300120	1.166084	2
000012000211	0.922919	0
021021012012	2.833101	0
021021010100	7.150614	0
110100221201	0.507816	2
010200200000	9.448811	0
120210211221	0.309291	3
002022300221	0.505777	2
100000211100	0.593210	0
102000042011	55.034401	0
212000120003	1.104979	0
001021101020	8.581131	0
120020101011	0.846937	0
122211211212	2.046252	0
020000002103	0.797966	0
201200100200	1.068909	0
110200210202	0.292130	0
000022011010	3.098350	0
000100300212	0.713031	0
022233211333	1.556709	1
010001000220	0.306969	0
100100102201	0.707130	0
120122040103	2345.264550	0
002122001111	0.759926	2
000200001200	2.391778	0
200021010002	1.514110	0
210001202001	0.826179	0
200212001122	1.098182	2
110112200141	1.085252	3
121102202200	14.432225	0
211001200010	1.187818	0
120010202021	0.709433	0
001001040122	0.539667	3
100212000222	0.483972	3
020000110111	0.879823	0
022211300110	0.801571	2
021000010243	0.855204	3
222200111102	0.771276	1
020110110000	1.440025	0
010021042022	0.833593	0
021001300012	0.780801	3
201212011222	0.658684	2
021000021011	0.749925	3
110012021022	0.749151	3
021001000112	0.483012	3
332020333102	0.259988	2
210001211200	0.981101	0
024240114045	0.225851	1
100220010003	1.938200	2
200020020200	0.816664	0
012102120100	0.782900	2
101020100011	0.800834	3
120000241000	0.689435	0
211000121000	0.602811	0
120020221000	44.318971	0
000202010101	0.243249	0
211012122121	2.588602	0
000001001140	0.803382	0
020101020100	0.647769	0
201000122003	0.654841	0
002122100211	0.741233	2
100200010002	0.660859	0
000002002040	0.826983	0
011021041012	1.181407	0
200200110100	1.999442	0
120122000121	26.079249	0
111021210220	0.807074	3
020220111000	1.264159	2
100100210002	0.722861	0
102100041001	0.803466	0
010200201000	3.071409	0
201001000210	0.889391	0
122210112200	21.223353	0
000012010242	0.491127	0
000000221200	5.396213	0
000102110241	1.139759	0
201110000121	0.804978	3
022212000102	2.125417	2
112002201222	0.773061	1
220200012000	0.566868	2
021201012220	0.548580	3
001010040021	0.009217	3
012001200220	0.827164	3
011122220021	0.831436	3
112002211221	2.271352	1
112012220101	15.072924	0
000000001202	0.358992	0
200110010242	0.552358	3
011222020021	0.690180	3
102000221020	2.008139	0
011001200222	0.561524	0
000233101333	0.547484	3
020000302100	0.798895	0
022110120120	1.065522	0
102120211212	0.680527	3
000020000200	0.078878	0
021021	18.530533	0
112220021012	0.932756	1
021201210000	0.436514	3
101200101003	0.742378	2
201021000020	25.341773	0
012001222022	0.864449	3
001010001002	0.722548	3
221110102220	0.622002	3
000020310021	0.729170	0
021101010000	0.335711	3
212233111333	128.973885	0
221110122221	0.762664	3
122021010112	0.966422	0
000233010353	0.797158	3
010200000100	3.527333	0
100110020222	0.737185	0
001120000100	0.332207	0
120220201013	0.753694	2
010210000140	0.906751	0
022021010002	1.342019	2
000200022201	0.699386	0
101001010200	0.825976	3
020100020041	3.860149	0
212001201001	0.642602	3
010001100100	0.425419	0
000000001140	2.556416	0
221100001000	0.745007	0
021021010000	5.781570	0
002120300002	0.750447	2
000000040112	3.992107	0
001001002121	0.725357	0
010222210121	0.306625	2
101100200200	0.819329	3
100000202010	0.085213	0
022002000100	4.380526	0
000020020112	2.898475	0
210001120002	0.598356	0
002102021000	11.366276	0
212102111200	3.515562	2
024240114244	0.785265	1
200120201000	0.493993	2
021220210220	0.920733	1
121101122201	0.714408	3
001000120020	12.538990	0
124040224244	203.250186	0
220212110102	0.777451	1
001021300222	0.230048	0
021120000002	4.129430	0
012220011010	1.166081	2
000010100220	1.122925	0
000211100002	1.294880	0
000121020210	1.146608	0
000011022202	0.853610	0
100001000003	0.670177	3
010102220220	0.604974	0
012000102003	0.970408	0
201001201202	1.098349	0
220120122200	0.832179	1
200000220010	0.703418	0
000000240000	0.038299	0
100210100043	0.759458	3
100202002102	0.817290	2
200011020102	0.738201	2
000012020200	0.849313	0
011112001120	0.816563	3
000000041010	0.089579	0
101122122101	0.788834	3
000120020211	0.832670	0
000020021010	0.865012	0
120202210111	0.809650	2
110222221100	0.733880	1
010212020000	1.083162	0
100221000000	11.030177	0
000000022240	0.796505	0
000220220211	0.803588	0
100110020002	0.670624	0
021002001000	0.705567	2
010112220000	6.382885	0
102100010100	0.715800	0
200120002012	1.620036	1
021020300100	16.894407	0
121001000002	0.740095	3
210000200200	3.419526	0
000001040112	0.420457	0
101122002012	0.824165	3
200010021000	0.568049	0
100000210043	0.282481	0
210002000101	1.314954	0
000010001001	0.215717	0
000201200102	3.769582	0
020120012210	1.626492	0
001001102222	0.719256	0
200212001101	1.895991	2
210001202022	0.714660	0
022102210100	1.292472	0
221120122023	215.837358	0
210100221020	0.826418	0
002012000112	0.878347	0
201000011100	0.837052	0
000101000102	0.712889	0
201200002102	10.223107	0
100220001011	0.807299	2
000100211140	4.285964	0
210110222100	0.588782	3
202201300022	0.736585	2
212021101110	0.758273	3
021221210220	7.521022	0
010001201200	0.475238	0
201200000010	1.299391	0
100100020021	0.761305	0
110211220112	0.775140	3
200000022003	0.174667	0
210001220220	0.790629	0
011202010100	0.535348	3
101122040121	0.310664	3
210210022100	5.327925	0
100001202010	0.780327	3
110001221120	0.731922	3
100020042010	0.303536	0
041402442420	0.677769	1
120100020010	4.001174	0
021202010020	0.812042	1
110021240022	0.749267	3
111020202011	0.796142	2
222100101200	0.732085	2
020002002010	2.094389	0
022011120012	1.350576	2
112012221001	0.870296	0
020010000021	7.772981	0
010001210101	0.734292	0
122022012011	1.210174	2
332002353000	0.649287	2
002012001010	3.698597	0
101020142011	0.730409	3
002112300122	1.390291	0
330200333101	0.705942	3
110201210000	5.144669	0
001120340012	0.755332	3
002000212221	1.656384	0
020100000220	3.885773	0
021110	0.189442	3
020100010142	0.712924	0
221001111121	0.744018	3
021120100011	1.440079	0
001000042000	0.228584	0
221001101001	0.435604	3
000021301002	0.578677	0
202201001020	0.931798	2
330010333240	0.560151	3
000022300010	0.408564	0
112011211202	0.719210	3
211011211222	0.615592	3
000200200240	0.732513	0
010000121002	0.732590	0
021001000043	0.834960	3
002101002221	0.685118	2
121100120040	0.959908	0
202100021012	0.676266	2
020100202000	1.016182	0
120211212120	0.642545	3
002012001212	1.893156	0
001000000022	0.195029	0
021020000043	69.024005	0
010212000121	0.527035	0
201020001012	3.210205	0
000001012202	0.857755	0
210033020333	0.357575	3
000022020102	0.819559	0
100121102201	0.459455	3
221122	16.604789	0
021122112111	0.824191	0
001002000140	0.497190	0
020202010100	0.247945	2
120120220200	2.645488	0
022221312211	0.754988	1
101000342010	0.725023	3
000002021101	0.963838	0
010021041000	1.053502	0
211100120200	1.398121	0
000111102200	0.787669	2
121020222010	0.972830	0
110200201000	0.446477	3
001000202202	0.842895	0
100010200040	0.385687	0
110200200003	0.687202	0
021110010000	0.770143	3
210022112211	4.619122	1
101121040022	0.133696	3
201121000212	5.412627	0
100022201221	0.776498	2
200201110100	1.110136	0
110200201040	0.858856	3
022110010002	0.852431	0
002012202021	0.851052	0
001020000023	36.127858	0
002110000200	0.815364	0
002000220023	0.726059	0
000220210100	3.919852	0
020102010003	0.903247	0
002021101012	1.142638	0
021001002212	0.864180	3
012012220101	9.331865	0
012200020010	6.738381	0
012002102000	0.860268	2
001010142022	0.772811	3
000010002012	0.102883	0
002102	8.523170	0
210120122212	0.954901	1
100200300200	0.826803	0
021000001010	0.127943	3
022000101100	2.695583	0
200002220000	2.120911	0
020220010201	0.892463	1
022011211210	3.307229	1
211202211100	27.799840	0
111220212013	0.892732	2
220200112013	0.635118	2
001002121100	1.164347	3
000002041000	0.175989	0
022210210120	0.775419	1
102210000000	88.049614	0
100001200040	0.710691	0
332001333101	2.954706	3
102121211212	0.378843	3
212202211102	1.356488	1
020000110000	0.394752	0
202211101202	1.468793	2
201000142003	0.695450	0
222001141010	0.696080	1
002012000020	28.361859	0
220221111220	2.861513	1
010020110100	0.689585	0
000211000222	0.752168	0
221001100040	0.140757	3
000022011101	1.579816	0
202210020100	0.690863	1
001012300122	0.686112	3
001012000022	0.371542	0
350400353410	0.015050	3
221120102010	1.063355	0
121100110140	0.635535	3
101020002111	0.786654	0
010120020112	0.534712	2
201110002222	0.598084	3
220020102000	0.398389	1
011202221100	0.547597	3
004242004044	0.834312	1
011121221222	0.675254	3
000112001102	0.737604	0
020212212112	0.513011	2
100010042003	0.663570	0
001122042101	0.815966	0
102202012112	1.166163	1
210100100140	0.550433	3
121100100140	1.103509	3
202201300110	0.837026	2
221201110040	0.049576	3
112220222211	0.848083	1
002221112111	1.699268	0
200200002100	23.631023	0
021121010021	0.970060	0
011202000120	0.765668	3
002122012211	0.501221	2
000100210101	0.928011	0
221212112122	0.793492	1
210110120201	0.770051	3
210100021100	0.699443	3
202210221000	1.260619	1
221002112210	1.221334	1
210001211011	0.783531	0
022221211212	2.839990	1
122220210000	1.430177	2
101122041111	0.547580	3
012012000210	2.879995	0
000011300012	0.558822	3
122110220010	0.727582	0
001020100010	2.066260	0
221012110121	1.175359	2
202110000020	0.675694	3
011120100023	0.485051	3
100120010201	0.818048	3
002021001210	0.703395	0
000212002110	0.777322	3
200011040112	0.585820	2
122120102210	5.216231	0
000001300001	0.032547	0
022001120000	1.150838	2
022000122003	5.431078	0
100001000011	0.595323	3
101000042022	0.440934	0
021000300120	0.864779	0
021000000020	0.252416	0
002020010210	0.557993	0
100200200240	0.579900	0
220110100200	0.675863	3
021012002020	0.988732	2
002002120100	10.577358	0
330012333112	0.613103	3
000220220000	2.627598	0
121001112002	0.875912	3
212012001000	5.000211	0
102100002003	0.640839	0
010122120201	0.605082	2
100010000022	0.107342	0
100102200201	0.932606	0
101120022100	0.785314	3
201100121000	0.680138	0
000111002222	0.874156	2
000001011221	16.783142	0
104141114244	0.591724	3
020212010112	0.451755	2
000220000140	2.203124	0
121201212121	0.557327	3
201101021222	0.863416	3
012001020001	0.813664	3
200011000210	0.717065	2
001000200120	0.675886	0
010100221200	0.299639	3
200012001202	1.133763	0
110200200001	1.177500	0
221200100043	0.871692	2
200000100110	0.793743	0
102200002100	36.962140	0
010000020203	5.990554	0
100101122212	0.769726	3
212110000021	0.772562	3
020102220000	2.596935	0
100010201001	0.499880	0
200210122020	1.143962	1
202102001100	1.373919	2
000100340021	1.061999	0
000200022010	2.467781	0
330020333200	0.051338	2
102120201010	0.472055	3
212001201210	0.737822	3
212021101011	0.528209	3
221101100202	0.641597	3
100101002201	0.536588	3
201121001222	2.272738	0
021021102000	1.304302	0
012210020002	4.120582	0
012110001000	0.817920	3
022201310000	0.522751	2
002102020101	7.042852	0
011222010121	0.509280	3
220000102003	0.004751	0
200110222201	0.793305	3
121012002020	0.695628	2
022210112200	1.001684	1
210000102013	0.685636	0
100210012102	0.860546	3
330120333102	0.178078	1
012000000122	0.742121	3
010011020112	0.738800	3
001010041011	0.211957	3
100101220240	0.324831	3
101100002201	0.669190	3
002011000011	0.393036	0
102010022020	1.839577	0
101120001020	0.612205	3
222100101011	0.775728	2
200020010011	1.148144	0
020121210211	2.195272	0
100101102212	0.718343	3
210020102012	9.683601	0
110012212112	0.534330	3
021200011000	0.412780	2
001212	0.156569	2
112002222010	2.061981	2
022110110020	0.636199	0
210020100100	1.316295	0
112220012003	0.947329	2
100100100042	0.815867	0
331000333040	0.049011	2
010210002000	4.929492	0
001022300220	0.504030	3
112200211010	3.855460	0
000122002211	0.353535	0
010001201011	0.790212	0
110020212200	0.558973	2
200020042011	0.811392	0
201021000022	2.713885	0
021010340020	0.821716	2
001112041212	0.517705	3
200210	2.668554	2
202000041110	0.845529	0
011002020040	0.802829	3
021001001122	0.575142	3
112101	0.296053	1
021100022120	0.708692	3
022100122020	12.390135	0
200210000121	1.406836	2
111002200011	0.804098	1
014142024045	0.817347	1
001001201022	0.505734	3
201012000022	1.101906	0
100110200201	0.778857	3
022033021333	3.912525	2
221021111100	49.570484	0
000011120112	0.593127	3
022211210012	1.004052	1
200012020020	5.371205	0
002120201010	0.995843	2
330021333200	0.175584	3
011211200022	0.832467	3
000101002201	0.427870	3
100200020102	0.401865	0
002020300012	0.102400	0
001102120200	9.019639	3
112021211212	0.145318	3
112102021203	1.103394	2
102120102011	0.517138	3
201002101000	11.187638	0
102021000022	0.746340	0
000000040020	2.178125	0
210011002002	0.826740	3
002211222112	1.080941	0
122211210102	84.256666	0
002220201010	0.769545	2
120210201000	0.203830	3
020121011201	13.860082	0
002001002011	0.820859	0
220120101000	0.514479	2
000020002222	0.808277	0
202200000010	0.726197	2
001112001222	0.577076	3
110012002020	0.806529	3
000222000121	0.039094	2
012002010000	1.143674	2
111220212001	1.092898	2
000222300021	0.203692	2
210200120240	1.184947	0
201201011201	0.702666	0
210100022003	0.697176	3
202000201120	0.406471	0
010212010100	0.571837	0
012000041012	0.834609	0
011002010002	0.776102	3
000020020020	4.267499	0
101000002023	0.546902	3
020000021023	11.538622	0
201010001222	0.660939	0
011012201020	0.771896	3
101120202011	0.617985	3
112100200100	0.813123	2
100000000221	2.369505	0
100112002222	0.734357	0
010202022100	0.853971	0
220121000201	0.853250	2
000020102110	1.564402	0
200021001011	1.035123	0
241410442420	0.238211	1
100101202220	0.847572	3
010020020210	0.815204	0
331000333240	0.708822	2
100212000002	0.513990	3
002202211100	0.883748	2
100121010201	0.549207	3
021200110043	0.775364	2
022120012112	0.998289	1
100000202001	0.314514	0
201120040001	26.494760	0
120021200001	2.406483	0
021022020111	1.998026	1
022110120200	1.206604	0
102220042010	0.431024	2
000202320100	0.527609	0
020010210200	0.810022	0
002002100021	6.934242	0
100211000212	0.701950	3
000000202001	0.272699	0
122211220102	74.090968	0
012012020012	2.961329	0
002220020210	1.103175	1
120201210000	0.433613	0
101212102121	0.746972	1
200000000220	1.947657	0
001010040120	0.662633	3
002022211111	0.788262	2
020012000141	25.498718	0
002120041010	0.702677	2
220200112003	0.067131	2
110012020021	0.590678	3
200210000112	1.441437	2
020112020101	82.727690	0
222020111010	0.623239	1
120000201020	5.604903	0
121101212001	0.839804	3
002220002012	0.578886	1
000012200041	5.662455	0
100021102002	2.608747	3
000133200333	0.086551	2
100120121000	0.371308	3
002220302112	2.832982	1
100201010100	1.151815	0
211102220140	1.026263	0
120102020101	1.537811	0
102002000002	9.768998	0
110000211012	0.597066	3
001220002010	1.075399	0
000202011102	1.133311	0
102002002110	2.550813	0
000020100203	2.215218	0
112010221110	0.750385	3
210112120222	1.268122	0
332000333000	0.013920	3
010200020140	1.882926	0
012011222012	0.867837	3
110102220240	0.327711	2
212200221020	86.154151	0
121102212221	9.075987	0
201012041122	4.194847	0
100220111003	2.147368	2
022120212210	0.659612	1
000102040201	0.625985	0
000220100201	3.643999	0
000221000102	8.625170	0
121010212220	0.547544	2
010020201010	3.062107	0
000102320010	0.716318	0
100000000022	0.630258	0
100112002212	0.705453	0
112002200221	1.014470	1
021211211121	0.574692	1
012002010100	0.635240	2
121001102020	0.316850	3
210010002002	0.811238	0
110012201002	0.488915	3
122020111212	1.221017	0
122020202110	15.827033	0
002121211212	0.811397	2
201000022000	1.251048	0
200101300022	0.880251	2
000012010000	1.522362	0
010100100000	0.382214	3
022110110200	1.536779	0
000000111140	0.542325	0
202000	1.903999	0
000010002100	1.306856	0
022200212000	1.593236	1
142400442400	188.826097	0
100210010020	0.852449	3
000210000200	0.221270	0
221120021020	5.618067	0
212102222003	0.451784	2
212001101101	0.797000	3
112110221200	0.710140	3
001002010201	1.269455	0
022210112211	1.161547	1
000110010020	0.741051	0
000221000221	23.805295	0
211010141021	1.119476	3
110020201100	0.639547	2
221122202011	0.857434	0
022002110101	0.839608	0
012021040010	0.415170	3
210020200200	0.725670	0
120101220210	0.706072	3
001020100000	2.144448	0
100000122003	0.176707	0
222011100122	0.800646	1
104140124244	0.238119	3
021100020043	0.301646	3
001120020022	0.830277	0
210001220102	0.780864	0
200122002211	1.355473	1
120000002011	0.706725	0
112200211020	6.340330	0
000122002221	0.728891	0
000010202003	0.362508	0
100100020200	0.139733	0
012010221000	0.637907	0
000200020103	0.798297	0
221101101202	0.555563	3
210021020000	0.815393	0
000201000011	1.516660	0
010002202121	0.778300	0
000000001041	0.762704	0
011020020220	0.800073	0
212212021212	0.736380	0
112120220012	0.824133	1
002200220000	1.321304	0
330010333140	0.734051	3
101222002101	0.818094	1
002001002022	0.710067	0
021033222333	0.743134	1
020000112200	2.153806	0
000010001220	0.642907	0
211010001021	1.788077	3
330010353020	0.034531	3
221000100002	1.539960	0
001001020222	0.849060	0
020210010002	0.652987	2
212202211203	0.622441	2
221001300201	0.810779	3
020110000222	0.815106	0
200101100240	0.675451	2
102101111200	0.742781	3
000222000001	0.474925	2
200000010211	2.761031	0
102020011012	0.723116	3
001102110200	2.937922	3
100020240011	0.715470	0
002020300022	0.647773	0
100000202111	0.760616	0
020122120121	10.804742	0
121220202000	0.436142	2
100112200222	1.006317	0
201122001201	1.470078	0
221101101000	0.504206	3
020211211202	0.519655	2
020010000120	10.169841	0
100010000012	0.354024	0
332002333010	3.153030	2
112012221100	1.055647	0
010122110201	0.851084	2
000012120002	0.784779	0
022011021012	0.790790	2
202210111000	0.778202	2
110002211002	0.426084	2
000000100240	4.155794	0
010100022202	0.770478	0
220000102110	3.186413	0
110210201022	0.868329	3
141401442421	0.349182	3
000002202011	1.402320	0
010112022001	1.104350	0
002020300201	0.430914	0
210220110102	4.231347	0
010200010220	2.218925	0
121001100200	0.523740	3
010100000000	0.134816	0
000220022210	3.575403	0
021120110100	1.605444	0
100122001101	0.382667	3
110021201100	0.690049	3
200001100003	0.774116	0
120102110240	18.166486	0
000211210102	0.656753	0
121100100000	0.628278	0
200211302102	1.106707	2
202010100012	0.780653	0
010202120100	0.470322	3
120220010210	0.882093	1
212002000100	0.942074	2
012002340000	1.539175	2
002000010010	0.793053	0
122202212100	3.750761	2
012002020211	1.168182	2
120011120142	0.425235	3
010001300202	0.698746	0
102102002220	2.749483	0
001121041022	0.515642	3
110001221021	0.784625	3
021201020102	0.584621	3
001120122100	0.880365	3
001010001023	0.243757	3
010121120222	0.562931	2
201200101010	2.242157	0
001000142000	1.120718	0
102200101020	4.366777	0
120011200002	0.376812	3
000220301100	0.827867	0
120201010101	1.470937	3
021000020002	1.803173	0
120211010112	0.744616	3
212110221010	0.831542	3
020121300201	0.473804	0
200000221000	0.411710	0
022000002012	0.944601	0
000020000021	0.166917	0
010011201222	0.767216	3
000100302201	0.761244	0
002021000012	0.152087	0
221110122000	0.820821	3
000211000212	0.174156	3
201110202122	0.789637	3
011121221212	0.756036	3
002002002110	6.398105	0
001033	0.441514	2
001002020100	0.261227	0
041420442400	0.439894	1
221022121001	0.834365	1
101011202022	0.627564	1
100010240011	0.810163	0
210010201000	0.316175	0
112002210003	1.024952	2
002201300012	5.809018	0
112002211000	0.422677	2
120122101221	0.776818	0
200000101021	12.546162	0
222102211123	0.833727	1
002001000222	0.408637	0
101000042011	0.208222	3
020201112000	0.654775	0
102012040022	8.057507	0
000220110000	1.981673	0
200202121120	1.045781	1
002021201112	0.714720	3
330012333121	0.860241	3
110200020140	0.728916	0
020021000222	12.555558	0
221100112140	0.591980	3
020110000202	0.744354	0
210001211210	0.289075	0
110000220003	0.142469	0
101002122001	0.725974	2
000002200041	1.694394	0
001020101023	73.696475	0
121201110100	0.667204	3
012012221010	1.206784	0
240410441400	0.614291	1
100012010000	1.038406	0
212033140333	0.740802	3
022000112003	6.592785	0
220000102200	0.301075	0
120221212111	1.852580	0
221100111003	0.561472	3
102012001001	2.314259	0
210202102003	2.580587	0
201120100010	4.542422	0
101020022011	0.855226	0
000100001200	0.497240	0
020221210212	14.994088	0
010101100240	0.368962	2
332002333122	1.838297	1
010001010240	0.302681	0
020121010212	1.477837	0
002002100200	8.780676	0
100020001002	1.099650	0
212102121121	0.688051	1
000102000243	2.069273	0
120120001000	86.532453	0
022011021202	1.045080	2
100000001003	0.078633	0
022001021000	0.992155	2
001012040002	0.620689	0
220000120220	0.867117	0
101010122122	0.652974	2
100000000000	0.017268	0
012210020210	8.973826	0
042410442412	1.109951	1
121012002000	0.826744	2
121221210200	1.642886	0
000001211200	1.748329	0
021110020000	0.288125	3
112000201201	1.146653	0
001112100122	0.746504	3
201000010040	1.129403	0
020100010100	0.426764	0
001020000013	0.783245	0
022110020002	10.811723	0
011220110220	1.197016	0
000102320201	0.760752	0
200212000041	26.103862	2
220012112200	1.385968	1
100212210141	0.764649	3
020201211210	0.661694	3
000222122121	0.806795	2
210220210210	1.678618	0
000000202013	0.352789	0
100220040001	0.986198	2
202210121100	0.936194	1
022011011112	0.479069	2
222110001020	0.713552	3
002000221010	0.410251	0
101121012212	0.790375	3
022200210011	0.842915	1
000200310022	0.796155	0
020000020201	6.904417	0
000200010203	5.350586	0
210200121000	10.232657	0
002012300021	93.156752	0
212002121021	1.117106	1
112202202000	1.990412	2
001220110010	4.188744	0
020000110101	0.593683	0
001012300001	0.573737	3
121201012210	0.740933	3
012200222200	0.877229	0
202112001122	6.319695	0
000001301002	0.794438	0
022102320110	73.663774	0
000100022100	0.573829	0
011102120100	0.548224	3
010200011210	0.862968	0
022000202010	8.342136	0
010001000241	0.751950	3
100002300000	0.311259	0
012201221200	11.496179	0
001210002220	0.838549	2
100200020001	1.504920	0
000002342000	16.701067	0
102002200003	24.055357	0
110200010040	0.348026	0
122210210212	1.892124	0
110112221202	0.596657	3
000021300200	0.639672	0
041421442400	209.455642	0
220122122211	0.669975	1
200010011000	0.736662	0
332010333101	18.389375	3
022000001021	1.131101	0
200202120110	2.558582	1
212110221122	0.788622	3
001020040120	36.655491	0
100001001012	0.785268	3
200100101121	0.797391	3
200012102020	1.174007	0
210200010000	3.551726	0
201200000020	16.332123	0
022201310101	0.831783	2
020120000012	48.127293	0
021102020101	5.457789	0
200211300120	1.617853	2
201200001023	19.699078	0
022201010001	1.549553	2
111002002010	0.754969	1
000100221140	4.147368	0
211000201010	0.863211	0
221100120100	0.301252	3
102000002000	94.492306	0
210001001020	1.135316	0
024040104045	0.460374	1
022010000112	15.757301	0
020001020240	0.217696	0
001102020002	0.766327	0
120000210013	0.773580	0
120000211010	0.283886	0
210210020022	5.413013	0
201100201023	0.806676	3
024241124244	9.122931	1
021000040000	0.289547	0
120010210200	1.381455	0
102011202112	1.116484	3
242401	0.785068	1
010220000200	3.638732	0
101000002002	0.176724	0
112011221022	4.836110	3
121101220002	0.563836	3
210211100112	1.595221	0
010212000112	0.333109	3
000000301140	0.598700	0
011210020140	0.770754	3
200010010102	0.663712	3
200200100021	4.302565	0
002100201001	1.517167	0
122121102112	0.763121	0
020212010120	0.805167	2
001020012000	1.212270	0
021100220043	0.515272	3
022021300111	2.524626	2
000120201010	1.487287	0
021000300021	0.737987	3
100001011000	0.825131	3
002200100100	2.375060	0
110021020201	0.832040	3
100021010002	0.646174	3
200220101003	1.142445	0
112002221100	1.162583	2
100000042210	0.818792	0
121120202023	334.550552	0
020002010212	4.475124	0
112001222000	0.389483	3
220000020003	0.211824	0
102121020212	0.537752	3
000010342000	46.217534	0
210200210202	6.039298	0
001002010000	0.665408	0
010220210102	0.848890	0
201212302121	1.365982	2
010020200020	0.932157	0
212210002020	1.389200	0
011220212010	5.670052	0
202010221010	0.723101	0
200100202003	0.066976	3
000202102121	1.195505	0
002110040000	0.760983	0
220000222010	0.784857	0
021021020000	36.887115	0
102000111020	0.685756	0
121001202102	0.749924	3
012002222220	2.313840	1
020102010110	1.674343	0
021012001121	0.757679	2
000222012211	0.884102	2
021001040000	0.546896	3
022100221200	2.737414	0
100012042000	0.637267	0
012100120003	0.436865	2
100222000141	0.608078	1
210020200000	5.131122	0
101001212000	0.640119	3
200012320021	3.676151	0
000012020100	16.866899	0
201000012100	1.468281	0
022210010120	1.321481	2
011002002010	0.523441	3
002000010201	1.371332	0
201012101022	0.838251	0
200210300120	3.333904	2
210002112000	2.571538	0
200210000020	0.234587	2
021120002120	5.964941	0
002220100010	0.481691	2
212002120003	1.589694	2
220211110121	0.825778	1
122100220000	9.002200	0
201200202020	4.201910	0
000201310002	1.094252	0
210000002010	3.806511	0
100011200002	0.662137	3
010200211140	0.737233	0
002002320202	13.578116	0
202210301000	1.003409	2
004142204244	0.353961	2
121220112013	0.799754	2
000020200210	3.357869	0
102120202111	0.707510	3
020021320001	17.420596	0
110000210022	0.625246	3
201001002200	8.217134	0
110021201000	0.204302	3
002000111120	0.824058	0
122021112212	0.798253	0
020002110111	1.146305	0
102220002111	1.559308	2
022210211020	2.078433	1
102100020100	1.099867	0
012002221100	0.726173	2
020112010001	3.768489	0
220110112112	0.653943	3
002002002100	7.221413	0
001001200021	0.755971	0
200200000203	1.485637	0
000000012240	0.778475	0
200201010200	18.151782	0
101000042003	0.430515	3
022100110002	1.628881	0
200122020121	0.693686	1
120121001000	135.263795	0
121021002012	3.605686	0
110010022102	0.863042	3
021201211202	0.534499	3
101002002012	0.846777	2
211010200021	2.486354	3
210102000241	0.801600	0
020002000102	3.584429	0
000220300000	3.446610	0
220000102011	0.787070	0
004042114244	0.344552	2
000220302112	3.424971	0
111021202022	0.576761	3
220100121020	0.467372	0
100110020040	0.755538	0
021101011202	0.776254	3
001112041202	0.788211	3
002211021122	13.404592	0
002002001021	1.644569	0
332001333040	0.713042	3
120020000200	4.008924	0
001120040012	0.869010	0
102021012112	0.676632	3
201200001011	1.272214	0
102020021112	1.867041	0
012010000100	0.734011	3
002000200103	0.791234	0
200033111333	0.356704	2
120020211000	14.291694	0
000011200112	0.185387	3
001112000221	0.568629	0
000000000000	0.153321	0
201002121040	84.897481	0
120122212212	1.877393	0
000020202010	0.461873	0
331221333100	75.901561	0
210012200020	1.055754	0
001010202000	0.589796	0
141421442422	20.744119	0
020110022112	0.532640	3
122011011112	2.004995	0
020102300000	0.865488	0
020001200010	0.827829	3
010102122000	0.683094	3
000000120043	16.491041	0
100102210100	0.677106	0
000101300202	0.135434	3
000000121040	0.703534	0
100100211200	0.738312	0
200102000000	2.550926	0
020000121020	10.733245	0
110212212101	0.608893	3
112220212102	0.690609	1
221001121200	0.697463	3
012200221200	6.137905	0
102120221212	0.750215	3
010211110112	0.810562	3
012010201000	0.361626	0
000010142000	4.589262	0
010012200021	0.857137	0
202200011001	2.913524	2
000222300120	0.358926	2
012002010101	0.649774	2
022111001212	0.892654	2
220200112100	0.497069	2
121002201010	0.852708	2
000000001102	1.991392	0
120101212202	0.685470	0
002010220200	3.170694	0
000000301002	0.304420	0
000121020222	0.569009	0
102010000020	47.825869	0
121021100100	21.060851	0
332110	0.733509	3
121021102012	9.726923	0
200021000011	3.577853	0
221001100240	0.382710	3
101010000022	0.646069	2
120000212220	1.192649	0
122120020211	1.195792	0
001211000002	0.600491	2
210110020002	0.812105	3
200210000222	1.419931	2
240400442410	0.119070	2
020002102010	1.781963	0
210122021212	0.725628	2
020100110202	0.812658	0
221020120010	2.367064	0
111100222200	0.764825	1
021121110200	9.784883	0
011002011000	0.809870	3
000011010022	0.665531	3
000202020100	0.032513	0
200110002002	0.776993	3
221020102220	5.773566	0
201200001010	2.221679	0
020101010101	0.671977	3
112001201200	0.627953	3
101010022220	0.805588	2
121002102002	1.141472	2
200002100000	1.053480	0
002010010011	0.934063	0
202200001012	0.612248	2
001112000220	0.966332	0
000000101003	0.067420	0
011021000000	1.729018	0
020000222203	0.867626	0
111001222102	0.568789	3
120220110020	1.094275	2
021021002001	2.331688	0
210012120002	0.972348	0
201020221020	53.070926	0
002220201110	1.032741	2
012020041010	0.844359	2
201010211020	1.073018	0
112221200012	32.984925	0
000100100000	0.263311	0
110210221220	0.699588	3
200102000001	2.570756	0
012021211202	0.785348	3
211022211221	51.071202	0
000200110220	0.847377	0
000000340020	2.243012	0
020000021020	9.695215	0
212012201001	4.339299	0
020000020023	11.309637	0
010211010112	0.636225	3
201201010201	1.476830	0
012000040012	0.824725	0
102211010102	19.623856	0
000222000021	0.660646	2
220000021020	0.664317	0
202200111001	0.793326	2
332102333221	1.183465	1
000010040112	0.375131	0
100120111100	0.786335	3
001220300001	0.937122	0
211200101003	46.193228	0
201101102200	0.856440	3
100120220100	0.471819	3
001120020220	0.432493	0
100122201111	0.703901	3
002033221333	0.314099	3
100220020100	0.858548	2
002000300010	4.674108	0
202033040333	0.823256	2
102220201000	5.784093	2
112220211012	0.938788	1
201000112100	0.793189	0
002020301012	0.749299	0
010022200001	0.705317	2
120211211000	0.740528	3
012220021011	0.858479	2
000010000210	0.998241	0
110102221200	0.686319	2
200210000021	1.060287	2
110222212121	0.440766	1
022100211020	12.148298	0
211000002011	1.887101	0
210102220100	1.065691	0
012002121003	0.919086	2
000233220353	0.787600	3
014142024145	0.735291	1
010101220202	0.413593	2
001000110021	0.807313	0
014240104045	0.565187	2
100120021000	0.530011	3
200212210102	1.905809	1
021033200333	0.630669	1
012000020003	2.595232	0
102002042010	9.132175	0
002200000202	2.684079	0
201021001020	77.451147	0
040420440421	0.841292	1
000012010201	3.817426	0
000022301201	0.319545	0
222110121110	0.574497	3
211002201010	3.061847	0
022000100221	2.299378	0
000012201001	0.661395	0
200210340000	0.764833	1
002100002000	1.668916	0
222011101112	0.120903	1
210011210212	0.703243	3
021102022000	2.974646	0
020002110110	1.136552	0
110200110040	0.724629	0
100010200122	1.846299	0
201202001000	0.725842	2
000200020110	2.009371	0
120212212102	0.726241	3
020102221000	3.645180	0
000002300111	0.551903	0
202010000011	0.706419	3
000011340122	0.726074	3
212002021203	0.859688	2
000002010001	0.361410	0
101121000022	0.161917	3
000000001023	96.104729	0
102220000010	0.655740	2
010222212121	0.785802	2
201200100020	2.008626	0
102000002001	25.269550	0
101202022102	0.785021	1
010210020141	2.219651	0
120212111101	0.799651	3
021201010002	0.471862	3
332021	0.569151	3
000210010222	0.633631	0
022010102000	7.644029	0
102202022100	1.030707	2
001120112000	0.853836	3
210000201011	0.769783	0
201221221220	1.022262	0
012220102012	0.807710	1
010001220100	0.593118	0
210211000112	1.159746	0
102100102000	0.425465	0
022000300022	0.860745	0
001122041101	0.278375	3
020102020100	20.442449	0
200200000021	11.573506	0
202102201120	0.785026	1
002201000202	13.232381	0
201212010222	0.761737	2
000211	1.198598	0
000120020003	0.837665	0
020101120240	0.508204	0
000120021000	0.723040	0
111222212111	0.666970	1
101102102212	0.799425	3
102102200220	1.983325	0
040421442401	1.636682	0
000100020002	0.391795	0
200011001210	0.851972	2
120001200011	1.031151	3
012110000002	0.861077	3
121201212021	0.629037	3
021120120000	36.512696	0
022200111201	1.724462	2
000200212010	2.992798	0
221201102210	0.825589	3
022000041003	3.726110	0
022121320201	1.916354	2
002000200022	0.793813	0
022210211010	0.682926	1
022000040000	1.132940	0
012110020102	0.802333	3
021201011100	0.738377	3
120011100200	0.696328	3
201100121100	0.772891	3
220012100012	0.796721	2
100000220140	8.924036	0
201002002101	3.004676	0
001000100012	0.715396	0
221100122040	0.649743	0
010102120101	0.246040	3
000000001221	6.562826	0
200001020040	0.333030	0
200200002000	7.682272	0
100200212100	1.003913	0
020121110212	0.865155	0
022212000121	4.893942	2
021122012121	0.962190	0
021000222020	0.756331	0
000001000001	0.040460	0
202200011012	0.802619	2
011001102020	0.784627	3
201020202011	1.056760	0
210122121111	0.811389	2
202210201100	2.554525	1
000012300000	0.266409	0
220102110100	1.103789	0
021000020200	0.987263	0
110001220010	0.840732	3
010021002112	0.786198	0
102002101021	1.205507	0
201210001002	1.441420	2
210100220003	0.558664	3
120221210201	2.357790	0
220000100110	4.905038	0
010112021202	0.668423	3
210100221000	0.415562	0
021221010121	3.299159	0
120033211333	0.235090	3
212000211210	0.584970	3
022011111112	0.784386	2
001001102210	0.812254	0
000022200201	1.309551	0
011122221121	0.689006	3
221001100140	0.574322	3
000101100000	0.831542	3
121021102010	4.780432	0
002012300020	119.843423	0
102120112112	0.507907	3
114140024244	0.693489	1
120010212120	0.796976	0
000020001011	0.662594	0
022201	2.773103	2
000111201222	0.800442	2
212002121020	0.767036	1
020110000000	0.600121	0
100010040112	0.741926	0
102202011000	1.142563	2
221201111040	0.077902	3
000212200102	0.650157	0
000000101200	0.756292	0
010001000240	0.070017	0
112001211022	0.792024	3
202110001022	0.737644	3
211000201000	0.814435	0
011121220222	0.800784	3
010000110102	0.505933	0
022111121202	0.847302	2
122220012012	0.929450	1
021010210020	0.725121	2
000120011100	0.803707	3
022000100100	2.623734	0
220002020000	0.875062	1
001102020140	1.103653	0
000010002112	0.783588	0
001002200040	83.482892	0
202200111210	1.587517	2
021101110221	1.829334	3
201020000010	4.957440	0
121221212110	3.660686	0
022100012003	1.173792	0
001022100011	0.762283	3
112000212001	0.765880	3
002110300200	0.839915	0
012102021201	2.895907	2
002000220020	0.751600	0
100233100333	0.380400	3
000012012101	1.021887	0
020001302000	0.520511	0
021100221003	0.811095	3
022021340011	1.776651	2
022210210020	0.939384	1
120120012200	2.341129	0
000200210102	1.276312	0
000002341000	0.658951	0
041420442401	2.975917	1
021210210022	0.806342	1
100000202022	0.652930	0
000100010102	0.177334	0
000200002220	1.028768	0
101000042010	0.048448	3
020202011100	0.663242	2
122220112210	1.077166	1
010021040000	0.509844	0
000002020101	1.878931	0
210101120040	0.630364	2
112010201202	0.882510	0
020201012000	0.647890	0
010010020120	0.829879	3
002100020003	0.629644	0
022012002021	0.876007	0
201020001112	7.540636	0
200002000210	4.089458	0
012012020001	2.048025	0
210033021333	0.644101	3
010200002010	2.116657	0
100120002002	0.657251	3
222010102020	0.740735	2
101110222222	0.800721	3
021220112110	8.039097	2
212202210100	0.584675	2
121120002003	0.868886	0
001020001023	23.865919	0
210001211211	0.656362	0
001020000020	7.661035	0
002000200110	17.468848	0
222101111200	0.585467	1
020201210220	1.094179	0
012201001002	37.203481	0
102121001010	0.677787	3
102012001000	8.547504	0
101121041022	0.469699	3
100010200140	0.715667	0
101020022010	0.565936	0
002011000002	0.266890	0
000000310000	0.019419	0
012120021112	0.392321	1
002011300102	0.519412	3
020220000110	1.102198	2
200000210003	0.243694	0
000210100102	1.065372	0
102011000112	1.121160	3
200212010021	0.831037	2
000001301000	0.576003	0
112110000020	0.573098	3
202011001212	0.250883	2
020010300021	0.835888	0
022011121012	0.838627	2
001022012120	0.842532	0
100010100012	0.805979	0
112012221101	0.867914	0
010001001201	0.825644	0
000201002110	1.585865	0
010002200020	0.968244	0
000000100241	5.701321	0
100100220010	0.763506	0
002012000212	1.641224	0
000120302012	0.761009	3
121100120043	0.515860	3
010000120002	0.703920	0
201201001122	2.118492	0
000002202010	1.063417	0
221101022200	0.778147	3
102101201200	0.826908	3
000100001240	0.778468	0
202201001120	1.203805	2
020120000222	1.867456	0
000021002210	25.312031	0
002222120111	0.772709	1
001221010220	2.276433	0
000102002002	1.653782	0
000010000001	0.111250	0
200001010140	0.741779	0
010001002020	0.661148	0
100000040100	0.567534	0
220000222003	0.177840	0
330201333202	212.385820	3
100000042012	6.707337	0
100000210040	0.139248	0
004053224353	0.088278	3
101121002000	0.556624	3
112201211210	2.397789	0
000001340112	0.658286	0
120001002010	0.821687	3
100011020122	0.477751	3
000021020012	3.928147	0
011222	0.175509	3
200202022021	0.821405	1
221012121021	0.775054	1
002020111012	1.143171	0
002011202212	0.710033	0
121121212221	6.519365	0
200211010201	0.644312	2
110212220100	0.641191	3
120100212010	0.807443	0
002000300201	7.938326	0
002202211120	0.791207	1
010022010201	0.508524	2
000112320102	0.662832	0
001000040112	4.981457	0
000112020002	1.177825	0
000000341010	0.536857	0
240410540411	0.792749	1
220033222333	0.175392	1
000000011140	1.136429	0
102001200000	0.814272	0
212200211012	1.473204	0
010100122100	0.319223	3
000000000142	0.587983	0
200012002101	36.535764	0
000000240003	0.040609	0
200100000102	0.618273	3
120102200240	24.044168	0
021000300102	0.926632	0
001002010200	0.779809	0
101020240010	0.816193	0
022210112210	3.310558	1
200110021202	0.849606	3
100021300002	0.372959	3
210000201200	2.744406	0
100102211140	0.758006	3
110210202012	0.859441	3
002021300200	1.030950	0
012021040011	0.680247	3
200120001100	0.742290	2
002002320102	12.634221	0
200211110212	1.112548	2
022110010010	6.641147	0
020100100001	1.269965	0
100101002222	0.764004	3
120210212020	0.487663	3
120100202003	0.665874	0
022120010200	0.815891	2
000000210240	1.245110	0
120012000021	0.699592	0
000021010200	0.759682	0
002002200100	2.938869	0
104053224353	13.026371	3
201020010020	24.798284	0
002120000002	0.372604	2
102000110010	0.822200	0
201020011023	4.937931	0
101222102101	0.717661	1
040401442420	0.478714	0
022100022010	4.396682	0
121112	50.850472	0
202010202020	0.699114	0
021100000000	0.161821	0
112211201002	25.922980	0
102010001010	10.878105	0
330010353021	0.023140	3
001121200220	1.551601	0
100120042003	0.448024	3
210110120101	1.234893	3
100121002012	0.812652	3
001102110201	1.252423	3
100000202110	0.842552	0
221020121020	42.652481	0
210002120010	3.448189	0
000011020122	0.346351	3
000002010210	1.106464	0
000000202000	0.028524	0
200200210243	0.654731	0
011012102002	0.684711	3
021221212110	1.923987	0
211002200020	3.921785	0
212101121200	0.770722	1
040420441411	0.756016	1
201001000022	0.232546	0
001010040121	0.397960	3
001010340021	0.027487	3
201201112112	0.934722	0
200000022001	0.810757	0
220200012003	0.493011	2
010220000102	2.800180	0
100120011100	0.745686	3
020201110101	0.694928	3
211000102200	3.587798	0
200210100020	0.479733	2
111220222000	1.003978	2
000000202022	0.480804	0
101120000110	0.781604	3
010200001100	4.256978	0
002010300002	2.907513	0
120221210010	0.862491	0
021102012100	0.814708	0
124140104244	487.437106	0
021221012222	1.059373	0
212000211001	0.629065	3
012211011212	0.856601	0
000020010021	1.817935	0
200012020012	1.905045	0
112112	33.788829	0
000020000203	0.886941	0
002001010212	0.741966	3
021202212100	0.700789	1
110012002222	0.817528	3
001220002011	0.758146	0
000020001200	0.819707	0
014042114244	0.530529	1
221220110111	1.599495	2
121001200200	0.533621	3
201011142022	0.898048	2
020001000120	3.287573	0
020202210101	0.486410	2
010112110102	0.986324	3
100220011003	1.709703	2
022001000010	0.448560	2
212002201120	1.597038	1
000012300211	0.907238	0
210102220141	1.555340	0
020010110102	0.728591	0
120102212000	18.486574	0
100101010240	0.371461	3
102100	0.813995	0
210001210200	0.420508	0
021001000012	0.441243	3
001201100040	0.745200	0
121001002020	0.375806	3
000233001333	0.127408	3
221100122023	0.415510	3
210012020200	1.200249	0
200200110000	0.969717	0
012200001002	28.122708	0
112220221112	4.303876	1
011220102011	0.942984	0
000001000140	0.114473	0
000202310101	0.754248	0
200010010001	0.830019	3
002220010211	3.277876	1
200102300000	0.575265	0
100102210000	0.665696	0
210021210000	0.986769	0
000101000202	0.028837	0
100102001200	0.709333	0
021020340000	0.194291	0
022200110102	0.596122	2
122021222010	1.002404	0
120121212200	1.946546	0
000000001002	3.115449	0
201021012212	36.264179	0
220100102220	0.857668	0
021221012212	5.010442	0
000000301102	0.643664	0
000222300020	0.625569	2
021010002000	0.745830	2
000222000120	0.534444	2
000000202012	2.254275	0
201212002022	0.807098	2
221001120200	0.345312	3
202002020110	0.801940	2
201201111201	0.676877	0
012033001333	0.124405	3
202010042020	0.695704	0
121021002220	2.868534	0
021100010140	0.607253	3
020000121023	54.600460	0
102010040000	47.380382	0
120102010100	6.639747	0
330022333211	0.028562	1
110020211000	0.164804	2
022122121011	0.789947	2
011000212102	1.132881	0
210012201022	0.796539	0
012200202000	29.362516	0
020000200000	0.495653	0
000012300221	0.673150	0
201002021010	0.693726	0
000000300000	0.006937	0
110101220221	0.837036	1
122121102211	20.259737	0
000100140020	1.041159	0
100121010200	0.649779	3
002102111100	0.850146	0
022201110240	0.790955	2
000200300002	0.702190	0
110000210002	0.270795	3
120110220040	0.615477	0
021121011200	8.104561	0
000011011212	0.709384	3
200200120000	3.665989	0
020201000220	1.955791	0
210120120102	0.832705	2
020020012000	0.922984	0
002002020202	4.380046	0
222110121011	0.698375	3
001200300201	0.752433	0
241420442400	0.675208	1
000001041003	0.790748	0
200011010002	0.838584	2
200020300200	0.804670	0
101020	0.792606	0
100011200102	0.456049	3
020020010112	0.800881	0
210121020201	0.605889	2
014142224244	0.609082	1
202010001002	0.438487	0
200100002020	0.487154	0
021001000021	0.220932	3
000001010000	0.092537	0
101100002200	0.718895	3
110220210043	1.709499	2
002002002000	3.360568	0
200200001203	5.269928	0
100110010102	0.766974	3
020121210210	3.619639	0
100220000140	5.188225	2
102100020000	0.581317	0
001002002002	0.987051	0
210000000022	4.305902	0
002000111020	0.619490	0
210020002012	1.896759	0
111202212122	0.480860	1
020012001000	1.119934	0
210000211222	0.822364	0
112010220020	0.716511	0
120012200201	2.105207	0
002010340010	6.416422	0
021002012200	1.057235	1
022210211212	0.734100	1
210120121000	0.704099	2
102100212100	0.885876	0
100100000042	0.639532	0
000022142011	0.765865	0
001121000122	0.617816	0
202212010211	0.850556	2
102202100100	0.783804	2
001102200200	4.111570	0
110201200000	12.940191	0
002102222210	2.954116	0
120210010120	0.859777	3
002002041111	0.936978	0
120012002021	0.825128	0
012002020003	0.422084	2
000212320102	0.520019	0
012002021000	0.683896	2
001022300200	0.252845	3
102220202011	0.730884	2
011021201220	0.977063	0
210002120020	3.507416	0
221020111020	34.155824	0
102120002011	0.174782	3
012022001011	0.731504	1
010201210202	2.189810	0
101001002102	0.672648	3
100120000043	0.812438	3
011211022122	0.811962	3
100001010000	0.398760	3
002200100000	5.435084	0
220110100201	0.671195	3
212002110010	0.851291	2
000002300022	0.160856	0
002020110210	0.696066	0
332202333110	4.029426	2
122120022210	3.691725	0
221010002021	0.800102	2
102033140333	114.548906	3
100010100022	0.485175	0
110200210140	0.337234	0
001001012100	0.701192	0
021101001221	0.670664	3
200100000110	0.972322	3
021201011001	0.858486	3
210200222000	61.607759	0
020212110112	0.633760	2
011202212122	0.744553	3
100012220000	0.554279	0
010000000240	0.590254	0
101000212200	0.819912	3
102121021212	0.638549	3
112002220100	0.612873	2
021121020202	28.097862	0
010100221201	0.760516	3
021020010100	16.351223	0
001221020220	12.598886	0
021122010221	1.536040	0
104041014244	0.818630	3
200001000212	0.806516	0
122000202000	34.102685	0
001020041120	15.318325	0
020112210102	5.214056	0
202010101011	0.597009	3
201000021000	0.868947	0
100122102211	0.804521	3
000001220240	0.585903	0
330210	1.939655	3
000121200202	0.832450	0
002000110020	1.016431	0
211011202022	0.457524	3
001000240000	0.276150	0
010001002010	0.847995	0
000220040011	1.052513	0
102002111120	0.714562	0
100000202003	0.045059	0
002120002011	0.725289	2
101000002102	0.579284	0
000120000043	0.422801	0
110211221122	0.748492	3
001102020102	0.730227	0
002000201021	0.800298	0
010220211100	1.345464	0
021100100020	0.848010	0
104140204244	0.154663	3
020033102333	0.388719	2
212021101010	0.096705	3
100011020112	0.609453	3
020102000140	0.819521	0
010022020201	0.495614	2
001122001121	0.412796	3
021112010221	5.549458	0
002102020100	5.040467	0
200211000120	0.692423	2
102220101010	0.849648	2
112202202100	1.195345	2
120120000002	23.725506	0
022122320112	2.458497	2
000020100011	0.865289	0
002012000021	24.090967	0
200100300240	0.756909	0
000200010200	1.967916	0
212200101020	49.315239	0
022011010112	0.802174	2
120001201010	0.945146	3
010000221023	15.688823	0
002210020120	2.744890	0
022233200333	0.793073	1
004053114353	0.251061	3
001000002012	0.305902	0
212012001112	5.628214	0
120120022200	1.951241	0
020000002013	0.719025	0
212011001011	0.729345	3
021100211003	0.816127	3
211000201101	0.835733	0
010211000002	0.117830	0
002020221012	0.771575	0
002000020212	1.564640	0
210011120102	0.794875	3
011120200120	0.756934	3
102022000211	0.599026	2
102033042333	1714.522395	3
000001001002	0.365576	0
021002200010	0.810951	2
210100000140	0.211698	3
210101000202	0.745499	2
020122100201	3.369374	0
020001200000	0.252189	0
141412442421	0.787922	1
100020002110	6.179938	0
121201210202	0.448493	3
002002101200	1.561357	0
332002333022	0.403556	1
210110120200	0.625598	3
104140204045	0.201846	3
001000001012	0.212626	0
110220210112	0.771185	1
120212010141	0.324792	3
211010102020	0.361535	0
011200200022	0.665204	0
022110020102	3.569411	0
020110020040	1.100129	0
212002140003	1.036021	2
112202221200	1.248762	2
020201210210	0.484135	3
012000041001	0.822135	0
001020001013	0.353163	0
212102021120	0.820938	1
211020221020	45.974397	0
021110020100	0.604875	3
200010020040	0.660471	0
002202012101	0.729834	2
020101010210	0.789857	3
210202020003	2.830043	0
100120201000	0.166117	3
000001300000	0.018619	0
022001020000	0.953563	2
020220111013	0.680373	2
001012340002	0.772347	3
100000001000	0.056245	0
112012222000	5.265336	0
021020100043	29.621750	0
201210002100	2.232822	2
020021300222	9.610569	0
100121102200	0.475552	3
000220110003	1.488677	0
112101021200	0.752662	1
110100221140	0.369230	2
102102121203	0.610127	0
021000222010	0.662631	3
200010010220	1.386458	0
021122200011	0.899492	0
102020022211	0.777553	0
020121110222	0.639702	0
210120221200	1.570693	2
202020001011	0.268334	2
100000102122	0.828896	0
012120120112	0.341667	1
202001221201	0.758677	2
210202102000	5.876447	0
210010200002	0.309013	0
000022122011	0.833060	0
221100111000	0.403599	0
000220301211	1.345012	0
010022042010	0.665471	2
212011221212	0.462984	3
000200110002	1.353844	0
210000221203	0.963292	0
010002000212	0.855751	0
101020202021	0.778090	0
001020101020	7.062886	0
002201000240	48.366343	0
020100320001	21.977047	0
002002202010	1.088243	0
352410353412	34.724972	0
200020121000	8.150169	0
000211001212	0.789796	3
222110101010	0.773745	3
120033221333	0.181380	3
110200220040	0.293297	0
212000002000	0.687799	0
110010222002	0.653951	3
220000100120	1.195425	0
202200010210	0.755020	2
121011002022	0.729571	1
222000141003	0.309912	2
000112200200	4.668175	0
102121022211	0.638411	3
200000221003	0.233273	0
110212211202	0.786198	3
020000120100	2.372928	0
010021200012	0.705576	0
102120122112	0.602145	3
211102202001	1.133709	0
021000001011	0.373675	3
000220001100	3.369071	0
332001353011	0.867311	3
112001211012	0.819733	3
112002211003	1.712609	2
012102002120	0.746248	1
021020020000	14.270431	0
002202300000	0.735664	2
022200112201	1.491599	1
200211000012	0.850504	2
021001220240	0.656604	3
211202211101	2.961235	0
222021101111	0.862639	1
002221002112	2.305924	0
022020002010	0.550481	1
002202302112	0.772182	1
010001221040	1.053972	0
100200010000	0.245579	0
140411442402	0.699578	3
200000100140	0.624574	0
102210100000	44.877245	0
200000141000	6.893198	0
121110212022	0.915676	3
110012010043	0.807948	3
100233001333	0.684595	3
001001022000	0.332573	0
000100021200	0.895637	0
000110010120	0.799876	0
221022012211	3.372032	1
212000201040	0.606271	0
122202212000	1.687615	2
001100000241	0.718438	3
110220211122	0.692531	1
220100110003	0.411906	3
000010101001	0.677585	0
020000210201	8.758430	0
000010240001	0.831252	0
212002200003	1.354643	2
002000002122	2.600389	0
141420442410	1.179963	1
112000202100	0.783915	3
201010342220	0.834148	0
000021302211	0.873905	0
021201002200	0.575855	3
100212000200	0.834111	3
100010000220	0.404987	0
021002100200	0.765353	1
330122333021	0.566562	1
020211010102	0.551449	2
010200200022	1.252824	0
201200102102	9.051308	0
001000142003	0.119512	0
020112010022	0.852932	0
120000120010	13.512801	0
022120111100	0.829974	2
212102020110	0.880297	2
002020010012	0.298840	0
202201001210	1.617279	2
001001300001	0.499092	0
000002122003	22.952342	0
221100100200	0.614199	0
111020202010	0.423597	2
200200000011	3.038534	0
010000220013	0.469184	0
112012221000	1.781129	0
010001210100	0.404768	0
020002002011	5.406185	0
000012120102	1.237828	0
022011020012	1.176564	2
020211210202	0.560100	2
211012211222	1.233527	0
100002110022	0.869551	0
022210012012	1.128101	1
002012001011	0.811275	0
102120201212	0.794082	3
101020042011	0.213049	0
010202010101	0.601771	0
001002300221	0.764507	3
200112010222	0.667255	0
010100000100	0.327617	3
002000010222	1.402180	0
101100222200	0.812381	3
001000042001	2.182350	0
120212010002	0.797335	3
000022010141	0.616901	0
002020000201	0.753298	0
200020300011	0.788099	0
020200211112	0.848535	0
000221100000	6.135705	0
001102001111	0.754267	3
020000111040	15.522449	0
001210300002	0.418694	2
120211212121	0.820519	3
000002301001	0.655006	0
021212212122	0.731185	1
010020042000	0.679486	0
001120000101	0.630954	0
001112040222	0.627449	0
021100012020	0.683009	0
210012210002	7.767727	0
000110200222	0.807034	0
330010333040	0.046204	3
120120100010	0.751907	0
000010200112	0.765137	0
020020101003	0.607307	0
202000111200	4.153545	0
010001200021	0.768065	3
010000000202	0.148185	0
022101000200	0.340898	2
201002002222	9.909436	0
000200020003	3.532780	0
122000101200	1.546334	0
210001020002	0.753940	0
100120020202	0.632018	3
000011010222	0.355334	3
100000202011	0.347904	0
020001110142	0.800256	0
020201210010	0.783865	3
211110122220	0.734742	3
220000111203	0.550599	0
121101122200	0.602901	3
330010353120	0.368548	3
100010102200	0.760549	0
000010000220	0.320095	0
200201020240	0.989844	0
012000010003	0.683917	3
002020300210	0.257977	0
020100110240	0.338630	0
011211002022	0.774923	3
000210300200	0.397810	0
021200212102	0.854195	2
212102222103	0.751408	2
110001220240	0.527437	3
010100122001	0.663589	3
142400442403	416.138771	0
111021202010	0.344562	3
210000102020	0.732646	0
220001102010	0.737514	2
000000041011	0.166674	0
010233221333	105.492554	3
022200212100	1.036128	1
220011340002	0.862451	1
120210212121	0.793226	3
200211011212	1.132549	2
000222200101	0.824435	2
200120100100	0.717845	2
020210011000	0.799116	2
000122000101	0.052695	0
121120000011	3.812221	0
110020201000	0.273283	2
021002210201	0.772068	1
000221000002	15.379120	0
120002120000	1.231295	0
020201210001	0.834638	3
121021102022	5.796597	0
000001221000	0.719841	0
000221300102	47.693442	0
000002222100	0.953753	0
101020100010	0.551060	3
100220111000	0.512781	2
022001300011	1.523048	2
000000310221	1.657383	0
221101112040	0.779845	3
202020000012	0.585648	2
121222212111	0.596188	1
352420543401	0.691917	1
200201010202	7.617403	0
121201212101	0.448989	3
200110000120	0.702486	3
200101000022	0.832096	2
200200110101	0.860884	0
201000022003	0.468759	0
022012210211	2.150872	0
000021220002	2.035467	0
012002021002	1.116277	1
212000200013	0.817169	0
022000122010	6.451585	0
220010100040	0.572865	2
000001020100	0.467732	0
220200112000	0.096307	2
021112020022	15.745243	0
200100110240	0.688155	0
001010340120	0.765173	3
020012000041	20.344047	0
102120022211	0.753452	3
010101220240	0.246335	2
000112110242	0.708107	0
330021353122	0.387991	3
102021001012	1.042939	0
110210211220	0.733693	3
010200220040	1.963304	0
021220202010	1.043287	2
102211020102	101.095461	0
212202100000	0.817465	2
021110000022	0.528360	3
000020100200	0.846792	0
221120102003	0.886524	0
010211010122	0.323469	0
002000110010	0.906015	0
020000020013	0.740434	0
020000021010	0.572380	0
000102320222	0.583628	0
022200211200	1.751477	1
022022011111	0.873569	2
000012200141	4.492946	0
021001001121	0.545079	3
210010202102	0.801252	3
002010001001	1.109099	0
012002020100	0.510946	2
100112000121	0.715936	0
220111021000	0.639919	1
122100022000	7.044790	0
002011000022	0.635146	0
210111020240	0.773989	1
012122020211	0.643781	1
201220002110	95.958729	0
200112001221	1.650392	0
000002020110	1.339125	0
022200112000	2.495380	1
011201020140	1.279591	0
100000042002	1.029130	0
110002200101	0.845114	2
000200000011	0.643294	0
000200300111	0.595306	0
021020300000	0.452670	0
110112220222	0.666667	3
202000001002	0.452975	0
110102211102	0.819374	2
000001300222	0.106781	0
020100000002	16.721690	0
002000221021	0.690432	0
100002010200	7.816112	0
001102000102	0.813826	0
100012101022	0.835812	0
000102200003	0.911670	0
020001300240	0.622666	0
212021121010	0.511456	3
214140024144	0.310068	1
000002302212	40.907890	0
212112121000	16.102237	0
220000010043	0.588169	0
010022211001	0.823769	2
020012002001	2.064137	0
000212020222	0.820848	0
012033210333	8.285707	3
112110201220	0.814618	3
101101022200	0.760308	3
001020240000	0.662085	0
000102201000	13.245801	0
112021222022	0.640375	3
012000221211	0.880819	0
010000202040	0.706846	0
102000001200	5.673144	0
221100122200	0.733292	0
012202010110	2.732355	2
202211	2.244268	2
011022102010	0.838399	3
000201000012	1.761281	0
000011101122	0.804364	3
022121000201	2.174395	2
020000302012	14.033362	0
000222002110	0.648883	2
120010020002	0.763757	0
001102001000	0.634221	3
110200012100	0.797133	0
121201202240	0.705764	3
100012100120	0.700153	0
001100000043	0.707145	3
122210210000	55.566491	0
122120220010	6.854437	0
120000210003	0.080010	0
102101000000	0.787324	3
021121000202	11.016913	0
201200200100	9.154050	0
004241104244	27.780218	0
000210220000	0.629708	0
101200010003	0.778603	2
220120020200	0.704540	2
012100020100	0.245233	2
004040324144	149.682811	0
211102102111	0.762768	0
102121222012	0.778455	3
000000102001	1.752057	0
000220010010	6.773211	0
012012020011	1.115186	0
211010102000	0.772350	0
002011041112	0.563752	3
222000111023	0.668627	2
102002000001	2.051256	0
210120120122	0.854348	1
212002141000	6.629288	2
210001201211	0.770473	0
002012042012	1.923936	0
010000210022	0.642135	0
202212001002	1.143374	2
211020201020	99.370760	0
120000101020	1.242627	0
200010000040	0.350860	0
000000010013	0.749054	0
011022110221	0.852597	3
001200110040	1.086827	0
204040114044	0.326997	2
021001000122	0.510014	3
010002210140	0.650823	0
000102040202	0.699260	0
120000200140	38.401989	0
220001000040	0.215988	2
102120141000	0.779484	3
000200010220	1.045249	0
200021001022	11.605226	0
100000000212	0.685402	0
121221212100	12.175565	0
221000102211	0.799355	3
210102121140	1.276229	0
221120122011	4.282526	0
020121010000	1.655817	0
000021300121	3.472903	0
024142024144	3.240369	1
000021000021	1.385108	0
120020121101	0.636782	0
010010202020	0.802749	0
112010200020	0.199465	0
002000000212	1.528522	0
202121011212	0.448021	1
001121	2.605481	0
210011100102	0.769192	3
100002020000	0.626451	0
122020000012	2.081476	0
002020042010	0.817090	0
021210011222	0.830126	1
000100302100	0.652705	0
001000000210	0.434676	0
010002010043	0.571590	0
000010240021	0.759078	0
000000302202	1.973403	0
120200110000	0.414690	0
041433441433	0.172036	1
020101012202	0.845047	0
210022100210	1.890181	2
021201210222	0.350113	3
120102202000	0.759188	0
002100000110	0.867239	0
140402	0.495161	2
000020340000	0.338460	0
020000220000	0.197160	0
000220110200	2.699557	0
010012001001	1.321987	3
000000000023	7.843090	0
201002001010	0.667206	0
202000041003	0.294285	0
100010041121	0.499536	0
101011102022	0.505315	1
000000020100	19.491930	0
110002210140	0.705418	2
201001001200	0.908369	0
222100	0.169756	2
212212211212	27.110184	0
001000101011	0.699456	0
100011210140	0.883548	3
210010101000	1.219326	0
010200200010	4.061608	0
000012300242	0.224401	0
102100040011	0.769168	0
112220222013	1.074369	2
202000101003	0.161747	0
202000100000	0.313818	0
202212000222	0.824608	2
001100010100	0.680966	3
101000202020	0.284112	0
022002	4.236622	0
221201111241	0.638608	3
000000000212	0.272223	0
022100300001	975.228343	0
000112002211	1.781387	0
001200210100	0.842897	0
020021002212	1.127696	0
200000201021	0.568380	0
001211300022	0.285552	2
000121001221	0.740261	0
000011012112	0.626168	3
012010240011	0.403083	3
112120222110	0.719259	1
022000212003	8.968483	0
222110101221	0.744927	3
102000022210	7.724049	0
330212333002	0.123501	3
120200010240	0.547383	0
020222110101	0.609822	1
212102220220	1.467438	1
014042104244	0.599136	1
011020102000	0.831076	0
002001000212	0.305513	0
012033021333	0.845008	3
102102122111	0.710187	0
202002000110	0.863421	2
121021002200	20.587836	0
010202000240	0.385285	0
020000121003	0.682521	0
002210001010	8.695187	0
200210110140	12.740488	2
210000200022	3.997533	0
000000040110	3.726914	0
211121120212	1.344308	0
100010000011	0.422429	0
211010222022	0.543950	0
200200001012	1.131458	0
330100333022	0.317437	2
000212010141	0.757265	0
000000200240	1.066001	0
201100022002	12.970537	0
120220201000	1.719009	2
211001222001	0.687015	0
040400440401	0.741585	0
201010220020	0.751544	0
020000012210	1.406619	0
000011220200	1.063067	0
022100022000	6.363953	0
110021201212	1.135849	3
200000300010	3.427797	0
101222102111	0.741576	1
102011000022	12.174373	0
352400543412	6.928505	0
021002310102	0.530050	2
201112	21.820165	0
120200202110	0.636832	3
000201220141	5.331716	0
212000221023	0.723245	0
022012101011	0.886496	0
202011121112	0.832930	2
021120210100	2.411667	0
001102002000	0.705797	0
351400543410	0.477328	2
200012000021	8.460955	0
020000300240	0.803247	0
200220000010	1.231517	0
010000020001	0.474703	0
100101201220	0.697139	3
112010201122	0.800651	3
200000110201	2.754691	0
010000200001	0.390952	0
200110202200	0.810485	3
010100	0.102053	0
021021001002	47.735348	0
241420442420	1.884811	1
001021300000	0.464056	0
110001201022	0.561084	3
121012102000	0.782837	2
001002000200	0.184102	0
202010001022	0.581465	0
210012000211	0.408252	0
000011040202	0.600794	0
022021001000	1.467097	2
200001200003	0.686188	0
000211110102	0.838939	0
000110000021	0.559953	0
020100310200	0.493742	0
100000020010	0.566832	0
201000100201	1.539525	0
020020210200	0.748549	0
020001010040	0.042517	0
101010102102	0.774550	2
202200011120	0.743175	2
040401540420	4.904191	0
100021300012	0.609966	3
102200201020	54.577490	0
202102201201	0.789802	2
200220111010	1.201419	0
102100002201	0.803650	0
201000212020	0.971224	0
020133111333	0.901418	2
111202212102	0.504536	1
101001012120	0.750811	3
010121220222	0.800494	2
022110010000	2.037029	0
022120211000	0.762451	1
200100010003	0.514606	3
211020200011	3.716480	0
001021002001	12.062482	0
011212221121	0.793077	3
121000112000	0.793280	0
022102120100	3.200253	0
330220333222	3.382515	1
112021222012	0.672363	3
002100000022	0.664035	0
211011102122	0.727773	3
120111010222	0.746432	3
210000102000	0.948173	0
001100000020	0.508392	0
202212001212	1.034026	2
212021201110	1.040911	3
121120022022	3.993376	0
022010000111	5.909422	0
102011102112	1.417933	3
220101020240	0.226055	2
000222200121	0.732065	2
022211010210	2.329873	2
102002211020	5.212028	0
010021002011	1.426247	0
120000210011	0.736205	0
022102000000	18.183056	0
200102221100	0.613413	0
201012202020	0.974496	0
202200021021	0.866535	1
001001001220	0.439907	0
010101020100	0.788089	2
221000121000	0.125069	0
221002110100	0.908906	2
330002333202	0.021821	2
112010002021	1.194180	3
021100120043	0.392233	3
210022101220	0.694064	1
200211012112	0.540108	2
000110220222	0.763312	0
100210210100	0.657892	3
014240204044	0.223453	1
010001120101	0.373824	0
112200212112	0.438523	0
100010100002	0.516587	0
022101000220	0.752940	2
330212333141	0.085831	3
014140004044	0.085730	1
000200000003	3.742698	0
222233111333	0.458773	1
002101000240	0.625673	2
202100021021	0.703868	2
202010101220	0.692945	0
100200022003	2.058518	0
010011202112	0.851573	3
212102221203	1.600698	2
011000020202	0.774423	0
022200000000	0.924016	2
201011000020	0.645346	2
200012100201	5.614380	0
200110000201	0.279977	3
350410543411	0.343254	3
200011040022	0.573791	2
200102020000	2.090576	0
212211221112	47.162918	0
330100333200	0.176029	2
221020101110	5.873115	0
220010120040	0.575152	2
121020112010	5.708614	0
210000212010	0.749793	0
021112000022	8.787146	0
000202202000	0.909580	0
100020001001	0.603630	0
220120111100	0.945998	2
331002333100	0.533153	1
041400542400	0.718529	2
010101200240	0.741440	2
111221222012	3.172420	0
110011200202	0.759259	3
120033201353	0.666658	3
000100110000	0.138618	0
201010201020	0.280652	0
001120112020	0.746572	3
022110020100	1.023738	0
221012011122	1.031162	2
021122300221	0.863286	0
040411442422	0.561080	2
100212110141	0.853749	3
201000222120	0.804427	0
011002000102	0.533330	3
222102111221	2.311160	1
000102320202	0.316586	0
220002122000	0.629365	1
100212200112	0.768239	3
332202333001	0.752622	2
010101221222	0.849628	2
202012121000	0.779343	0
222000121013	0.568139	2
100020041020	0.621233	0
010000010240	2.648595	0
200210000003	0.617761	2
200120100200	0.847388	2
100000002111	0.735010	0
200210001000	3.256532	2
120002100000	3.135956	0
022100010012	8.280879	0
000011212212	0.676828	3
200212120122	0.839941	1
101000102110	0.626106	3
201120002011	3.902042	0
011111	0.747064	1
210202112003	1.069931	0
012002040021	6.495907	1
020201012201	0.569223	3
010000010101	0.816692	0
200201300001	6.296696	0
212200200000	20.156981	0
121220	2.561032	2
011000000043	0.781757	0
000000010001	1.147607	0
210210002020	3.246361	0
000212310022	0.764624	0
000000201201	2.253751	0
001212300100	0.590783	2
022000102010	5.150774	0
001212000000	0.873960	2
200020101000	3.098311	0
000022210201	1.709619	0
211010200022	1.501741	0
012202011120	0.860609	1
011020010000	0.831549	0
221002121010	0.859087	1
121201112200	0.441269	3
110212211222	0.806368	3
000002320122	0.755927	0
102120102112	0.619916	3
120002210001	4.218966	0
022000001120	3.087493	0
001001220200	0.714844	0
011000202021	0.799758	0
001202320122	0.725157	2
021020020020	63.054437	0
201210001200	1.299804	2
210112	18.367406	0
022200112221	0.931408	1
122200211220	1.041309	0
010001201040	1.003184	0
012202202100	1.149542	2
201012342020	0.320868	0
010210110200	0.784192	3
002002001022	4.078836	0
110000211001	0.436338	3
012201201000	6.780660	0
110211010102	0.618316	3
002000100103	0.849048	0
330002333112	0.256414	2
110210010240	0.687968	3
002000120100	7.118452	0
201221111200	137.187347	0
011110	0.582350	3
200021000201	0.826535	0
102200002003	10.283937	0
201001001011	0.350442	0
112002211212	1.051367	1
221021112212	2.319735	0
214053104345	0.577343	3
201110002000	0.502011	3
000002021120	0.823301	0
211002112000	12.849286	0
001010102000	0.369914	3
210000102011	0.730270	0
000220020002	6.291627	0
210120221220	0.780839	1
014041204244	0.434895	3
042412440412	0.517708	1
100000102102	1.052471	0
110002201140	0.765198	2
002000200040	0.776203	0
012102022000	0.341390	2
010012200022	0.437630	0
000211002112	0.509936	3
112000000000	0.779233	0
021002100100	1.107228	2
022220110211	0.698669	1
021012211120	0.789069	2
220102100100	2.346300	0
332210333040	2853.407873	0
020101100202	0.761693	0
112021211202	0.745654	3
001020101000	2.586842	0
122220211010	1.301156	2
122110221000	1.421444	0
021201212121	0.715874	3
110120220200	0.521642	1
012011200002	0.632989	3
001122002021	0.198722	0
001201201000	0.960128	3
201020011020	44.433855	0
021012001122	2.723969	2
004041204045	0.603155	0
212002200020	0.890695	1
210022211221	4.981339	1
350420353402	7.225889	1
102200202010	34.227202	0
200100102003	0.282830	3
100011000142	0.768642	3
000120000211	0.436805	0
202201000002	0.837194	2
020100100200	1.642904	0
002000010202	0.856555	0
022001211020	0.770501	1
221100102002	1.492738	0
000112001001	0.624884	0
101121102212	0.596962	3
201012101021	0.478876	0
112000201200	1.203672	0
001210300022	0.543688	2
024142014044	0.613022	1
000021001011	52.416199	0
200211300202	0.844409	2
201033001333	0.093913	2
100010202020	0.356001	0
012200210000	7.397159	0
201102022100	1.249635	0
100011100002	0.626506	3
022000011020	4.581619	0
012002041003	9.153135	2
000010101021	0.656372	0
002012100000	11.028417	0
201100112200	0.623223	0
002011101012	0.751988	0
000210210100	0.824995	0
111000222022	0.766053	2
201200102020	2.422835	0
200000110010	1.894343	0
010211020141	0.781928	0
122100120000	5.746791	0
001000300222	0.489463	0
200010040022	0.484976	0
102220002112	0.770580	1
100010000200	0.325359	0
010100021002	0.705427	3
200011202212	0.769194	2
012202212111	0.824635	2
100100120001	0.624767	0
022201300100	0.826683	2
011020	1.454878	0
201122021010	0.813206	0
022121310212	0.837142	2
101120222010	0.823269	3
000020100210	0.691703	0
000200022003	6.805782	0
004142104244	0.690684	2
101122212101	0.706904	3
000002102003	9.398532	0
021010120000	0.789551	2
201201101140	0.814537	0
021102010201	11.119822	0
042400442413	4.780683	1
330210353002	0.120285	3
102100002020	0.550631	0
102100122000	0.776326	0
202000000001	0.807587	0
010222110121	0.588170	2
201020021020	9.907665	0
220000112010	0.498831	0
000200022202	1.556395	0
100210300000	0.611696	3
010010210000	0.597583	3
100011122212	0.777326	3
040401441402	0.513459	0
022110010221	0.707025	0
020101100240	0.463427	0
212001201002	0.629099	3
210000102022	1.166125	0
200212010002	1.150650	2
001000220020	0.524954	0
020211210200	0.649074	2
200020300001	0.567401	0
000022300041	0.334830	0
101121102222	0.651202	3
330000333221	1.637599	3
221001111000	0.182933	3
021120100000	10.378271	0
110021211000	0.560601	3
120100122003	0.403962	0
002010021112	1.042951	0
010100010100	0.777338	3
100012100021	0.697920	0
201000041020	0.168846	0
330120353000	0.685681	1
102200000200	1.961992	0
100010200102	1.024345	0
121101022200	0.639522	3
100210200043	0.554294	3
000200300010	1.026416	0
021020300101	2.657097	0
020120100000	0.396340	0
000200000110	0.704141	0
110002200000	0.201751	2
022000021020	3.108274	0
100010202010	0.474013	0
010000020220	0.754381	0
102121002222	0.671387	3
010000102140	0.819972	0
110000201043	0.630588	3
020122340101	86.597163	0
000002010021	1.457168	0
100100002011	0.787284	0
011021201021	0.810164	0
330200353102	0.209937	3
010102120220	0.643062	3
221001110102	0.689131	3
220000110040	0.360716	0
101220022020	1.551248	2
122210110100	200.650050	0
010000222000	0.085202	0
020200011210	0.631357	0
012000202010	0.492922	0
000102221040	0.454663	0
002022	0.111048	2
101120222020	0.679913	3
021001102202	0.799501	3
001200042003	0.788366	0
002021001002	0.401712	0
020101110002	0.887341	0
220200010000	0.444319	2
222110101000	0.604238	3
022122211111	1.493536	1
211000141000	1.576193	0
120002220001	3.161467	0
210122122211	1.614363	1
000011300200	0.439655	0
020110000020	0.831755	0
001000101200	1.358731	0
000033040333	0.000575	3
200101010101	0.775542	2
000100302001	0.693278	0
000110000040	0.317126	0
014241124244	96.976046	0
200010040011	0.145134	3
201011002022	0.422822	2
350411543422	0.319707	3
104041014044	0.511850	3
100002020101	0.774280	0
202200010003	1.725717	2
000000120241	2.746982	0
020120010020	2.887828	0
100100210001	0.663191	0
012000040002	0.786954	0
211000221000	0.398751	0
020021000121	6.370198	0
042400541410	1.607470	2
100200300100	0.636820	0
002002001012	2.407183	0
010210120200	0.751821	3
011202212120	0.829099	3
002001100010	0.496236	0
000021300020	0.704057	0
112002211222	1.792047	1
201001001021	0.668773	0
102022102111	0.737398	2
000000102100	0.790590	0
001010241020	0.408935	3
022000200010	5.873685	0
022212000101	2.358981	2
011102221000	0.623056	3
020101112000	0.759825	0
222012001101	1.761813	2
102101211200	0.855703	3
212020211000	0.759560	2
000001020001	0.946183	0
201222302121	14.469081	2
000212001022	0.737749	3
022011112212	1.127039	1
112000221200	0.792983	0
011122222221	0.650617	3
122020001011	1.925629	0
221200112211	0.731516	2
014240014045	0.727960	2
110010000102	0.819454	3
221033	0.286502	1
000210001140	0.702795	3
002000001211	0.963032	0
120010211220	0.762521	0
102002101001	1.094777	0
101200201003	0.474424	2
002022201011	0.751466	2
120210211212	0.736849	3
110220200001	0.834909	2
121020122010	5.564236	0
220010110040	0.580104	2
201020221000	35.198787	0
000100120000	0.621854	0
200001000201	0.835157	0
020221210221	1.644272	0
100121202201	0.676344	3
011200201011	0.845941	0
201222112111	1.723166	2
200022000211	0.769046	2
100201000000	1.268798	0
040411442412	0.264397	2
202002000011	0.861993	2
101001022010	0.634589	3
010202020200	0.604079	0
200033042333	0.026668	2
120000211120	3.982804	0
000010042020	0.672217	0
220000001020	0.337229	0
010001040001	0.719052	0
020221000200	18.512028	0
121101120040	0.732489	3
210010200000	0.082813	0
112212211111	5.680763	0
011122020243	0.753467	3
201010002022	0.691657	0
014053224345	0.077942	3
022200211210	1.051820	1
022100120003	1.105418	0
000121000222	0.183708	0
000020040001	1.320674	0
001020000211	0.586736	0
020000101043	0.785395	0
002101211200	0.823478	2
102021202010	1.150445	0
001022200111	0.791126	0
122120000211	0.694639	0
022001340010	0.885477	2
001010142021	0.167483	3
020110212211	0.849215	3
021001002211	0.797232	3
101000102120	0.727907	3
110000200010	0.460955	3
220120112112	0.922319	1
200110002022	0.502706	3
202000001000	0.043175	0
002111020212	0.772162	2
102002202000	9.839312	0
221201112211	0.629100	3
101010002220	0.472473	2
112001221200	0.569660	3
352412	468.823031	0
200002000021	0.935975	0
114240014045	1.197289	2
112200212022	0.949726	0
000000100020	5.328175	0
000000320101	15.608690	0
022211002012	0.815010	1
120010102002	0.906909	0
211012142020	18.308090	0
014240124045	8.508972	2
001020042001	2.204204	0
201220001011	0.412646	0
020200002003	0.479863	0
200012040001	0.758593	0
011000021000	0.914377	0
000102302011	0.589614	0
101000101000	0.786989	3
011000020003	0.663571	0
211020200021	14.761881	0
004040204144	0.118997	0
100211010140	0.686314	3
110102222100	0.560918	2
221101110200	0.230101	3
000201210212	0.876678	0
114040214045	0.703003	2
102000101002	12.778773	0
000012221001	1.148090	0
200210210040	4.038018	1
021120022101	1.943600	0
000010001002	0.329093	0
200201020122	1.062737	0
021033000333	0.139000	1
041401442412	0.165625	3
200012001022	0.972625	0
212000221121	0.805300	3
221000111000	0.160224	0
002202120110	0.556383	2
020233210333	0.188040	2
104240014244	3.954806	1
112200211202	0.937218	0
110202210122	0.286007	2
200200101220	6.594177	0
022100122003	2.464502	0
022021300122	3.642406	2
112002221210	0.818053	2
021200012200	0.762664	2
201001001101	0.723377	0
002033201333	0.044711	3
011000220100	0.572763	0
220010102200	0.742361	2
000010202010	0.418845	0
102000010003	1.201646	0
200200102100	8.739556	0
100010101011	0.671477	0
122010102020	9.214988	0
121220212100	2.689837	2
022002010101	0.834323	0
210200112100	0.869374	0
000020142000	17.701179	0
012001202010	0.659962	3
020210000102	0.458874	2
020200000111	0.804032	0
000021301001	0.770963	0
220100220200	1.117290	0
110222212101	0.455675	1
000012001202	0.722192	0
200200001022	2.869920	0
212202112000	0.680321	2
010122220201	0.722851	2
010001120000	0.106840	0
100121200212	0.828430	3
111010002122	0.813800	1
000012210002	7.620836	0
000000021040	1.889210	0
221221110000	11.092375	0
040401442400	0.076353	0
200212112100	1.228917	2
211210021020	0.936965	0
221001012000	0.619474	3
001120020000	0.358384	0
121000212100	0.724315	0
001121200200	7.562710	0
100011022002	0.548382	3
200012001201	27.822133	0
101000042020	0.144839	0
012001020002	0.706337	3
021002320102	0.857981	1
001010002121	0.795921	3
001102000122	0.801643	0
210020201010	3.392947	0
100102200202	0.616830	0
001221000200	39.412553	0
141401442412	0.446624	3
000011020102	0.117789	3
000020300112	0.290778	0
012220012210	0.979902	1
100010101001	0.472105	0
021021220202	1.147502	0
021120000210	1.401674	0
001000220043	0.364977	0
020000101023	31.050069	0
100000010010	1.019557	0
211200211200	9.197529	0
100012012021	0.684680	0
002101020200	0.580494	2
221000121101	0.859307	3
120001220003	0.590863	3
101010100020	0.764467	2
002202021120	0.929742	1
012001221102	0.837579	3
000022010000	1.077744	0
020112011011	0.793087	0
000000302240	1.760064	0
004041024144	0.832384	3
000021011012	0.984279	0
202002001021	0.764509	1
022211310211	1.409643	2
221101100201	0.826124	3
100101002202	0.512279	3
120212110102	0.928225	3
212100221140	0.610812	2
021101010212	0.837036	3
100220010020	1.365296	2
001201010140	0.665626	0
201120002110	9.185617	0
011000210000	0.406523	0
022000002021	2.173790	0
221110101020	0.711299	3
210012000222	0.719124	0
110010021000	0.892346	3
102002012110	2.651061	0
000020000012	0.304765	0
020000001200	0.920747	0
102002101210	1.157582	0
001212000101	0.451410	2
102202012111	0.814524	2
210202000110	1.565195	0
120101010200	3.747138	0
200111020202	0.835299	1
000000001010	0.076904	0
221200112203	0.568472	2
102021002012	0.405230	0
000200302100	10.503290	0
020101211200	0.956166	0
000012110020	0.781126	0
100033202353	0.457000	3
021201010120	0.858371	3
212020211211	0.801920	2
121110122122	0.859255	3
011102122200	0.791897	3
102000221003	10.205530	0
020001201000	1.652850	0
210110220201	0.757853	3
000201000022	2.376121	0
330100333011	0.763195	2
021002010040	5.943542	2
201001000002	0.737667	0
000011022112	0.240197	3
001001340102	0.701058	3
100020100001	0.754178	3
120121212210	1.025013	0
000120300110	0.597951	3
000002120220	0.761521	0
100200010210	0.670720	3
001012010021	0.830666	0
010002300040	0.729952	3
110202211112	0.304142	2
022111000202	0.675714	2
200210100000	0.342894	2
002022000201	0.507898	2
200210101003	1.288282	2
010200220003	8.800234	0
332202333100	0.526728	2
221000002003	0.451443	3
001220212023	2.332074	0
022000222003	3.714918	0
000000200110	2.568963	0
002100202010	0.715787	0
210210010111	1.040687	0
210002210000	13.060017	0
022221111212	1.280394	2
012010200010	0.255743	0
202210101000	0.346775	2
212101221202	0.844402	1
202212101021	0.881523	2
110100020241	0.313782	2
221010001021	0.722800	2
020202011120	0.831389	2
330210333021	0.660952	3
021021001110	6.263693	0
111000210000	0.606899	2
020001210000	0.393202	0
001200300000	0.191932	0
010010000120	0.713239	3
210210120020	2.288143	0
020111221212	0.767818	2
000022000002	0.671009	0
102101041010	0.812730	3
022000020010	4.392754	0
002010010220	5.264524	0
002000021100	4.641854	0
041401540412	0.509989	3
120001000100	0.903786	0
002220101010	0.738566	2
100100042002	0.780554	0
112202201001	0.880191	2
102102202110	0.807034	0
020200010220	9.564264	0
331021333122	0.476024	3
222112121112	36.572797	0
222000121023	0.371139	2
000033202353	0.355766	3
100000000013	0.506342	0
021001002000	0.080813	3
201210101220	1.212107	2
002210202020	1.523498	0
200021001012	3.810915	0
020001300202	1.462528	0
220002000000	0.831489	2
201100041000	0.542999	0
010010001022	0.729275	3
121020012212	1.873751	0
101001022201	0.776094	3
000100010202	0.266019	0
221110022020	0.671471	3
200210102012	0.716030	2
020102010020	7.197317	0
014140	0.494698	1
101120102011	0.691232	3
022200211001	0.757559	1
000001222000	0.611027	0
122020002211	0.642032	0
000200000022	0.478627	0
010012112002	0.793620	3
000100201002	5.642822	0
211001100002	0.804685	0
210102120240	0.636377	0
220020110201	0.881102	2
000102010040	0.269519	0
010010040001	0.569394	3
122020221212	4.249553	0
202000001040	0.570566	0
020102212200	78.619507	0
100212000001	0.386874	3
020120320021	42.558250	0
000001200202	6.914287	0
042412441411	0.554226	1
021020121020	18.953672	0
011201210200	0.664353	0
100002	1.676419	0
000002010110	0.809594	0
101102200210	0.846394	3
110200210000	0.100765	0
102102222200	2.662958	0
002012020012	10.878689	0
210200000100	17.891596	0
120100210212	1.134094	0
220000202003	0.621333	0
010002001100	0.810588	3
002202002122	0.808276	1
224142	0.912185	1
000100002140	0.736653	0
100122102201	0.730786	3
020100120240	2.565933	0
000200120112	1.102060	0
002000000221	1.139162	0
000002301200	0.447179	0
120000100111	0.760973	0
210102121102	2.278558	0
220201110240	0.555186	2
202000202000	0.704832	0
110210220042	0.756644	3
100021212000	0.773476	3
010001002101	0.764714	0
004042304244	0.060271	2
120010222000	0.474010	0
021000012003	0.504502	3
210210020200	10.268116	0
211020002010	11.796868	0
012000000011	0.531083	0
112011212222	0.456570	3
110212020140	0.807727	3
000001020142	0.526758	0
201120002023	14.322471	0
001022111120	0.771815	3
100010210102	0.664521	0
200010000002	0.077815	0
202210011020	1.986340	2
001001010002	0.589427	0
002020300011	0.421600	0
110001200122	0.760212	3
330102333001	0.593419	2
002012212112	2.615001	0
120000011100	3.299515	0
021201210201	0.305712	3
120211212111	0.781948	3
001012340121	0.953874	3
020120011010	2.470153	0
100100220101	0.599194	0
201012000021	0.705966	0
332010333222	1864.623338	3
101201002122	0.786755	3
120011101122	0.662707	3
200010041021	0.763177	3
121101122002	0.768333	3
012002001023	0.909057	1
200000111010	0.820516	0
202010001001	0.578247	3
102200002110	104.176338	0
210200000101	1.776067	0
222100121200	0.797966	2
331002	0.589317	1
012200211000	2.518727	0
200012000020	13.935248	0
100122002201	0.448376	3
100011100102	0.792679	3
101100220100	0.865231	3
000200020112	0.581582	0
100011120102	0.766568	3
102120201000	0.762258	3
024142214144	0.818291	1
210200112200	2.429810	0
020211212102	0.661785	2
101010102121	0.740307	2
010001222140	0.565811	0
200110100002	0.812825	3
221001120002	0.760462	3
100010001200	0.833936	0
200010340022	0.767436	0
010100021102	0.804122	3
121020012011	0.832493	0
100200210240	0.746159	0
000120300211	0.795421	3
002020010200	0.787833	0
110022210021	0.590104	1
200212020102	0.627506	1
012000000010	0.415240	0
012012002021	8.662632	0
000002320240	0.690411	0
002001040100	0.765598	3
210120221000	1.199850	2
022210211211	0.625732	1
220001112003	0.698151	2
041411441402	0.795261	1
202210111020	0.887094	2
332200353000	2.196759	0
000220010140	4.306519	0
102010102012	3.993279	0
022210310210	0.862189	2
101120022110	0.794345	3
212000101023	0.767735	0
001010000020	0.010424	0
014040214244	0.175344	2
120011001122	0.721949	3
200010041020	0.385946	0
000220020102	5.375118	0
100200202000	0.104004	0
100211002112	0.575605	3
220012110112	0.784337	2
201011011222	0.685429	2
000100200101	2.507841	0
022221310112	1.946698	2
112011200012	0.642197	3
000220302200	1.258435	0
021012211020	1.495810	2
210210010102	1.448166	0
011121022220	0.868324	3
201022000001	1.049983	0
002102300120	1.017948	0
000022022201	0.720769	0
040400540412	0.178376	0
212000210000	0.760530	3
212000001200	0.803877	0
000000202011	0.452103	0
011102222102	0.772926	3
202202	0.373099	2
100120000201	0.392506	3
201210001220	0.777679	2
100011010200	0.833945	3
200021101012	1.668089	0
020100340020	11.858227	0
000002020122	0.325211	0
121020122003	0.879250	0
101001122201	0.803109	3
000012300222	0.132116	0
000021012222	0.775051	0
212001141022	0.764458	3
021002020140	13.155430	1
330022333110	0.517070	1
020221112201	2.976653	0
122020012211	0.834655	0
110220201011	5.213205	2
000001222001	0.848159	0
110000210001	0.528995	3
102210000002	18.546950	0
000112001112	1.252187	0
020022010201	0.507498	1
001002140010	0.681467	3
002000100003	3.903616	0
020022002011	0.668074	2
221120112010	2.960729	0
000010300211	0.757197	0
010010000040	0.389639	0
042400540420	0.490472	2
120110120040	0.692479	0
001002020120	0.790207	0
012012200112	7.092715	0
002002000022	9.993295	0
004041304044	0.346076	0
120200212202	0.756249	0
100002010001	1.065279	0
001220010021	4.428014	0
021222	0.230347	1
002220210112	0.784307	1
010102220002	0.841908	0
120002200001	9.771472	0
002212020102	20.356932	0
001201110140	1.588362	0
220000100243	0.797076	0
012001242002	0.713822	3
000020100012	1.187590	0
011122120101	0.788492	3
022000102021	1.344174	0
021112210220	3.718344	0
221220111023	27.920101	2
211002210001	2.207806	0
102001000202	0.640583	0
212001001200	0.783398	3
001212000100	0.678928	2
012011020212	0.800096	3
110012201022	0.467972	3
000000100013	0.250238	0
022120010010	0.917752	2
000000010101	0.216814	0
002212000102	16.883267	0
020201010221	0.852194	3
000012010020	2.424281	0
101020100000	0.854035	3
002020221011	0.833194	0
210122220112	0.857305	2
011220000022	5.016950	0
121121112212	3.488948	0
000100110100	0.140318	0
001200042010	0.707819	0
122211200102	207.070868	0
041401540401	0.747466	3
011012002022	0.723874	3
020221012102	1.044727	0
214040204244	0.417106	2
210101000201	0.800309	2
201010010020	0.796323	0
100020000001	0.180102	0
001220000212	0.980463	0
122200211210	17.283231	0
102121102012	0.579424	3
220200112023	0.653872	2
002202012102	0.813479	1
012002300100	2.574204	2
020102012220	2.074835	0
101122042111	0.190635	3
000021020122	1.043445	0
104041304044	0.764099	3
014241214044	102.337723	0
112001001002	0.713761	3
220100110203	0.810494	3
000010041102	0.870423	0
000002220200	4.381860	0
100102110040	0.567991	0
330001353100	0.573849	3
220021110200	4.796880	2
220002122100	1.691382	1
011002000002	0.414114	3
022220011110	0.806662	2
012000041002	0.809748	0
011002211202	0.482272	3
010000210001	0.544546	0
010122020100	0.828464	2
012020002210	0.649897	2
121011202122	0.794285	1
011001220040	0.633044	0
100010100021	0.651779	0
100122000211	0.380317	3
002200200000	3.418746	0
200212010012	1.031416	2
202000041100	0.580398	0
200122001111	1.607026	2
010210020041	3.441370	0
020000112220	2.185543	0
204040204045	0.506317	2
101122142121	1.056146	3
221001110112	0.794395	3
200011340022	0.815302	2
001001000222	0.215958	0
201012002120	6.018338	0
200110300201	0.628911	3
020110020222	1.783284	0
112220212110	0.731885	2
021022001020	0.565270	2
141400542410	0.615581	2
100200022000	0.654621	0
000210300202	0.482172	0
020200200003	0.330497	0
112102220003	0.076881	2
121220222000	0.837947	2
120100020240	33.063543	0
000011120102	0.946540	3
210200122000	43.709937	0
000001120240	1.149454	0
210000102003	0.324696	0
004241024244	37.934855	0
200101021220	0.884713	2
211011102022	0.579479	3
121000102002	0.755468	0
112112222102	7.147365	0
002100002013	0.814078	0
100210010000	0.415525	3
112021222112	0.515780	3
001200220003	0.511715	0
021001010020	0.599772	3
202010101012	0.656251	0
101200002021	0.869173	2
102001042012	2.337986	0
212002211112	1.018793	1
122000102000	66.168590	0
020002100010	1.323803	0
202200021121	0.808863	1
004240304244	5.540839	1
111022	0.175709	1
200102220100	1.473620	0
000100121040	0.674948	0
120001101012	0.659079	3
012000200200	2.412170	0
041401442401	0.373833	3
211100221240	2.181916	0
120212010102	0.326799	3
010022000111	0.646489	2
000010140001	1.590855	0
200212300001	0.295634	2
022102110101	1.167463	0
102111222210	0.792804	3
220210112200	0.784729	1
000020202012	0.724675	0
000102002110	10.525354	0
110000212220	0.615920	3
011010042020	0.644380	3
001002300200	0.112862	3
220100210003	0.772284	3
000010101002	0.502329	0
202221000211	1.654943	2
202210301020	0.822475	2
002020010011	0.581348	0
004142224244	0.870728	2
100100200003	0.715161	0
010000220101	0.788424	0
000120340010	0.287191	3
022110011000	7.622674	0
112002202111	0.799476	2
120011020102	0.691718	3
010212022102	0.673964	0
100102120140	0.261591	0
000002222003	1.038995	0
001021010202	0.824140	0
201000212023	0.683636	0
020133110333	0.748014	2
101020102220	0.709622	3
002202020110	2.443044	2
100102010240	0.200176	0
012220000112	0.842684	1
200120002002	0.966146	1
000122100111	0.577173	3
102100000100	0.721405	0
021220010122	0.765268	1
120000220010	0.933241	0
102000140020	17.675350	0
100020340010	0.296186	3
120012202101	2.857286	0
020210210201	0.588885	2
112002221211	0.772794	2
022100022003	1.057814	0
010102020122	0.552350	0
010202010102	0.548055	0
022021300102	1.813903	2
201001001100	0.812740	0
001120010100	0.671288	3
200200000012	23.723466	0
220100122020	0.376012	0
100121201222	0.840226	3
100201200112	0.840491	3
210000201022	2.004982	0
101120002221	0.693306	3
010001110100	0.523835	0
010202012100	1.131052	0
010000021001	0.832425	0
012100100003	0.704712	2
101001212020	0.759558	3
210020200020	8.638887	0
020000000240	1.471175	0
000002011200	6.710512	0
210000021020	2.851841	0
210002120003	56.559937	0
001201200100	0.554038	0
021220011020	1.122462	2
110002200202	0.639856	2
102102221203	3.306130	0
000200300210	0.504856	0
000210042011	0.754559	3
001211000022	0.572537	2
020201212220	1.059024	0
011020211200	0.711802	3
021010300202	0.779000	2
021220212011	0.816223	2
102022100010	0.830972	2
221200101003	0.655659	2
100121202200	0.707365	3
110220201003	1.137843	2
000200110001	11.156562	0
241420541420	0.884922	1
200200101002	2.928145	0
020000121000	1.612403	0
212011121212	0.733534	3
012200010000	8.638293	0
020000012000	0.422064	0
201212022122	1.477060	1
002001300212	0.482591	0
012010201020	0.426064	0
010202211140	0.477309	3
010100202002	0.705566	0
000010142020	2.980750	0
010012200001	0.555203	0
004041114044	0.274654	3
212033201333	0.042945	3
200011040010	0.778437	2
000000021102	10.658448	0
210202100111	1.384598	0
000020001022	2.668548	0
200212020112	1.152202	1
020000000040	0.625528	0
200122000121	0.658181	1
120011010140	0.797274	3
120010210001	0.812758	0
021201211222	0.362343	3
330021333121	0.535630	3
120102212002	44.611266	0
000220300020	4.243330	0
020002000122	3.767246	0
021010210000	0.754443	2
101000002120	0.555417	0
002010300220	58.428242	0
011001040000	0.650447	0
220100101020	0.696201	0
021221010112	12.067043	0
002211001122	22.543072	0
000000002202	1.204036	0
000011110002	0.767668	3
110012202020	0.746105	3
202220011211	0.497721	1
000202300001	0.441283	0
100200012100	0.542393	0
021022000010	0.893239	2
000202000101	0.135503	0
010112122200	1.448735	3
210000242000	0.206882	0
201020201043	321.904346	0
100102002000	1.690153	0
002010010102	0.860368	0
221201112210	0.690214	3
202100101023	0.733212	2
100011210040	0.862326	3
101020002003	0.899943	0
112002212111	0.763868	2
000000000020	3.343498	0
011200000102	0.791835	0
220133100333	0.559914	1
012012220111	0.875413	0
000000310222	0.747192	0
202210121120	1.285053	1
101020200010	0.508283	0
222110001000	0.758109	3
021110340021	0.685838	3
202020000011	0.786683	2
110212212102	0.356844	3
120002220000	7.980185	0
020201210002	0.849850	0
000210020100	0.759843	0
004040	0.689868	0
220011110112	0.595440	1
212002101021	0.734106	1
111220202013	0.790443	2
200010040010	0.134948	0
000100002100	0.416964	0
000220010222	4.746341	0
210010211101	0.743671	3
110012200001	0.508586	3
200001001020	0.651699	0
020120010021	5.031618	0
020200010243	0.700479	0
200112000041	8.634074	0
121201212102	0.463554	3
002000300212	1.393229	0
020001012000	0.467620	0
100200000001	0.777181	0
120000120003	0.877598	0
000002342020	36.687317	0
101010042021	0.052340	2
210100120120	0.763595	3
000221	23.453252	0
120120021000	16.829156	0
021122112101	0.747903	0
100000001023	6.583358	0
001000001212	0.700560	0
010101221201	0.384846	2
220000100220	0.837888	0
021210010220	0.837243	1
014240114045	0.360069	2
021210201020	0.722373	1
010201021201	0.777814	0
000200012100	4.625931	0
112202010100	0.810045	2
110200000240	0.778975	0
022210010222	2.250573	2
022110211202	0.727419	0
002012212021	0.752949	0
002011040112	0.686950	3
102002001001	3.020731	0
002000210010	0.734416	0
212010211020	0.298835	3
202000000000	0.224254	0
000001010042	0.406179	0
202210010010	0.843821	2
021020211212	1.634728	0
020020302010	0.809923	0
100002011040	0.821279	0
000202002112	9.918621	0
010001200022	0.751577	0
200200100001	2.721967	0
140433442433	0.088995	3
100000010003	0.165831	0
000102200000	2.773822	0
021212212121	0.698008	1
000210110002	0.835979	0
330200333111	0.783543	3
002011200122	0.576070	3
121100202002	1.124143	0
020021002112	13.923849	0
110021000201	0.752695	3
121101222200	0.293780	3
010101110202	0.872411	2
004240114244	2.542229	1
210102110100	0.796137	0
011112022222	0.846328	3
202101001200	0.676512	1
100211020222	0.630913	3
110221211012	1.551285	0
201121020221	1.494638	0
000033022333	0.044767	3
021120100001	1.964320	0
100000102011	0.354959	0
201101001202	0.793765	3
100012100020	0.804900	0
201000041021	0.792643	0
021001102020	0.732302	3
201100001100	1.390058	3
122000010000	36.653149	0
110000220101	1.161380	3
021020000000	13.133056	0
000021300220	0.706951	0
000200300011	1.611831	0
101020042002	0.853959	0
022200112100	0.986577	1
000201202000	0.756855	0
011201020040	20.077960	0
101012	0.126487	2
022000021021	1.179559	0
000002020010	0.880091	0
120111020200	0.762297	3
200000011023	1.074568	0
102020042000	0.221736	0
012211200012	4.482928	0
020100210240	0.366971	0
100112000021	0.682781	0
110200220100	1.475802	0
201120121020	1.324861	0
201200001003	0.244438	0
121120002100	46.638804	0
220000010040	0.865751	0
210220212100	1.106292	0
102000022000	36.200724	0
002020112110	0.838697	0
022121001202	0.928463	2
001102300102	0.539054	3
121221212101	3.416881	0
210210020002	1.219847	0
142420442401	2.841373	1
001020200100	0.772178	0
101000022002	0.593896	0
001000210240	1.162091	0
010002200003	6.000900	0
000022110221	0.822168	0
200010000102	0.424974	3
012202020010	2.269574	2
021102020200	15.621339	0
100000240020	0.883545	0
001201010201	0.564728	0
012012002120	0.752123	0
002200110100	2.171911	0
211200201003	10.004915	0
000120000210	0.256918	0
002033121333	1.048194	3
332200333010	1.537858	0
221001111101	0.617814	3
240400442400	0.039209	2
120011100122	0.467818	3
000112001000	0.830088	0
010100020101	0.166008	3
201012001021	0.227133	0
021020011110	1.483137	0
010101120202	0.134945	2
112002221110	1.148991	2
101121002212	0.364606	3
014240224045	17.569648	2
010002201020	0.660205	3
041410540420	0.066457	1
000021001010	22.607658	0
110001200022	0.761165	3
000102002210	2.790561	0
010021201010	0.711416	0
022000011021	2.744021	0
001200111000	0.858257	0
120000012003	0.657853	0
021001040022	0.728174	3
000212300141	0.525595	0
211002101010	2.726907	0
210000100101	0.640076	0
332102333000	1.137728	2
002012020112	4.707850	0
201201302222	1.648718	0
210200000000	17.555494	0
042410540402	0.541016	2
002012002112	4.100088	0
200212210101	1.039269	1
112021022112	0.688665	3
021222010101	0.652689	1
210002340000	0.571295	0
101220122010	0.740959	2
100010100200	0.747161	0
021020210010	1.257168	0
000002300200	0.081964	0
011202010120	0.797282	3
020000112001	0.827093	0
001001210102	0.766463	0
021010020000	0.765987	2
100021000002	1.103916	0
000200300022	1.246455	0
102101040012	0.631563	3
000022001000	0.923697	0
200210102112	0.773255	2
000020101001	0.910900	0
010010001122	0.774869	3
020000340000	0.199026	0
001102300140	0.818802	3
200021000012	4.639638	0
100020202000	0.244165	0
201100040000	0.533389	0
200002200000	1.258361	0
222010101220	0.811783	2
100002010100	2.370079	0
020120020021	25.482827	0
020102212203	155.075126	0
002010010012	0.744649	0
022102320100	16.604537	0
201000340010	2.448311	0
001020202012	1.732934	0
210102120243	0.218078	0
002102012011	0.799323	0
010211010102	0.146283	0
020001022000	0.664935	0
011002100200	0.844790	3
002000020100	8.397488	0
000100200000	0.178239	0
122102002110	81.442681	0
010020210010	0.854203	0
000022300002	0.797810	0
121000102023	0.883253	3
000022000102	0.684718	0
000220011020	1.128429	0
200021000200	1.390601	0
002000022012	0.744585	0
020111220212	0.835804	2
201000342010	1.570428	0
021021000110	7.351848	0
200100002221	1.034440	3
210012100021	0.855017	0
120120200200	7.039684	0
020111011212	0.691959	2
201002001003	0.569860	0
200120001000	0.414913	2
022100200003	2.883323	0
100120211100	0.773347	3
220000120143	0.604352	0
041400442420	0.074689	2
210212200102	5.430607	0
002000220010	0.904421	0
331021333022	0.125284	3
200033101353	0.866732	2
002020022013	1.115039	0
041412440411	0.816623	1
120021010200	3.225064	0
012000040011	0.724376	0
120201112201	0.748582	3
201211021122	0.784076	1
211012121221	1.297092	0
110010221100	0.799776	3
020001100101	0.789354	3
110000210220	0.720788	3
102120002210	0.246429	3
000200300220	3.219677	0
210021211010	0.806676	0
102100040012	0.648052	0
022100002010	8.132455	0
010102120102	0.575790	3
021101212200	0.752373	3
000201300022	8.588562	0
222110100020	0.731830	3
000100110001	0.582217	0
000201000122	2.040771	0
202210101100	1.054434	2
100101020221	0.692753	3
001120012020	0.692035	3
201212012122	3.377811	2
022110120100	0.767354	0
012200020000	17.713868	0
120102000000	34.260707	0
000011000210	0.635438	3
012001202022	0.838054	3
200012300012	65.025133	0
221110122220	0.659904	3
121002200003	0.788562	2
021001101101	0.865033	3
001000211003	0.402499	0
332202333000	0.849101	2
200012042011	0.813983	0
110020211222	0.592809	2
022100020212	4.464982	0
000122000200	0.263659	0
020102110201	0.751541	0
012211220112	3.311075	0
002022001201	0.723019	2
200210101000	0.394998	2
200210100003	0.849848	2
221220112211	0.794949	1
000100302000	0.228779	0
121001202100	0.527397	3
210011220100	0.661221	3
120121010202	3.736335	0
112033121333	0.712788	3
020233221333	0.604564	2
121102102211	1.267859	0
110010020000	0.731990	3
000020001012	1.145178	0
110122221221	0.772224	1
010100110240	0.699194	3
122120221010	12.066946	0
101000002110	0.847257	3
010200012003	5.737577	0
021102010200	11.596291	0
330021333111	0.826553	3
100102010202	0.569103	0
012010042011	1.416456	3
211000101000	1.074643	0
010000110101	0.730949	0
111220202122	0.984039	1
200033101333	0.090358	2
220110020040	0.692445	3
000220102102	0.779459	0
002001220010	0.857369	0
102021002112	0.517547	3
100102210140	0.183625	0
021012100022	2.092618	2
021121010210	3.805671	0
022120111010	0.747351	2
200211121212	1.600253	1
000000010000	0.140997	0
000212200101	0.590174	0
014241204244	32.635003	0
000000001013	0.237988	0
122011101022	0.976773	0
201002001222	0.913580	0
202001041010	0.363149	2
002010020102	5.395222	0
200002100011	0.640456	0
000000002102	5.782709	0
001212300101	0.200610	2
001021002000	64.096899	0
010202210000	0.789800	0
200000200010	0.884778	0
000000	8.156069	0
022000110220	2.010625	0
000000240020	1.604520	0
120200200200	0.766598	0
002201221200	2.221061	0
100100202040	0.690196	0
212021201211	0.784399	3
001100120000	0.749708	3
221101120201	0.493316	3
200011000102	0.432714	2
212002201201	1.303386	2
001021020202	1.122977	0
021000020043	0.402862	3
022211010211	1.810154	2
220101120240	0.505895	2
002100041000	0.942341	0
200202121100	0.653784	1
011001200000	0.605040	0
200200001210	1.807678	0
120000210010	0.525641	0
010222002021	0.836571	2
000122100121	0.575984	3
012010241020	0.721895	0
002211010212	4.955996	0
202200021020	1.061504	1
012001222010	0.795210	3
100100122100	0.569472	0
001101200202	0.600621	3
012010041020	2.779207	0
202010201112	0.815049	3
022110010202	2.164975	0
221012021220	2.151469	1
122122001011	25.465399	0
020101220240	0.578016	0
200211112112	0.822166	2
104040304244	0.473523	3
212001201021	0.769059	3
000222002211	0.825069	2
010001120100	0.117861	0
221001002002	0.810826	3
102100202000	0.620637	0
000012210102	3.917692	0
000000021140	5.002039	0
221100021000	0.735907	0
041410440401	0.182544	1
110002000100	0.751429	2
212202112003	0.736814	2
220100122010	0.860756	0
010012040001	0.550332	0
141421442410	18.350595	0
000020000112	0.427898	0
000200220001	2.751448	0
210020200010	4.778881	0
201000010002	0.617578	0
120011200200	0.754423	3
211000102001	1.342776	0
004041224044	0.635037	0
021002020102	1.163008	1
210100110201	0.852284	3
110001201220	0.588003	3
110112200241	0.771668	3
000101320240	0.900215	3
124040204244	31.809014	0
001000100020	4.538677	0
021120220000	3.484993	0
011002002000	0.185749	3
002220102112	1.564129	1
010000002001	1.631170	0
014053014345	0.417051	3
100010100011	0.786031	0
021021300001	21.196463	0
000201000010	2.286390	0
201001001001	0.491568	0
004040004044	0.040660	0
000002300011	0.262418	0
000210200102	1.082054	0
001220000221	12.308514	0
000101010241	0.388730	3
202011021112	0.244698	2
202001040020	0.512620	2
020210211202	0.720217	2
121001200201	0.667609	3
020120000221	10.590877	0
330220333100	2.932330	2
020012201000	5.169250	0
200211120222	1.509053	1
001102102000	0.786964	3
000002110200	1.342589	0
201001040022	0.396622	0
200000010201	15.302862	0
000010100021	0.677596	0
001033200333	0.101168	2
110020021010	0.626806	2
000010000002	0.069036	0
110102222000	0.518255	2
000010002110	0.828503	0
022210112220	1.039133	1
100000042011	0.420088	0
000110000020	0.253133	0
000102002011	8.394525	0
010011000112	0.801299	3
200012340001	0.313921	0
022211002112	1.005637	1
000102002001	2.161810	0
201220000011	1.195276	0
120211211212	0.763857	3
020001110040	0.141316	0
002000300202	1.725544	0
010101201200	0.778781	2
020233211333	0.306562	2
002211202012	1.000286	0
221000111100	0.651688	0
020201010212	0.772854	3
220010121000	0.626361	2
331020333110	0.568524	2
011220000011	0.873153	0
112002202010	0.966055	2
100012000222	0.509986	0
222120001011	0.764102	1
104141204244	0.428054	3
101010	0.100537	2
100000010022	0.800143	0
220121020201	0.899334	2
010211012212	13.242901	3
200010300200	4.030804	0
000020040101	4.283699	0
022000102011	2.501444	0
212002211121	0.995393	1
014142004244	0.673988	1
334140334044	0.047641	1
020000220001	0.839586	0
010020000210	0.575519	0
121000222003	0.226550	3
112002001021	0.626759	1
000000101020	4.529937	0
100212000022	0.483118	3
002211221212	0.532549	0
000000320001	6.897381	0
000100010101	0.190319	0
201222012111	13.353950	2
002111021212	0.825250	2
012001041000	0.279692	3
220120111000	1.004510	2
002112020200	3.330548	0
202000001003	0.032164	0
020101221201	0.807066	3
002000101012	9.479366	0
012220020011	1.050080	2
020000221100	2.133796	0
102021000002	1.366991	0
020102000022	4.372200	0
020102300122	1.351079	0
200000201020	0.208027	0
210011000200	0.637148	3
101010212022	0.788828	2
100100112000	0.751988	0
210010200003	0.383033	3
010210010042	0.448098	0
010102221200	0.732829	3
122020002003	1.423009	0
221101121240	0.213907	3
020222010101	0.431220	1
000021020112	2.034548	0
222000120023	0.668984	2
102002002100	3.327501	0
214040004244	0.697075	2
221020101012	2.038326	0
121021102200	36.562921	0
212102020101	0.840619	2
020001220001	0.861338	3
000021340001	3.886064	0
012012002012	27.301980	0
010220000101	4.611871	0
022000201010	2.632164	0
211101221202	0.802552	3
200112020001	1.181612	0
000000102000	1.463811	0
001010240020	0.606570	0
100102120000	0.793247	0
101212002122	0.528114	1
011102022200	0.506268	3
000021301022	0.773078	0
202212101002	0.699175	2
020110000212	0.679587	0
002002202003	0.730519	0
010200100003	6.845054	0
210010210102	6.411558	3
020120011022	1.808002	0
000000202021	0.967710	0
110010000002	0.693912	3
000212200112	0.778632	3
101220112110	0.888686	2
000212000022	0.472531	0
014040124244	0.239475	2
100000100023	12.435938	0
200001010220	1.949260	0
021000022100	0.828764	0
200212021101	3.729909	1
000012300212	0.252711	0
102120041000	0.597956	3
000220011000	6.194172	0
210200020020	17.685066	0
211000141003	0.698334	0
010100021140	0.354872	3
222110100000	0.820748	3
100122040021	0.357683	3
000211000202	0.368198	0
202200011200	1.152475	2
120200200000	0.534899	0
221220112000	1.100373	2
024142124144	0.845311	1
002001000003	0.820627	0
002002000012	4.928406	0
212021111022	0.759397	3
100011210102	0.759770	3
042400540410	0.669467	2
002001001000	0.156864	0
120000021003	0.812560	0
020121110000	1.177265	0
200010010002	0.733919	0
000210200043	0.791865	0
112002211010	0.768263	2
010102122201	0.901704	3
042410541412	0.891585	2
001201200040	0.777996	0
120012102112	1.561779	0
021020021010	1.557912	0
010002110043	0.842041	3
121100120140	0.715911	3
000100002001	1.046381	0
122200210210	7.136630	0
202210301240	45.316546	2
120220002001	0.737691	2
222100111200	0.796778	2
200100000101	0.486899	3
104040004044	0.147271	0
121211212120	0.443449	1
200000111020	0.849099	0
001000012020	0.704479	0
200011001002	0.488426	2
002000011003	0.815744	0
100201000001	3.126337	3
021020000101	4.798024	0
001010001222	0.452960	3
020100100002	1.605306	0
200200101023	38.218578	0
122121000212	3.872941	0
002000221020	0.849882	0
010000222003	0.099027	0
122010200021	2.227883	0
100101002221	0.320435	3
101102102000	0.855671	3
002010221012	0.672910	0
112020200000	0.752653	2
101220022023	3.337241	2
220010002000	0.553409	2
200102110240	0.759269	0
120001100003	0.752994	3
221001110002	0.671034	3
220000111040	0.756890	0
201200100003	0.785897	0
101100020202	0.856286	3
002202201121	0.784787	1
020111010222	0.622519	2
212001200002	0.840835	3
211020102020	45.215451	0
112011241002	0.693363	3
212002201010	0.696194	2
112000002010	0.424185	0
022010102212	2.355261	0
120220210112	1.418215	1
010010000112	0.836908	3
200112300222	13.945918	0
100010002110	0.826753	0
021012002000	0.632556	2
202210111010	2.234272	2
212012021000	1.311925	0
001201320200	0.789701	0
002010220220	4.526167	0
004240014244	6.355279	1
011022102011	0.974258	3
201211210122	1.060180	1
000111022222	0.773276	2
102020002020	0.712643	0
201000341020	0.771827	0
002010020112	1.784389	0
100121002011	0.833814	3
010200000220	0.849649	0
101020002022	0.370201	0
210002222100	1.346095	0
220000140000	0.362958	0
212021201000	0.733646	3
102100201200	0.678693	0
210110120102	0.688528	3
