040410440420	0.361357	2
212233211333	397.966931	0
020100010202	0.776357	0
200002000000	3.316242	0
102102002010	13.553308	0
220001000240	0.736407	2
212012201000	2.501928	0
200001202000	0.819138	0
100000000012	34.169742	0
220000121020	0.692281	0
002202000111	0.871595	2
000010042001	1.182165	0
100000220003	0.722506	0
100002010000	18.398141	0
200000212003	0.799065	0
022200110000	1.627990	2
112002222003	1.162346	2
012000120003	2.993384	0
001020042020	12.367382	0
042410540400	0.530541	2
004040024245	0.963441	0
041421442412	794.211098	0
120020210000	91.742088	0
000102200203	268.602191	0
022010002012	4.071314	0
142410442420	194.723276	0
212002121203	0.972314	2
004142014244	0.589738	2
000011222112	0.901743	3
004040104244	0.863482	0
020000010102	3.261716	0
201020101020	60.087782	0
102100002000	4.312271	0
021120000020	100.830810	0
201000010000	2.516810	0
112212212112	421.378379	0
000000001220	13.428692	0
004142014045	0.976516	2
200200102000	34.483365	0
000000202003	0.355778	0
101020202010	0.891480	0
100122040003	0.970993	3
020002000110	40.088340	0
000201010220	99.513272	0
120200010040	0.715103	0
000020001010	7.624081	0
000020002021	5.798385	0
014241004244	939.160350	0
020021000100	88.719851	0
020102010001	3.360804	0
122020200010	89.112742	0
122000002000	419.291751	0
012012020000	21.542924	0
022000100010	22.200048	0
001200000040	0.887576	0
120100220140	230.835086	0
004153	0.927940	2
000000000241	16.028787	0
330022333121	0.442246	1
102002	46.093483	0
330220333102	6.348727	1
012000002012	0.958991	0
142400442412	462.763487	0
020012000102	22.550417	0
200102000241	1.325044	0
002002	30.196514	0
200211300002	0.632373	2
220000120010	0.855350	0
020100020043	0.870076	0
000002000220	0.991029	0
202012001101	30.028717	0
212000211000	0.797778	3
332211333102	6214.089230	0
330020353020	0.845545	2
012202000120	0.841113	1
020000102100	1.887616	0
042401540402	1.582288	2
004140124044	0.891743	2
010002000010	1.313297	0
221200112003	0.652228	2
000033042333	0.144355	3
101221	286.119453	0
100200002000	1.170996	0
020101110202	0.939139	0
220021000201	1.585887	2
041412442420	0.929917	1
001122040001	0.908872	0
004240014044	1.184544	1
041400440412	0.825311	2
201210	3.789852	2
202033221333	0.842124	2
000010002222	0.935259	0
000212	3.337116	0
010100220000	0.677859	0
000200002110	16.622867	0
010000020020	1.220410	0
041401440412	0.832863	3
002200000000	77.930781	0
002100200000	0.856921	0
120010100002	0.943018	0
020200000003	0.573339	0
112220212112	0.826424	1
201012002122	211.544667	0
212021001010	0.724479	3
120033201333	0.905647	3
020000010001	7.928077	0
202010000020	0.712159	0
140400442410	0.724884	3
201010000022	0.865850	0
330010333200	0.459427	3
200001000001	1.353911	0
000202002100	13.388308	0
201010010022	0.901813	0
000000100220	0.857631	0
000000022140	56.290101	0
000210000140	0.789679	0
021120	138.750354	0
010200002000	159.841479	0
001002020040	0.803849	0
111211	0.998413	1
101020202020	2.269450	0
000220300022	5.184389	0
001202	0.254714	2
104140224144	0.641233	3
332020333110	0.710350	2
211000102002	123.546200	0
000000000022	2.000011	0
000011020112	0.820951	3
002001000011	0.806966	0
330200333000	0.242485	3
020000210200	1.370559	0
010120	0.399515	2
330022333020	0.681028	1
211122	207.321718	0
000010020040	4.308717	0
002021300002	2.738374	0
022210010102	3.158728	2
001021000100	117.193067	0
202010001212	0.924186	0
001020040021	8.128790	0
000002301000	0.871338	0
100010020002	0.884437	0
330201333000	712.935775	3
110120	0.760300	1
020100200100	2.793107	0
110200212000	0.924959	0
020200000100	1.249239	0
201220001000	32.606498	0
001020042010	1.966941	0
212002102003	0.938610	2
000001300240	0.656754	0
200010020200	2.736644	0
210210020000	49.669718	0
352410543400	342.889377	0
200010002002	0.849983	0
022000102003	45.127700	0
102020000012	0.807134	0
221210100043	0.939717	1
000202110100	1.201320	0
010022040000	0.739063	2
000102010240	0.707944	0
222102111200	29.099309	2
020221010102	49.267795	0
210202000100	6.722452	0
022000002003	49.952547	0
220000102020	0.590242	0
330002333120	0.749613	2
330020333040	0.665918	2
002210000001	91.259822	0
010200000101	20.426860	0
100000100022	1.286499	0
102012000021	238.905826	0
001020040020	23.174787	0
102033100333	3224.395793	3
021021110000	229.717238	0
000020042011	5.919872	0
200012000220	162.792456	0
000100020020	1.788911	0
212002201203	0.955629	2
332002333212	23.841442	1
002022320101	0.910539	2
000210300002	1.265000	0
012020002010	0.882370	2
000002300221	1.428701	0
142420442410	38.264617	1
330022333021	0.126084	1
010000001002	2.473860	0
010000210202	0.839001	0
002033001333	0.205882	3
000022300011	0.599712	0
000221000001	341.774508	0
000202320102	0.870919	0
000221300200	136.121564	0
000200012111	1044.591545	0
200201010100	70.070463	0
200210000200	8.434357	2
142410442412	597.052149	0
020221310002	186.789463	0
331000333200	0.780472	2
100020000201	0.946060	0
332000333202	0.660088	3
100020010200	2.624255	3
100020201000	0.725686	0
022033	30.532928	2
000000210100	1.645698	0
000000301200	0.761929	0
202000101200	1.806986	0
201001000000	0.757395	0
000101210202	0.941279	3
000012020040	0.882399	0
102011	120.284655	0
002010300020	131.643480	0
021100000022	2.089250	0
000002220003	1.259709	0
201022	53.269597	0
101001002200	0.950586	3
010221000002	213.162512	0
120120000200	65.462950	0
000102200200	82.329197	0
142401	241.839553	0
010002000022	0.928754	0
202233201333	0.857372	1
332211333002	5088.337273	0
212011041022	0.889225	3
000200002111	48.582304	0
212000021000	0.866969	0
112002222000	1.209648	2
020001	3.353019	0
201100002020	27.502677	0
102120102010	0.873637	3
122033	822.037477	0
100020000010	0.929811	0
100000001012	9.705716	0
001020000002	2.689437	0
202211000022	1.429980	2
001020041010	0.907728	0
200002300000	0.876207	0
100000202000	0.359195	0
120000000240	54.491306	0
102020001010	0.726875	0
221121	394.715800	0
000010020012	0.887519	0
222102111203	81.376281	2
000201	62.509896	0
120020120003	57.705280	0
004140024044	0.227173	2
000220000201	41.919885	0
100002220000	53.724851	0
112202211102	1.130692	1
000202110000	0.913212	0
200001040002	0.881580	0
000001000240	0.546838	0
201220002112	279.495635	0
201220001003	0.984805	0
001000042012	0.913939	0
020200200000	0.817745	0
041401442420	0.780251	3
001020000000	20.118971	0
102033001333	3185.688087	3
002011001212	0.911272	0
210000200020	3.231758	0
000002010202	0.759375	0
020000211200	0.801937	0
000020302012	0.822248	0
210002100000	295.922084	0
211220	194.470234	0
000020000020	1.861863	0
210002211200	1.264351	0
042400540401	0.545396	2
100201	23.111823	0
002000020003	31.251940	0
332000333112	0.833473	3
022100000010	29.241240	0
020001200200	0.889588	0
104140024044	0.660122	3
000000000210	2.410057	0
001002020140	0.894853	0
012033221333	0.747333	3
201120000010	3.013603	0
212033040333	0.822810	3
002010300200	98.573540	0
010000210240	0.842426	0
334042	0.977223	1
010002000003	0.869239	0
012000040000	1.872460	0
121021102000	346.142168	0
020120000021	455.686618	0
000021300201	1.242790	0
000002100010	103.652990	0
021102020100	126.817480	0
024241024244	18.609044	1
004040004244	0.073693	0
112100	0.954827	2
000020201011	4.953828	0
220011340020	0.783175	1
002000300002	11.598986	0
020001110240	0.892264	0
014053	1.145670	3
022001000220	11.990630	2
121233	0.980168	1
112102	1.879869	2
001033202333	0.825276	2
021120020001	302.881509	0
100002110000	1.361089	0
000022342011	0.841457	0
042400441412	5.034642	1
000012020101	2.440804	0
002000010200	45.888798	0
001010001022	0.658946	3
212002020003	1.219258	2
102200001000	214.215364	0
114053	0.994398	3
100010000202	0.856337	0
200021100010	23.263755	0
040410440421	0.419230	2
220000102010	0.802280	0
022000100003	50.322089	0
330002333110	0.947515	2
200200020100	15.574252	0
001122041001	0.922490	3
201102002211	353.137981	0
000020202011	0.920524	0
002001001200	0.933674	0
201002000001	0.915601	0
120000222020	0.899715	0
332010	411.170425	0
100212000140	0.890819	3
210002211040	0.969880	0
002021000202	0.815302	0
100000200010	0.865366	0
330002333001	0.291990	2
202010001000	0.434285	0
024140	8.647637	2
020000012003	0.878173	0
122122002111	287.511583	0
210000200000	2.847795	0
101020102011	0.922672	3
000020001003	13.573303	0
112002221020	0.919255	1
000020000000	2.003507	0
330022333111	0.726112	1
214142	0.951333	1
100020000200	0.823058	0
001010042021	0.622447	3
001002040010	0.814886	0
000200300000	5.404916	0
104040214045	0.944290	3
000100200202	0.894394	0
000022300200	0.686403	0
200021000002	46.281752	0
022000102020	27.713019	0
001000000222	0.895639	0
200001000002	1.561160	0
100020001003	4.210230	0
000001200100	6.405328	0
010000210000	0.326010	0
201012002121	187.464863	0
010021200002	0.924698	0
100000042020	1.014617	0
002000040002	2.069277	0
122033120333	1455.204744	0
200020010000	37.273016	0
001222000101	0.840996	2
041401442400	0.746565	3
020100000020	67.056710	0
100000002003	0.410409	0
211002020003	345.314770	0
000120020200	1.279642	0
020200010010	0.833730	0
201020002022	210.247423	0
000020000211	1.066477	0
000200110000	9.435486	0
210010000002	0.928104	0
021000020003	0.748351	3
000020140000	109.297302	0
002021001010	0.516125	0
000000202201	0.907711	0
021033	0.653806	1
220100001020	0.921522	0
000220300021	21.056248	0
002002001000	23.992409	0
002001000012	0.831283	0
332010333012	749.360622	3
000000000021	84.566483	0
001202320100	0.642302	2
200033220353	0.832273	2
000222002121	0.908763	2
000000020240	33.507660	0
202000001012	0.906949	0
020000222000	0.670106	0
201020042023	4.983373	0
020122320201	320.809744	0
100000201020	0.734296	0
100122040101	0.617936	3
002002000001	16.071658	0
012000200010	1.354970	0
000022300001	0.105172	0
200100020140	0.793135	3
042433441333	2.272255	1
330112	2.102387	3
021001002020	0.934576	3
202002011000	5.512151	2
000201000212	7.602894	0
021020100000	248.220944	0
022021300201	6.877663	2
332012333002	742.723283	0
200020040011	0.910265	0
200012000222	46.675620	0
100020042001	0.917904	0
020202	0.387243	2
012000200020	0.870779	0
330200333120	0.795427	3
002200001010	7.282216	0
121211	0.817235	1
010101020202	0.890514	2
000212300140	0.819874	0
200033110353	0.933263	2
200033001333	0.800436	2
001001000020	0.559503	0
002001000022	0.876445	0
200000102003	1.119044	0
212220201010	1.145978	2
022200210000	0.907318	1
000020101000	80.476292	0
001220000010	28.469406	0
020000300001	19.895281	0
102010200020	300.175942	0
200210202000	0.885040	1
010110	0.622389	3
202000001022	0.899397	0
211112	843.505269	0
000122001001	0.823882	0
040433442333	0.215874	2
020100100100	2.799914	0
000020020040	12.349989	0
200033001353	0.879299	2
000001220200	0.694034	0
002002000202	38.972312	0
020000122000	0.761647	0
000220300011	52.079740	0
010001200240	0.866118	0
212002221203	0.965022	2
000010202020	0.871044	0
121110	13.374076	3
121210	0.665167	1
010100020202	0.748535	0
024241014144	12.336521	1
102012000001	411.481031	0
002000041001	1.799710	0
201020201020	412.263278	0
000100020000	1.104142	0
102000000000	152.085110	0
000002300010	0.761222	0
022033101333	1.053448	2
002102000202	101.555050	0
001110	0.758169	3
010000120000	0.409573	0
201012	44.208709	0
210002200001	16.596884	0
142400442411	734.231406	0
201000000200	5.217691	0
200112000021	11.628027	0
022102010000	22.729855	0
020012000101	47.509660	0
330000333022	0.088639	3
100000000200	4.396721	0
020102010002	2.034820	0
001020	28.523067	0
021102020040	149.100531	0
100000202020	0.767126	0
201220	96.689561	0
000200210100	1.828789	0
002002100000	56.601193	0
012220020010	1.356325	2
001000000023	1.445274	0
222000	0.253666	2
110220200003	1.084174	2
200201300202	120.518255	0
000020100020	42.387847	0
000200011000	1.069259	0
112202200000	1.311423	2
001021	178.184766	0
102002000010	44.648307	0
000012000040	1.719741	0
022010000102	337.901204	0
020202010101	0.843879	2
100200010003	2.411887	0
000233201333	0.762078	3
002010200002	12.141225	0
120120202000	450.719892	0
002002320100	131.513771	0
200100200003	0.775696	3
021100000002	3.897389	0
000000201040	48.690285	0
002002000100	109.571556	0
000000042010	5.549542	0
000101200240	0.870621	0
330001333022	0.477052	3
201000101000	1.591939	0
200012300222	47.612445	0
002000300210	4.378369	0
001000042011	0.879071	0
002200000020	24.770600	0
002002300001	16.524976	0
002002000101	35.325227	0
024040124244	0.906915	1
020233012333	0.818615	2
122000002010	361.704272	0
010201020200	164.652773	0
200201000000	109.932921	0
101122040021	0.863347	3
200210000022	1.320378	2
000022000141	0.498461	0
120200010000	0.565334	0
000012300200	1.126858	0
000220010200	17.589544	0
021000020000	1.291797	0
332000333111	0.944898	3
200102010101	0.930794	0
001002020102	1.289607	0
042400540402	1.326757	2
100200210100	0.927613	0
200200300100	10.680009	0
102122042111	0.671225	3
021002120040	1.137613	1
210100221200	0.902178	0
000212010112	0.932545	3
100010	1.230107	0
002000000111	2.068458	0
002102300102	0.848191	0
000200110003	5.572394	0
240410442400	0.526761	1
330210333121	1.390024	3
000021300222	0.566217	0
000201100000	38.038040	0
200000300011	11.973119	0
220100122003	0.830445	3
200000110200	17.418298	0
000100020202	1.178613	0
200012000002	55.544616	0
020211012212	0.879823	2
001000142002	1.961190	0
002021	3.309764	0
201220001020	55.100723	0
210200210000	10.910385	0
200002	9.799314	0
200000010002	4.641876	0
000200200043	64.772283	0
021102020102	384.435490	0
224141	0.933967	1
120000202003	1.139731	0
020120000022	12.013829	0
000101200202	0.897628	0
002012201112	1.177683	0
101122042021	0.544111	3
010001200000	0.633622	0
002000300001	110.668050	0
000121002212	1.043883	0
120000012000	86.066270	0
000001042012	29.515666	0
000112000200	6.743736	0
021021000102	359.349884	0
020001000100	0.501699	0
041420440401	3.901052	1
000200000220	2.607857	0
010000110240	1.175885	0
021002002000	1.213685	2
042410442410	36.781145	1
020100022000	2.906378	0
120002000000	13.680958	0
000000002013	0.726527	0
200201300000	18.389090	0
020100000202	9.336311	0
200002000010	6.959413	0
000201210040	278.666739	0
000220300002	36.798204	0
020000300000	0.819489	0
000020001000	59.452571	0
332102	4.871304	2
000000000002	0.777638	0
002010002002	4.419145	0
010200002020	113.299711	0
000012300002	0.810050	0
204040004244	0.929625	2
010020000020	2.810439	0
210000201020	2.054057	0
001001041002	0.757791	0
010002100101	0.967312	3
002001041000	1.040846	0
010202000000	0.811728	0
200000300200	2.438775	0
101000	1.530532	0
220102120243	3.425550	0
002002000000	19.141321	0
002002300100	150.111420	0
200100200000	0.584373	0
101020042000	0.790745	0
120120042003	380.682584	0
021120000000	272.932532	0
330001333122	0.908711	3
211101	9.524895	3
020000001040	149.810607	0
012002020203	0.936029	2
021021300202	414.494814	0
220100000003	0.688659	3
000002010020	1.849646	0
212002101203	0.974194	2
202200201020	1.664337	1
220200110000	0.399854	2
221001120000	0.812515	3
212002001020	0.858752	1
240402	0.991758	1
010220200000	120.614066	0
000012040010	0.921017	0
000000021200	1.887138	0
100010042021	0.902670	0
000000120240	64.484418	0
110102220201	0.889469	2
000000001200	1.553512	0
330220333112	29.206939	1
200200122000	9.043330	0
010200000102	9.061286	0
102002101000	57.540382	0
012200200000	525.909021	0
002000300110	1.542091	0
002012041112	1.272865	0
000200010000	25.784872	0
022100020003	1.199040	0
014240024244	6.050067	1
000100210000	0.841446	0
220000101020	0.567037	0
021000201010	0.939331	3
001020000210	1.767521	0
000001302000	4.933412	0
200200300001	20.430702	0
002002101000	11.848309	0
200002000020	0.932993	0
014240024045	4.150772	2
000201200100	121.815612	0
000002300222	0.546736	0
002102300202	0.740153	0
002001042000	0.834069	0
001000300020	0.847367	0
200011000212	0.925500	2
000200220003	3.192121	0
102120002000	0.726544	3
200211300022	0.666637	2
000100220100	0.827572	0
101122002001	0.775947	3
100020101000	0.862804	3
002201	140.130297	0
111012	0.885955	1
040421442412	912.083590	0
200120040011	17.423904	2
020001000001	0.720626	3
001222041111	0.775180	2
222033121353	0.786951	1
020122010211	4.248060	0
200000021020	0.828895	0
002220001010	0.926722	2
020100100000	6.887096	0
100120100200	0.924407	3
200210000012	1.757689	2
012002001200	1.436225	2
002200	22.368229	0
000020101003	31.915303	0
002220000112	0.908862	1
000102010041	3.069507	0
001010042020	0.594932	0
332211353122	668.455669	0
221220	18.146853	2
000000200101	23.885741	0
002012001001	21.957061	0
010000020000	0.622490	0
010020040000	0.947052	0
002120000112	0.935363	2
012000201020	0.875283	0
022033020333	0.653103	2
000000142020	15.715874	0
332202333101	1.125602	2
002001001020	0.800722	0
102122020211	0.907469	3
201012000020	0.879630	0
001001001022	0.850360	0
210100	1.251727	0
002000001220	2.680195	0
200000102000	0.783341	0
212000041000	0.893070	0
000200300202	2.046296	0
012000220000	0.729916	0
100000022010	0.922842	0
201212000022	0.843083	2
002020001010	1.505371	0
330020333120	0.564622	2
010201100240	448.430400	0
330000333042	0.235842	3
140410442400	0.804523	3
200200000010	30.531233	0
000100220040	0.831816	0
202000221020	0.818397	0
002000040020	2.694432	0
120010201000	0.949453	0
022000010102	1.347119	0
000212010102	0.843105	0
120010200020	0.907429	0
002000000101	23.518821	0
100012000002	1.225897	0
110000200202	0.900501	0
221001110040	0.893263	3
200201000010	209.363755	0
012120020112	0.910051	1
240400440400	0.296108	2
110000222000	0.930017	0
000012000020	5.328372	0
000000110200	4.221073	0
002001300001	22.435048	0
200210010200	9.218090	2
011002020000	0.939565	3
120210211000	0.935347	3
002002300202	17.372863	0
024140304044	0.952232	1
010200100240	0.891319	0
000020220000	9.716953	0
200000001021	26.157940	0
012001220000	0.893658	3
010022210201	0.920479	2
201020201023	1630.758247	0
102000202003	24.131426	0
000201210000	209.807465	0
000122340001	0.671666	3
200200111000	1.296642	0
000102010000	4.408138	0
202212001101	0.832165	2
100000201002	1.880091	0
021200210200	0.955790	2
000021002112	3.583793	0
102000000003	26.912194	0
200000100011	0.883469	0
000002000010	3.393678	0
000002	19.278123	0
124053004345	24.260389	0
210002002000	81.733567	0
112202200003	0.946998	2
100000020240	4.502926	0
100000300200	1.050533	0
000102	25.113324	0
000110000200	1.095415	0
141421	277.465143	0
020102000200	85.553123	0
222033121333	0.345736	1
000001200010	1.247187	0
022000002000	47.661259	0
021220110100	0.961184	2
010200000000	83.411876	0
004041214244	1.207835	3
200112000102	133.768046	0
200020001000	10.272468	0
002020020112	9.025589	0
012202002100	1.880308	2
000120300002	0.742538	3
020021020201	99.398858	0
000000010243	758.530918	0
000021000200	8.025917	0
002002020100	102.620006	0
002020021010	2.023130	0
200001010000	4.069926	0
002000041010	8.057678	0
000100210140	1.052485	0
202210000020	1.031292	2
002020100010	0.929964	0
201210000022	1.218794	2
212000001020	0.797171	0
201221	242.635312	0
000000342020	59.089743	0
210211020102	92.216614	0
000002302000	22.550804	0
000002002100	1.147106	0
120002000040	1.702979	0
000002320202	0.717718	0
100002000020	1.279783	0
041420440422	2.108158	1
000200000000	45.305596	0
202020201000	0.837456	2
000020300000	0.408108	0
101110	1.319805	3
200001010200	7.221017	0
000120000102	0.832240	0
100100200240	0.852750	0
010000200202	0.896741	0
122033201333	878.027975	0
021000010200	1.087958	0
201020042000	1.780072	0
100200000000	3.370915	0
100200001003	20.303182	3
221000102020	0.888064	0
330002333122	0.848465	2
111101	0.996910	1
000012041102	0.978338	0
000020010202	0.908088	0
000012300021	1.998050	0
000000010203	348.645114	0
210000121000	7.942786	0
002021010112	0.953445	3
104042	0.800291	2
201000001023	0.973096	0
020201010001	0.900522	3
120101	254.138940	0
000001000200	0.320059	0
002002000010	13.133065	0
200210022000	1.024805	1
201010142020	1.198750	0
200202000101	0.888907	2
041421440422	308.102884	0
000020300201	2.928984	0
100000200001	0.917663	0
330002333010	0.621867	2
000102010101	2.396946	0
201022002111	444.406214	0
100122001001	0.760722	3
100200210003	1.296711	0
111120	0.951259	1
000000120003	13.032182	0
112120	0.719171	1
200100020003	0.918979	3
000011000212	0.671884	3
200100021000	0.910107	0
124140214144	1391.175611	0
200200220003	6.013157	0
000220000021	22.437712	0
020000112003	1.289850	0
024140114244	1.496973	1
210002102003	85.678691	0
102000042003	117.998775	0
022100000003	0.858477	0
002000112000	0.949621	0
210202100100	15.643210	0
022000210200	4.730930	0
000022300211	0.711332	0
024140214144	22.747210	1
000010340022	1.561778	0
042420441410	0.612902	1
000000042023	42.154317	0
012020201010	0.953945	2
001012000020	0.814562	0
020000200001	1.275733	0
012200002000	153.275480	0
002020000212	0.859124	0
002202	2.408607	2
100022000201	0.850823	2
332010353020	677.662949	3
020020002011	0.902214	0
000001002022	4.340095	0
000200220000	21.418826	0
201010142021	0.890801	3
021020002010	2.408079	0
001022000000	0.665014	0
000022100001	0.849628	0
012202002000	0.867253	2
200020001003	0.902872	0
241410	0.737972	1
001012042021	0.939522	0
200200300000	7.723275	0
120020201010	32.880872	0
021000200000	0.583958	0
010200300000	0.883237	0
020010201000	1.363897	0
000200000202	1.003962	0
024240114144	0.552912	1
024041014244	1.235312	1
102000041000	79.298718	0
002010202012	0.873614	0
332200333100	3.918973	0
100100	0.866594	0
002022300011	0.322894	2
100020010000	0.782675	3
200000021040	0.967200	0
000000201012	2.623345	0
021221110000	90.456235	0
024040014244	4.691274	1
021100020002	10.748090	0
200012300200	1.820371	0
212202201203	0.945670	2
022100020000	46.131494	0
210202210100	12.337357	0
002120340001	0.862028	2
202000101020	0.830614	0
122000200003	156.826291	0
120122041103	2787.640708	0
000002110101	1.367532	0
000002000222	0.531080	0
100200210040	0.924592	0
020102210000	78.102004	0
201000100020	0.935394	0
000200320100	0.843853	0
102020000010	0.384551	0
020101000220	1.326336	0
100000002001	1.286510	0
010200020200	8.674253	0
001010002022	0.808437	0
112002220000	7.260840	2
000000200022	1.959875	0
201010042020	0.714552	0
000201000202	151.543792	0
000002100020	1.657524	0
100100102000	0.885842	0
022021300211	5.393524	2
020000300022	1.289339	0
000002120000	33.237638	0
002001000001	0.870411	0
100100020140	1.150922	0
024253	2.360928	2
330202333102	0.440878	2
021210210020	0.940219	1
002000101200	1.853742	0
210000020003	9.362321	0
020201	1.086392	0
010020000002	10.896274	0
001010042023	0.893893	3
002202020100	1.009282	2
212202102003	0.982271	2
200010000222	0.932396	0
330110	0.997320	3
010001020000	1.118146	0
102122042001	0.810726	3
020100100003	0.888843	0
002002010003	14.403482	0
000000010021	2.588318	0
000002320120	19.611789	0
000200020043	85.316026	0
000033220353	0.574073	3
100220201000	5.422043	2
200033040333	0.192368	2
220000222000	0.716886	0
000033221333	0.337618	3
000002002101	1.674417	0
000200022000	11.340176	0
000010300020	0.794196	0
200020100003	0.810092	0
220000100100	0.819309	0
102201	104.610046	0
000002002111	3.138045	0
002000000210	13.785188	0
201000101003	0.882732	0
240433442333	0.293709	1
201020001001	6.948091	0
011122	0.504755	3
002021010212	0.825842	3
100000110002	1.345499	0
210100020100	0.790247	3
200200202010	6.866533	0
014142124045	0.905894	1
000220002112	3.945836	0
210202100000	82.947987	0
000022000211	0.734562	0
000000110002	1.949600	0
000201000240	750.510356	0
200012000201	280.880536	0
200020001011	2.052074	0
212121	0.665508	1
001220000000	14.174495	0
102010100000	247.918430	0
002002300000	32.587945	0
220000141003	0.532592	0
120200010003	1.491173	0
210000002000	5.830103	0
200100020000	0.643102	0
010100020102	0.760272	3
000102010001	20.537407	0
210002200003	9.202801	0
211111	0.992572	1
020000102000	1.125820	0
000002110000	9.108929	0
002010042000	5.093556	0
001220	47.567965	0
000102110101	0.942546	0
200233011333	1.532308	2
001002001010	0.906751	3
200000020100	2.866749	0
000200100000	212.764577	0
000002000212	0.773776	0
000102020100	1.188012	0
332210	495.050997	0
201120	118.328857	0
041421441420	469.256169	0
120000202000	1.847737	0
002001001002	0.919205	0
000000020212	1.270732	0
001112	74.961110	0
330220333002	0.433587	1
010002020001	0.872618	0
000000002010	7.493022	0
210000120000	0.823485	0
002001000100	0.846825	3
002001300000	44.503196	0
010200210002	1.197404	0
201002000200	5.139076	0
021021300102	335.414676	0
330002333022	0.718687	2
010000020022	0.861337	0
001021042000	351.306072	0
000200200100	2.596519	0
101200202000	0.933978	2
122033200333	334.883421	0
002012042010	0.955347	0
140420442420	15.392742	1
000000300002	0.769842	0
120122042103	1258.638269	0
110102	0.543733	2
000220000002	23.520196	0
200001011200	1.316136	0
332022333211	0.346401	1
022011300012	3.231914	2
000002002000	35.778451	0
002010042012	1.716531	0
202210001002	0.902093	2
000201010000	436.879577	0
000010041012	0.881988	0
024040114245	0.678587	1
000002020202	2.031266	0
022101	8.486460	2
201210300022	0.920274	2
100000122010	0.939378	0
000012320102	0.888760	0
202210300020	1.096199	2
102211000002	293.643229	0
024140024144	5.535325	1
102010100020	242.831561	0
221100100043	0.973525	3
000012202000	1.377838	0
120212210140	0.896018	3
020102010241	3.242470	0
102000042020	91.167460	0
214040214044	0.763874	2
220100100003	0.744573	3
001022000101	0.847834	0
100200002003	10.071241	0
022100000020	22.128278	0
000000222100	0.903273	0
102000202010	205.579822	0
200202010100	0.910714	2
330200353100	0.911114	3
220012000041	13.206690	2
201010040020	0.679116	0
020010100040	0.902927	0
020002102000	7.155339	0
000020020110	4.267860	0
000210000012	0.842345	3
002120302010	0.809897	2
002012000201	399.771968	0
002000202010	0.911342	0
000100000022	2.768767	0
201020001021	45.012562	0
020200000000	1.654836	0
002020002112	0.869582	0
332022333111	0.528648	1
100000022003	0.872209	0
004040124045	350.828208	0
200133002333	0.894976	1
002200300000	46.898010	0
332002333202	0.743501	1
104240214045	0.929624	2
014040204044	0.412908	2
201000302020	118.463939	0
000102021200	67.615018	0
010200020001	60.176035	0
000212000002	0.618505	0
200100000241	0.651209	3
200221000001	109.814904	0
101020202000	0.880036	0
202200101003	0.835720	2
330122333201	0.884033	1
000000300022	0.351646	0
200000041003	0.700828	0
000010010002	0.891023	0
001022	1.564221	0
204241	29.311944	2
100010220000	0.879948	0
002020340000	3.034974	0
022000220000	20.728156	0
000001000212	0.892740	0
000021042010	687.358098	0
024140214244	5.962677	1
140420442400	1.250298	1
020002	21.227751	0
200020000010	2.127296	0
220000120203	0.932702	0
000012320122	0.901140	0
350400543412	0.774903	3
330222	0.647493	1
001002202000	0.925003	0
121100212202	0.952381	0
004240104044	0.640754	1
120020201000	119.997832	0
200000001012	4.017788	0
020120000200	187.641001	0
104140224045	0.944538	3
020201010040	0.241548	0
100002000003	1.482589	0
000020200002	2.964599	0
042433441433	2.202169	1
002020000211	0.912310	0
200000001002	2.504722	0
201020002110	216.334744	0
210210000002	24.769060	0
120000222000	2.360354	0
002002020110	25.591703	0
332120	0.884223	1
024040004045	0.680638	1
000001000012	0.747358	0
200000300000	0.297068	0
000002001000	8.643963	0
000200120000	23.163747	0
220101	0.388629	2
010120120102	0.923039	2
041410442422	0.744969	1
202012001002	9.387180	0
100000300022	0.912142	0
000010220000	0.679197	0
020000010240	1.131841	0
001021041000	2258.545979	0
040420442400	1.411277	1
000210000120	0.898742	0
102122002011	0.442411	3
002021041002	0.816196	0
000000010220	7.572087	0
220000121023	0.654800	0
002010001212	0.879461	0
020000020010	1.027640	0
200000001040	11.238027	0
101002042000	0.842506	2
120000200240	311.640988	0
022001300202	1.041400	2
120100010000	370.827718	0
200000202000	0.281391	0
021121	408.581381	0
000000000221	31.856469	0
000201200001	248.250257	0
010033222333	0.539123	3
220033140333	0.396482	1
041402440420	0.820134	1
000001000022	0.727985	0
002033011333	0.877065	3
020102320202	2614.695439	0
000100040002	8.489243	0
020002020000	3.524546	0
121121	889.885408	0
012110	0.790292	3
200000001022	3.483341	0
000201110000	202.288600	0
202210001012	1.615455	2
041420540422	0.804258	1
200000000013	0.851062	0
000010020002	0.722994	0
200000042000	0.260038	0
020021300100	132.015916	0
002000010100	1.287356	0
121011	0.906395	1
010200212000	1.657431	0
101120002220	0.916420	3
201000002021	101.676859	0
112202211112	23.365017	1
010002000001	0.729165	0
330202333100	0.313275	2
020000222003	0.574568	0
211222	87.253071	0
122211010102	655.054316	0
200200102003	8.603588	0
142400440410	655.265827	0
200000001023	1.136214	0
350412	0.672663	3
001020001020	30.504640	0
001202000102	0.761233	2
002000042010	1.088994	0
002202000100	0.748595	2
221120100020	140.444976	0
201012001020	0.908308	0
040401442410	0.745874	3
001221	223.131649	0
004240204144	1.284771	1
020002010101	1.859596	0
000021100010	43.120727	0
101000102012	0.905274	3
200220300001	0.927802	0
000000202220	1.312727	0
000002100000	15.803389	0
002222	0.546067	1
201000100000	5.795058	0
001010000220	0.933011	0
210000211040	4.686850	0
002200000110	1.912964	0
200211000002	6.590211	2
010000040002	9.280104	0
102200000000	90.460152	0
200200010003	18.785324	0
010102220100	0.882359	0
010020020002	0.966987	0
221233	0.805012	1
201212	4.036068	2
120200220100	0.724398	0
120100020100	351.914112	0
000000212003	1.055934	0
004040204244	0.903085	0
000011200200	0.925957	0
000020342010	119.165015	0
010000001020	35.201957	0
004240	11.272694	2
012000021003	27.649367	0
002002010201	20.664309	0
201020042020	18.443404	0
012002120003	0.899996	2
000010220003	0.917758	0
000021	47.141323	0
121021002000	325.697088	0
102000102011	71.546322	0
000021000010	158.431039	0
040400442411	0.627970	0
200000300100	1.176065	0
004040204045	0.548635	0
000002000000	0.267706	0
001020000003	0.973975	0
200200011023	7.799255	0
020001000240	0.492951	0
020020200000	4.803127	0
002002020010	8.563703	0
000001202000	4.021827	0
042433440433	1.047459	1
020033201353	0.864115	2
002000100200	14.954810	0
200000202003	0.212406	0
100002000000	1.746314	0
200012300001	149.421468	0
212010201012	0.891453	0
000022002021	0.851565	0
200000000012	7.768821	0
020021300102	126.236627	0
002102000101	89.349408	0
142400440411	608.818387	0
210233101333	1002.596184	0
022000012000	55.152489	0
201122001021	0.819318	0
024041304244	21.867714	1
000000300210	1.228471	0
004140014244	0.396564	2
201201000200	58.440210	0
020100120100	4.096830	0
000200000020	69.137408	0
001000020002	0.929399	0
002202000101	1.011783	2
000020300020	0.300670	0
001020040002	1.948180	0
121020002000	78.985814	0
000100002200	1.834725	0
212000200003	1.230342	0
010200020101	54.032440	0
000102020200	125.422875	0
014041214044	0.876349	3
002002010010	4.614243	0
100000022000	1.515651	0
020100110000	8.092205	0
042421540410	7.347653	2
000200200000	20.922844	0
330102	0.679332	2
000002220101	0.940035	0
330001333042	0.928188	3
021102320100	876.821953	0
200220010001	0.927858	0
040400442403	0.157384	0
001000220003	0.691649	0
120000102000	2.581252	0
000000140002	23.878027	0
000000000220	3.891072	0
010200110240	1.575069	0
040410442410	0.765530	2
202010041020	0.709444	0
010102220140	0.902787	0
330200353000	0.746082	3
000012000012	0.944976	0
042400540412	0.906197	2
200202	0.728420	2
002002300212	9.180292	0
001022000001	0.585991	0
104053024345	182.823286	3
121200212200	0.885909	2
012001200000	0.784807	3
210112020101	29.157940	0
000120200001	0.888437	0
014240124244	2.036206	1
101012002122	0.793622	2
002002300222	1.026567	0
334142	0.955378	1
001021000022	57.293818	0
200212	5.057310	2
221020102000	70.712609	0
000011000202	0.856798	0
202000011200	45.208845	0
000000020122	58.418711	0
002200010000	27.750776	0
014040024244	0.596167	2
001022002111	0.868598	0
002002020111	92.708550	0
020000110243	231.214630	0
020001020200	1.525725	0
020100320040	9.464558	0
220010122012	0.933283	2
000002100003	8.820981	0
020102320122	157.956477	0
222101	0.522307	1
020002010001	1.229157	0
200200010201	10.943993	0
100002020040	0.846821	0
014041124044	0.852959	3
211102222200	296.335690	0
010201120240	343.461493	0
042400440400	0.175921	1
002201000010	219.259328	0
000002210101	1.395936	0
002000001200	2.439329	0
002200202003	1.280511	0
000002000221	0.841022	0
011200020000	1.661307	0
020102110000	1.969642	0
332211333042	2794.861564	0
012000200000	1.698000	0
002202300100	0.559355	2
202200000000	0.847409	2
210001220000	0.891523	0
010120020200	0.908008	2
012002002003	0.833723	2
101210	0.679137	1
020200100043	1.196204	0
212202101203	0.960131	2
020100220000	3.694340	0
202000201020	0.581666	0
000102220102	0.910177	0
120010201020	0.962726	0
330202333000	0.897344	2
200010101000	1.746927	0
002010000020	159.654799	0
021012	6.224636	2
000000300220	2.859508	0
101020000000	0.929849	0
000200000010	38.354868	0
200000042003	0.346552	0
210000101002	80.467741	0
000200002102	8.988415	0
010000201020	39.610596	0
330020333020	0.128491	2
202033101333	0.449554	2
000102000240	0.429547	0
020001300102	1.386961	0
001020001012	1.055322	0
000021020200	0.910992	0
002002020120	150.403708	0
022122010211	1.353512	2
220020120000	0.862477	2
221120	102.496777	0
000021002002	98.244909	0
001000020040	1.118266	0
020200000001	7.022694	0
200212000201	1.817746	2
014253014345	636.025186	0
000000100022	4.560054	0
020200211000	0.670813	0
020002020100	11.177493	0
200010002012	0.840234	0
100100202000	0.801508	0
000002220000	5.963996	0
221020	66.107910	0
000021000020	2.443793	0
002001	7.823831	0
002000001011	26.670530	0
202002101010	0.920831	2
020102020202	1342.481364	0
212111	0.920500	1
021200012000	0.865122	2
000000122003	25.161214	0
120200210003	1.551301	0
000022000200	0.738578	0
202000201043	0.793365	0
100000000240	1.710961	0
022001000202	2.561109	2
004141024244	0.846121	2
000110020200	0.895062	0
100120002000	0.685893	3
000000220010	1.695467	0
111122	0.856665	1
101000102020	0.860136	3
040400442422	0.857209	0
020100200003	0.880476	0
221000110200	0.901844	0
220100102000	0.827043	0
120210010000	0.722568	3
020010000002	10.249830	0
102000040023	67.281615	0
200210000000	2.007146	2
200210300100	0.725951	2
001022041011	0.684785	3
110233220333	204.728254	3
200012020101	272.671914	0
040420440400	1.554634	1
022000100200	11.979385	0
000000302001	50.169268	0
200112040102	671.068999	0
004053204353	0.262394	3
200100221200	0.887799	0
120020100003	283.989159	0
102010000001	518.179986	0
332002353001	0.805014	2
000000021003	0.604936	0
222000101010	0.709973	2
202000121020	0.928402	0
201020000023	793.717799	0
121010	0.646861	2
102000201010	84.491559	0
210012000002	11.548681	0
022201010200	1.168186	2
012021	0.246652	3
000020320001	9.332621	0
000200200200	3.796306	0
201212000120	1.151474	2
210100220140	0.818016	3
330020333022	0.158438	2
100000020000	2.781189	0
100220000100	1.050289	2
220012	7.012473	2
002012300001	194.843295	0
020000000201	72.213472	0
102033	522.219166	0
142420442400	51.205079	1
002210020000	154.125753	0
002000200013	1.987597	0
000033212333	0.457203	3
210100000200	0.955136	0
010000100200	4.912096	0
120010000002	0.864778	0
000021040011	235.204890	0
040400441421	447.349795	0
221100100100	0.913876	3
002000041020	1.463990	0
020100020210	123.185631	0
201000040001	0.886808	0
022000010000	18.180231	0
220000111020	0.897599	0
010010	0.783171	0
102121000212	0.849863	3
020010300000	27.907765	0
010020001000	11.339196	0
022012000000	34.004132	0
200212300022	1.259763	2
140420440403	22.934555	1
001001040022	0.510374	0
024041004144	3.562792	1
140400440402	0.875339	0
010000000002	1.399537	0
002012040112	0.969709	0
001000002000	0.146065	0
332220333010	0.851972	2
020000020203	0.898943	0
002222000111	0.714775	1
001000020202	0.884502	0
000200002020	33.212717	0
010121120202	0.880659	2
120100200200	252.802833	0
000121010202	0.750253	3
020000120020	7.016098	0
200000200003	0.202372	0
200001000200	1.867663	0
100021002010	4.301714	0
002121012212	0.864291	2
021020001000	91.985252	0
002000102200	0.885439	0
201210002020	1.921511	2
142433442433	1575.059848	0
200000101001	12.455897	0
201020340010	0.972999	0
111000	0.678916	2
020110020202	1.194536	0
210002	42.031374	0
101021002002	471.788797	0
000020010000	17.989020	0
200210020020	0.900307	1
224253	0.989264	1
124140024244	400.378849	0
200010040001	0.703633	3
334240334244	2421.674575	1
122000220003	100.782672	0
100000000002	4.274675	0
000020000240	0.900853	0
001002002010	0.860968	0
002000042003	0.671331	0
000001002220	0.948000	0
020100020001	58.811128	0
000000000112	44.312141	0
000000300012	0.634636	0
221002	5.586913	2
210021000000	6.392324	0
000020	18.814381	0
010220010200	25.123258	0
020102020040	17.143139	0
201002020100	164.455377	0
201020041023	7.315201	0
000110020000	0.910631	0
012220	8.885225	2
021001000000	0.878056	3
100101200240	0.938853	3
220000102023	0.720839	0
122111	560.883842	0
002001201000	1.062098	0
210002000020	18.730160	0
002001010200	0.875338	3
012002100003	0.936010	2
020102020002	1415.517301	0
021200010000	0.712142	2
000020320100	180.624105	0
222000101000	0.283440	2
212212	44.537319	0
010202002100	1.590151	0
201000020003	0.939190	0
014053024353	0.612665	3
332002333220	3.022142	1
000102221000	7.226384	0
024041114044	6.038950	1
002021300212	0.824558	0
220033142333	0.415108	1
002010041002	0.887906	0
000021002202	1.358440	0
042412	4.548112	2
020221	63.241164	0
020000110020	1.895832	0
120000000020	39.128582	0
024040	6.652611	2
000000222001	0.916613	0
100220000001	1.224118	2
100000121000	0.921724	0
214042	0.932138	1
041400441423	0.948091	2
001122041021	0.853634	3
100120002010	0.936114	3
200100000140	0.517151	3
021000000000	0.473513	0
000220000111	23.676936	0
120020022003	17.516382	0
000120002112	0.923968	0
120100010140	576.904700	0
001000200100	0.906304	0
024140224144	1.926893	1
011221	228.586167	0
000010042021	0.880938	0
020102200000	2.917564	0
020000201003	1.025344	0
201020041021	28.985631	0
200000040003	0.210241	0
330020333220	0.540668	2
012020000010	0.861457	2
002210	95.739049	0
020110100000	1.765871	0
350400543422	0.766127	3
000001320000	82.750457	0
212202101003	0.892544	2
202201001000	1.307289	2
000100020240	1.053392	0
100000100200	10.923279	0
102010040021	1027.294474	0
020120340020	123.236523	0
330012333000	0.907642	3
014041024044	0.731869	3
332011	864.367088	3
021202	0.458078	1
000022002011	0.700696	0
000002200001	1.034086	0
002000201020	1.115401	0
201020002011	6.934260	0
012200000010	139.227917	0
112000212202	0.907326	3
222202	0.915891	1
221000100003	0.567312	3
120020000001	78.496865	0
001022000111	0.689926	0
100122200001	0.826046	3
200212000102	5.362604	2
000102300201	0.664740	0
002010001020	27.903927	0
000020020200	4.326354	0
000001220040	1.365863	0
020000110043	16.209567	0
330020	0.567608	2
222010101012	0.885519	2
000201010140	236.335597	0
111002	0.678987	1
210002101010	27.797552	0
334241	403.460646	0
330201333022	321.978278	3
210000220200	0.814819	0
000011200022	1.350699	0
242400	0.808120	1
000002300041	1.338545	0
002010202010	1.242374	0
000010222000	0.871405	0
201002020000	6.308199	0
020102020140	21.005947	0
210001000002	2.564666	0
102122000011	0.282724	3
041410542421	0.968725	1
000000000012	4.269049	0
000001201000	1.213520	0
100000300002	0.772362	0
000000000242	0.582645	0
000021200002	91.485118	0
000202010120	0.900571	0
100233202333	0.855740	3
202000011003	0.841285	0
002010040002	4.889108	0
021201010140	0.824207	3
002010001021	32.443150	0
201000222003	0.833576	0
020000000013	0.862173	0
022000221003	25.210424	0
021020120043	267.119053	0
212010001000	0.798262	0
200100000002	3.304361	0
020002010200	3.721421	0
020102010040	0.835248	0
200001300200	0.884946	0
000002000002	0.486948	0
000010020240	0.893054	0
200000120140	0.916746	0
100100000200	0.501670	0
000201210200	254.921724	0
330212	0.947126	3
332200333002	7.829334	0
010000202010	0.839257	0
120020220003	100.850323	0
000120000202	0.834013	0
000000220203	1.359196	0
024041004044	9.429451	1
220001	0.272522	2
022011000012	24.974211	2
010020000000	6.312133	0
122033102333	803.706541	0
024140214044	36.280964	1
120100020040	264.435829	0
000000320140	730.219297	0
022000010003	76.097847	0
000220000110	9.231255	0
124040204144	701.343710	0
010001020102	0.889034	0
124240014144	352.141681	1
002000041023	0.915485	0
040400440421	112.344860	0
000200010002	16.023267	0
002212000101	312.038532	0
001000222000	0.791283	0
210200100000	137.248181	0
001012041020	0.743930	3
002020201012	0.911117	0
021200010003	0.815195	2
332002333002	0.412446	1
000033020333	0.105976	3
102122000111	0.772800	3
350400	8.642431	0
200133000333	0.839736	1
020212	0.389699	2
022001000000	1.768469	2
100000020003	0.730881	0
001020020010	39.271442	0
200102000120	31.491826	0
012010220000	1.382898	0
020201210102	0.709344	0
331202	0.878128	1
100122002001	0.591689	3
000020020001	9.305057	0
000000220100	25.007803	0
222000001000	0.821930	2
122202011003	0.907253	2
024041014044	8.019694	1
000000021000	6.635897	0
350420353400	0.250981	1
021120020200	126.438557	0
000012200000	4.826862	0
000200000111	0.943254	0
202212010101	1.403275	2
200210001002	0.951123	2
220100102003	0.667222	3
330201333220	197.004717	3
020122000111	297.499966	0
332000333012	0.646018	3
012002001000	29.113721	2
212000201003	0.645139	0
200210300000	0.516629	2
120102020140	316.348172	0
210011	0.987731	3
102000040020	66.651709	0
102212	384.722873	0
010020002000	0.856356	0
002000121000	3.192556	0
210000221200	0.946330	0
210000220203	0.967205	0
000002000023	2.513801	0
021100020000	30.425896	0
350401353402	0.691094	3
001001002001	0.914754	0
201200000000	21.818924	0
221020121000	324.840836	0
024140104144	1.237037	1
142433442333	1332.134985	0
000002100200	1.560172	0
102000200020	22.061248	0
211002200000	38.481242	0
000000020202	0.510943	0
002121	0.392868	2
020000100010	0.935640	0
102000002200	297.100181	0
214240104044	0.927886	1
100002000101	1.974779	0
000012040000	0.535680	0
010200120140	5.836789	0
200200110020	52.570786	0
000102000201	1.906983	0
100000041020	2.095123	0
201000102010	0.962593	0
002010000022	95.407269	0
120122000001	116.510165	0
010000000203	48.735757	0
041420442421	192.728985	1
221201110202	0.736691	3
000002000101	1.507140	0
000002001001	0.950403	0
001020020020	74.375143	0
121120002023	526.638404	0
024053024345	1.327406	1
000010200001	0.883093	0
011000	1.653071	0
200102000201	3.164378	0
210100221100	0.805525	3
100010002022	0.896330	0
004142014044	0.920929	2
104240224044	4.543002	1
104240	10.411690	2
002102000211	0.870360	0
112222	0.578038	1
024040024045	0.777638	1
021000000100	8.114326	0
000220000011	28.610423	0
001002040000	0.298339	0
001001041012	0.684427	0
041400440423	0.978039	2
004140024144	0.249411	2
022000300002	0.938075	0
000002040110	4.653927	0
010033200333	0.574941	3
332002	7.588324	2
100000200140	0.909982	0
000012320000	13.869529	0
001101	0.808064	3
210200120040	41.242976	0
000120002000	0.820256	0
000001000021	1.173984	0
004142024144	0.881109	2
334240333044	0.686647	1
210200000003	52.512951	0
200212000121	13.874580	2
012202001100	0.757606	2
000201110200	98.998052	0
222121	0.735283	1
001012041121	0.955149	3
332021353002	0.778101	3
000000041002	2.304073	0
330212333022	0.786284	3
102010000000	250.605256	0
220220	0.736545	2
002021000212	0.739316	0
022010300012	55.158010	0
200000202200	1.303826	0
001100	2.255611	0
224041	0.907898	1
000202300120	0.876282	0
332002333012	7.520212	1
200102	54.527713	0
001010202021	0.846832	3
000222300101	0.334496	2
120233200333	0.651467	3
020000000023	43.471249	0
000020020100	118.323644	0
021100022000	1.246901	0
021021300000	694.728272	0
201020040013	0.961160	0
022100000200	203.799860	0
332000353002	0.832869	3
002010001012	1.141970	0
200210000001	10.648065	2
110000202020	0.896051	0
120102000100	515.433972	0
024040104044	1.019522	1
010222	0.330526	2
022211010010	0.905707	2
001001200000	0.744456	0
141420	4.574730	2
000200001100	2.052714	0
211002142003	1385.206543	0
022000122203	0.976755	0
222000121003	0.394600	2
002000201003	4.875135	0
040401440412	0.804139	3
120122000101	344.612419	0
000002010141	3.087993	0
042401440402	2.773976	1
200010000022	0.660660	0
221002110000	11.269956	2
121210212020	0.898855	1
024053004345	1.862128	1
000020041011	7.589918	0
002001000201	1.310616	0
024140124144	33.276580	1
001022040001	0.821851	0
122001	82.045371	0
020000101003	0.924730	0
101200002000	0.866730	2
010020000202	0.938276	0
110002220000	0.916739	2
010000042000	1.640280	0
000200000101	10.733527	0
000012040020	0.873457	0
010200100140	1.434394	0
202001201000	0.906215	2
000000021010	0.896408	0
120220110003	1.825040	2
122133	529.512208	0
000201000002	101.917002	0
022221010212	5.020367	2
112033222333	555.888799	3
222000101023	0.866697	2
142411	760.025659	0
120200010200	0.829049	0
212201101000	682.835114	0
000121000202	0.749474	0
020000120040	1.013424	0
020100000043	0.747621	0
000000120020	59.412672	0
020011	0.386795	2
202000020003	0.863394	0
332001333212	0.784390	3
000021040022	220.103944	0
040420440410	6.161683	1
002020040011	0.818804	0
000002010240	0.617934	0
330010353022	0.674322	3
021221110200	125.156469	0
004040214144	0.760074	0
100100000022	0.904489	0
100000020140	26.392368	0
000020012000	1.979847	0
001220002020	33.462741	0
020201110040	0.620188	0
001002040020	0.705953	0
140410442411	0.825947	3
022011000002	13.126758	2
220012110001	0.914331	2
020102000120	121.390687	0
220022	1.238878	2
330010333022	0.632374	3
330000333201	0.626289	3
021020	65.924966	0
000010022000	2.940423	0
022000021000	23.492359	0
002000221100	1.375375	0
000010000202	0.418602	0
000002020040	0.558429	0
330201333021	832.086020	3
022101020200	1.048855	2
220112	90.477823	0
010002210100	0.861371	0
000021300000	3.835496	0
002001020000	18.897075	0
020120010000	3.685675	0
020100210200	2.618835	0
120100000002	111.760160	0
200010300010	0.930361	0
020200010200	0.722527	0
200020002000	7.482778	0
020220010000	1.294717	2
010220002010	127.942015	0
010200210040	0.717494	0
121201	0.446886	3
200000002200	2.771408	0
332021353012	0.744728	3
020120020000	176.684779	0
210102120200	99.577426	0
002002340001	0.895907	0
210012100000	44.123379	0
212010001020	0.643201	0
021002200040	23.059754	2
200100020002	1.310506	0
211002042000	0.958780	0
020200212010	0.937484	0
120102210203	343.481689	0
120100000040	204.499001	0
220233110333	0.307280	1
332012333201	2320.427071	0
000200002003	25.525160	0
000002010040	0.431611	0
020021300002	140.916056	0
021000222000	0.869483	0
001000300202	0.819540	0
000000200203	14.312200	0
022101010200	1.213946	2
120000210040	487.211937	0
001200200000	1.188182	0
330220333202	8.042015	1
024040024044	3.395408	1
022102020000	111.808936	0
040400441422	1.052231	0
102010	254.644006	0
001001001200	0.957151	0
200000200040	0.751184	0
001000302010	0.987836	0
014240224044	37.370890	1
112022212011	0.851216	1
000200100200	11.476663	0
021201	0.263614	3
120220010000	7.542795	2
332021333012	0.435494	3
000122000221	0.737506	0
200121	5.273943	2
201010141020	0.767035	0
330020333021	0.840449	2
200010000003	0.849893	3
002002300210	3.733737	0
020000000202	1.571045	0
210210002000	4.608580	0
000033112333	0.853787	3
010220200003	84.629324	0
100210200000	0.773951	3
221002100000	0.816232	2
112002001000	39.325899	2
022220	0.769176	2
000202300121	0.885127	0
200200100020	60.149490	0
000000020120	176.138186	0
002211000100	145.583783	0
020000100000	0.984842	0
114142	0.918607	1
004241004245	498.015034	0
112021	0.412237	3
224241	0.925283	1
102033002333	2816.273071	3
024140114144	1.487157	1
210112020201	25.675982	0
332012333010	815.795732	0
014241004044	337.439575	0
000201000040	246.193171	0
200012340020	1.213713	0
012021000202	0.716352	3
202001041000	0.726288	2
001201020000	1.318486	0
332000	6.119306	0
002000041003	1.346854	0
021002110000	1.880502	2
102102000010	31.989293	0
200000141020	4.369154	0
220000110000	0.570662	0
040400542401	0.918541	0
200000111000	0.780233	0
011211	28.510836	3
020112000102	222.177385	0
041410441422	0.539490	1
014040004244	0.281462	2
001200002003	0.928640	0
100220020000	3.141686	2
222000111003	0.751070	2
102010102000	309.228645	0
102102	28.936547	0
200010040002	0.819583	0
002012020001	197.343176	0
001000020200	1.077436	0
000000102020	51.177321	0
020021010202	1.394399	0
331200333100	0.883810	2
200112000001	67.319460	0
200010000010	1.068417	0
200000000110	4.737430	0
000002200200	5.878718	0
014040104244	0.644123	2
100100200002	1.280831	0
001000000240	1.070581	0
002010041022	10.892218	0
010012022000	34.371416	0
001000120200	2.083836	0
120000000000	92.095664	0
002000140000	148.451520	0
002000141003	271.218340	0
200200101003	20.198292	0
000002020140	0.496370	0
000002320040	0.857249	0
000010300202	0.766101	0
000200000122	2.365698	0
330210353122	0.873203	3
200020100011	0.961590	0
212002221010	0.917851	2
102020041011	0.820302	0
242421	0.988263	1
010200000200	8.814332	0
330210333042	0.901192	3
020201000200	0.459179	0
212010	2.130761	0
004040024044	26.808820	0
102000100020	55.414815	0
200012000000	43.102313	0
112220202010	2.420145	2
000000200210	1.191113	0
221021	208.410645	0
001012001121	0.896597	3
000001040020	11.958543	0
242420	0.982200	1
040400440412	0.210375	0
000102300000	0.589883	0
020000120043	4.419207	0
201002001040	2051.552898	0
332021333210	0.814464	3
332002333200	0.854994	2
122012	328.774838	0
002211201212	0.880346	0
001000340002	0.823234	0
102122102011	0.785928	3
200000201000	0.827014	0
040400542412	0.897024	0
000002002010	67.038143	0
020102300102	0.978802	0
020102000002	42.051729	0
222000101020	0.675985	2
000021000112	11.967410	0
102000200003	46.924774	0
120220110000	3.399152	2
020001100140	0.869692	0
240433442433	0.374578	1
000012041020	0.909718	0
212002221000	3.711565	2
000000020010	7.113960	0
220102122203	1159.747495	0
002121000202	0.807858	2
000000302011	105.998068	0
024142014045	0.981918	1
010020210000	0.880143	0
012021002212	0.955655	3
220100100140	0.859355	3
210002102020	38.898731	0
002000100002	177.813169	0
004053204345	0.303274	3
010002221000	0.948612	3
010002220003	10.696827	0
200010001020	0.931784	0
104240204144	1.808356	1
000002010041	1.619048	0
200000002023	0.868938	0
200211	5.808464	2
002000201000	2.669369	0
010220110003	25.937242	0
011000202000	0.717324	0
020120020001	101.522750	0
330000333202	0.085759	3
221000120003	0.724949	3
120012010000	17.131901	0
002000001103	0.906797	0
010201100040	367.984166	0
002000000100	7.391976	0
000033242333	0.601760	3
004140004244	0.205169	2
211002142000	240.617150	0
332021333000	0.666692	3
112020212012	0.837250	2
000210000100	1.162563	0
002210000000	392.235463	0
222221	0.748285	1
000211212212	0.894183	3
120000100002	35.712173	0
350420353410	0.849715	1
020020110000	2.122945	0
002000002022	4.251643	0
020200110200	0.887617	0
220001100000	0.709515	2
330020333002	0.211783	2
201000000022	0.849772	0
202000000020	1.136950	0
010002020200	0.831683	0
330000333200	0.026235	3
201010102021	1.083637	3
000002040021	0.890426	0
000002020041	2.134319	0
002000041000	16.981075	0
012001000200	0.884489	3
220102112203	580.242352	0
000000302021	7.652688	0
202200011000	0.803554	2
202001040000	0.641262	2
012002001010	48.067472	2
021000102000	0.716414	0
020001110000	0.803266	0
004240014245	1.345985	1
000020112000	0.946524	0
101012002020	0.921823	2
212120	0.557267	1
002102001010	0.900465	0
200012000101	561.193520	0
330002333210	0.794515	2
212033221333	0.667807	3
211210	141.566311	0
020000100043	10.881496	0
122220010010	1.323265	2
020000020040	1.660745	0
022121112212	3.392305	1
141410	0.931217	1
000000020020	42.627401	0
000000320120	358.060179	0
000202000121	0.840770	0
222000121010	0.870630	2
330020353002	0.784309	2
202000120003	0.882698	0
002002000210	13.414541	0
020020002000	7.534630	0
100233010333	0.804519	3
200033141333	0.941139	2
200210020000	0.608689	1
330212333200	0.934324	3
120202	1.334925	2
221000122003	0.720302	3
001200000100	14.322481	0
010220212000	6.277350	0
241402	0.929782	1
201020040000	3.192244	0
200102001000	5.875881	0
024040024144	1.987639	1
042410441420	3.460955	1
120000210140	383.609008	0
210002142000	373.977123	0
200202000100	1.104509	2
100020202010	0.886331	0
001000022000	1.043082	0
100020000003	2.212601	0
330010333220	0.801565	3
102111	3.741185	3
210200	80.100585	0
001000000202	0.868313	0
010002201040	0.857383	3
001020042000	55.654864	0
000200000112	2.496996	0
000200002000	43.087380	0
022133	1.244974	2
202110	0.403100	3
100100200040	0.641326	0
021000010000	1.036926	0
140400	16.057582	0
201012302021	219.192998	0
021000	3.010323	0
002020201112	0.942180	0
221020100023	375.469244	0
120233010353	0.698134	3
020200010201	0.862631	0
221102	82.921310	0
002010041012	0.596431	0
000202010100	0.731578	0
000002320002	0.817671	0
002000020140	91.641950	0
000200320001	2.036078	0
000100020101	21.796839	0
122122001111	356.616981	0
104040214144	0.926668	3
202010201012	0.614989	0
042400441421	0.619417	1
000012300202	0.877045	0
000000020140	106.991485	0
022100020210	121.647928	0
201001202000	0.793689	0
000011220102	0.921636	3
000020000010	9.941013	0
004142004044	0.930495	2
010210020042	0.886101	0
021002020000	0.847190	1
120121	359.266457	0
200100001022	0.865828	0
010210	6.640458	0
210002010000	39.127433	0
021000222003	0.888298	3
120020200000	97.741738	0
000000200200	8.711592	0
142410440411	769.717415	0
020001001000	1.684999	0
200210020140	0.699474	1
020001000003	0.896447	3
022000011003	2.551874	0
102000020000	101.367437	0
210222	12.386274	2
022000000201	26.515083	0
120102210200	377.720520	0
102233	1112.400197	0
002010020000	59.391428	0
121001202000	0.906734	3
000000310002	0.811926	0
201120302012	590.974609	0
000233212333	1.172472	3
020102012200	123.007863	0
042410440410	0.800931	1
200033100353	0.585188	2
000100201000	11.983003	0
020001300200	6.613930	0
014240	22.446340	2
100000201010	0.882555	0
100120000202	0.915409	3
101020002012	0.765076	0
020100300102	0.987538	0
200000200043	0.559400	0
020201010200	0.486617	0
000022000000	0.492177	0
120010	3.589871	0
000220020101	18.205755	0
010233022333	517.511920	3
120010010000	1.172378	0
041421440402	1505.073236	0
100000040023	209.105454	0
200010000000	0.421274	0
020000300202	0.933355	0
200212020101	0.872866	1
200211010122	8.763036	2
020001300140	0.815239	0
021122020221	379.702098	0
352400353402	3.034577	0
022021300001	0.778999	2
201000340020	0.988071	0
200000112200	6.883286	0
000020041001	0.760840	0
000200300012	0.856391	0
022000	31.488243	0
200211300100	1.262520	2
000220010000	14.850325	0
021000022000	0.900093	0
120100000020	285.392277	0
224053	0.833917	1
000200112003	10.430239	0
000021000122	2.244243	0
014042004044	0.701315	1
002001200000	0.824458	0
000021300022	0.844378	0
334040334244	0.265168	2
000020001020	18.250731	0
200201000200	90.491312	0
202000201000	0.247016	0
202000200003	0.781108	0
000000102200	19.252422	0
000002020002	0.823103	0
212033101333	0.831700	3
004041214044	0.626878	3
010102020200	1.248749	0
212001221000	0.863292	3
020000221000	0.743159	0
020100320002	466.644664	0
210020000000	46.547957	0
024142304144	0.980440	1
200012300022	107.649612	0
000010000102	0.813187	0
221000142000	0.618312	0
010002200043	1.224009	0
000210200000	1.353898	0
330220333000	0.398080	2
020233010333	0.429226	2
001200002000	3.122810	0
000222000111	0.653082	2
201001041022	0.739708	0
102022040010	0.773922	2
000010200200	2.242215	0
210020100010	37.413745	0
010000020200	1.148800	0
041410440402	0.924487	1
210102020200	64.031349	0
112220212010	4.689749	2
000000020041	30.356951	0
010210000002	0.613162	0
101122202021	0.816368	3
120122102103	1264.162889	0
200122000111	1.323509	2
022033022333	15.817269	1
002200201000	19.238478	0
000010041002	0.814774	0
000021020022	9.410090	0
214040	0.734891	2
022221	15.047867	2
210100222203	0.984837	3
221020100010	2.077126	0
012111	0.963041	1
014142224044	0.938318	1
001002020020	0.941854	0
020101100200	1.173862	0
122221	16.260129	0
210010220000	0.883088	0
000020000101	5.917166	0
200120040020	2.280022	1
220000101000	0.408634	0
102210000100	546.927608	0
352410353420	1454.122423	0
220100100043	0.889521	3
000002020020	4.200726	0
020000100102	40.716028	0
020001000201	0.621954	3
002000120003	41.834475	0
000200222003	1.212372	0
020210	0.394788	2
100200000040	0.672071	0
000000222023	0.928412	0
020102020222	440.719047	0
112002220203	0.956196	2
000012340020	1.307773	0
002201010200	457.808071	0
212122	0.668747	1
200010300001	2.077635	3
040400540422	1.273230	0
020233	0.662458	2
000100200140	2.766024	0
020101120200	0.873872	0
201200000100	3.705250	0
204140	0.469878	1
010233120333	966.227383	3
201020302012	625.108211	0
211020202020	163.272857	0
111202	0.720610	1
002011	4.572442	0
000102001000	5.180381	0
020100000040	19.431070	0
001020041003	16.681819	0
000022300100	0.862357	0
000020140001	1.845799	0
214140224144	0.681644	1
100002010040	0.855588	0
240400	0.648344	2
000100002002	16.364386	0
000100020200	0.714165	0
000021041000	20.134096	0
110220202000	56.942572	2
021021000020	265.427847	0
211002141000	110.821570	0
000001320002	43.258361	0
014040224244	0.935907	2
101122	0.367315	3
102002221003	14.213716	0
202000201221	15.288173	0
002020340011	0.866799	0
010210020000	2.665890	0
002001000210	1.042825	0
200000340020	82.371932	0
110033	0.957347	3
142410440420	400.422548	0
021002	5.240565	2
020000000140	55.420362	0
220100100020	0.913254	0
002211000122	220.499027	0
000220300120	4.980167	0
330022333201	0.084686	1
000000320002	24.052082	0
000000020102	180.478903	0
102120222010	0.894507	3
220202	0.817636	1
000000302200	26.295717	0
204141	0.785800	1
012220000010	1.484405	2
001201200000	0.918143	0
010200	33.533074	0
332010353021	1242.566961	3
120120000100	440.514047	0
042400441411	2.796359	1
000222010111	0.940816	2
200120000010	1.196150	2
001022002121	0.887844	0
201021041000	344.738777	0
212002101003	1.089502	2
100202000100	0.704410	2
120120200003	389.823699	0
201000122000	3.198193	0
120101020200	65.694297	0
330200333002	0.200621	3
212233	1161.936081	0
104053214353	0.882051	3
200012000022	20.363710	0
020001100040	0.735544	0
110202211122	0.768883	2
222001	0.401501	1
012020000000	0.798860	2
000000300241	16.241637	0
004040204044	0.356833	0
000210300100	0.792088	0
000210200100	2.685698	0
120120102100	672.671060	0
100200112000	0.848769	0
202000001100	0.813152	0
000020300122	0.609328	0
021020000023	138.595545	0
202000201003	0.414421	0
102002002003	26.946248	0
221020101020	151.638645	0
332212333012	401.654051	0
020221110000	3.146890	0
000021000022	95.727874	0
202010041001	0.867283	3
000100020201	13.957876	0
000000002021	48.345341	0
040402440412	0.598756	2
001001020002	0.921416	0
000112000022	0.952288	0
020021000021	148.181198	0
000120300201	0.879478	3
000000102002	65.642783	0
142400442402	118.026665	0
201022002211	175.077391	0
000220010100	16.552509	0
101020002020	0.874343	0
000000020023	30.994349	0
010001200002	0.889581	0
212002001010	3.357541	2
221001110000	0.665444	3
201000040020	0.707457	0
000202100100	0.716299	0
000200000012	3.464115	0
222033141333	0.656063	1
200010040021	0.817782	3
200212010101	13.146163	2
010002200100	0.886932	0
002210000011	184.333380	0
120022	4.501416	2
001020020200	0.937534	0
000021001012	216.139403	0
200010340021	1.360240	3
020100200200	4.755445	0
010002001000	0.909168	3
212011	1.120751	3
000001020040	19.782574	0
041421441402	1412.660401	0
211002212000	65.514956	0
022000100020	11.128558	0
220000000043	0.817270	0
220000000003	0.567215	0
000022000100	0.837469	0
020221010202	53.124822	0
010000212000	0.849102	0
001020000100	15.400444	0
102110000020	89.377779	0
100120001200	0.915493	3
020102012203	44.775306	0
121201212200	0.761001	3
000212000101	0.784987	0
000000200010	1.616317	0
011022	0.371954	3
041401442422	0.755348	3
201120002012	152.897459	0
142412	724.349857	0
352400	151.954179	0
000200300112	0.911235	0
001020042003	0.974956	0
000200302000	80.037142	0
210020	31.084094	0
102000020003	62.461971	0
020001000000	0.511416	0
020000000200	3.004675	0
002122340101	0.892785	2
021002020100	0.735291	1
020000011000	46.337177	0
004142304044	0.946304	2
020000010003	1.311884	0
002000100020	22.206175	0
220020	1.687070	2
200033102333	0.733460	2
014240104044	0.454719	1
000012020222	1.281479	0
001002220000	1.326087	0
001010002021	0.670077	3
124040014144	416.462569	0
221020100020	176.566640	0
000012000202	1.199545	0
204040304044	0.673896	2
000202000141	0.911893	0
022033122333	35.379121	1
120120200000	221.468783	0
011200	5.102643	0
004240114044	1.149069	1
000000102023	36.831085	0
012010042020	0.837975	0
021021001100	353.656283	0
104040	15.284918	0
210000042000	0.851272	0
000000201023	450.746857	0
020201300200	0.701943	0
000000002200	10.205764	0
000020040002	0.830385	0
121001	0.806627	3
212033001333	0.246238	3
201010002021	0.856056	3
201002000010	20.757690	0
100200012003	3.282025	0
002000221003	1.485263	0
200110000240	0.854082	3
221201	0.253351	3
022110000000	14.062061	0
002000020202	12.992250	0
100000200020	6.697616	0
000121	3.894203	0
120000200040	472.589129	0
000001002200	1.988774	0
000010320002	8.057690	0
210200000040	0.845293	0
001020002022	3.059796	0
010002210040	0.871413	0
000010041021	0.886646	0
100120220000	0.863128	3
020112020002	458.512765	0
000021020001	11.603432	0
040400440423	43.361275	0
110220202003	1.640666	2
001000002023	0.986669	0
002210000022	267.320047	0
331012	0.987710	1
001102000000	1.329681	0
021020010020	403.691690	0
201200200000	27.319149	0
122210210100	289.986972	0
200000201003	0.853144	0
210201	298.456141	0
041412440420	0.924195	1
001020201000	23.000210	0
120233110333	1.265267	3
220010100012	0.931762	2
001000040002	1.848605	0
330000333222	0.381659	3
001020041000	47.122439	0
000102000000	4.811461	0
201220002010	52.108753	0
211002122000	73.419611	0
202000000002	0.890097	0
000000320010	1.322878	0
332010333221	720.190723	3
102220002012	1.248332	1
000220020010	2.686985	0
010002100000	0.670034	3
012002040003	0.386452	2
212002221003	0.787534	2
000210210000	0.898658	0
002021040002	0.765989	0
001000000220	0.854870	0
012222	0.552786	1
000200222000	0.887312	0
210201100200	508.888044	0
002021002212	0.917047	0
100000102002	10.483105	0
222220	0.921263	1
332000333201	28.000623	3
020001300201	1.740136	3
010001200040	0.799724	0
200033210333	0.736479	2
202102	8.466481	2
220000100000	0.105783	0
220000101003	0.461887	0
330021333002	0.726183	3
020002000001	19.807176	0
000220020100	19.070318	0
114140	0.924498	1
200000002020	1.896540	0
210002110000	73.189870	0
011002000000	0.909705	3
200201300101	11.483697	0
012002000002	0.858308	1
020001100002	0.929000	0
000201000021	100.508419	0
212200001000	124.049289	0
100020040020	0.882111	0
112033220333	110.992492	3
120033200353	0.889147	3
041400442403	0.590422	2
220211	0.457258	1
200102020100	10.984889	0
010000212200	0.940292	0
000200001003	4.266475	0
020012010101	89.370898	0
010220110000	56.723216	0
000002302201	1.214384	0
000122000021	0.659920	0
201120200020	112.932500	0
330002	0.740149	2
010233200333	511.794349	3
010000210102	0.910568	0
002020020012	1.980210	0
002012040020	7.081714	0
100120200000	0.774415	3
014240004144	1.746504	1
020001010200	0.812251	0
141420442420	0.887642	1
002000021010	2.846629	0
001020201010	1.367985	0
022110020000	63.234782	0
000001000002	0.517106	0
100002001000	0.924204	0
014142124044	0.855616	1
001020041020	16.531751	0
000102000020	2.252633	0
100021	36.027221	0
100122002003	0.962157	3
020120000010	90.187957	0
000201200200	173.586377	0
332211333202	802.177101	0
012022000011	0.855734	1
104040204044	0.929228	0
200210300122	1.301890	2
120120041003	2016.297468	0
020101200200	0.932499	0
020000201000	1.802619	0
000020002010	5.421162	0
210000042020	1.366222	0
100102000200	0.940054	0
100110	0.650276	0
201000222000	0.860031	0
212202101000	1.233065	2
000010040022	1.645219	0
204153	0.976841	1
100000000020	13.734392	0
122000000003	201.931606	0
210010000222	0.945346	0
120033220353	0.570940	3
000000102022	124.275334	0
124140204244	744.289824	0
010100220043	0.866278	3
002010340020	726.163208	0
221001110200	0.823284	3
221000100000	0.400574	0
010000300200	0.801459	0
000022302011	0.699158	0
012000202000	0.829234	0
110011	0.994101	3
000010200012	0.767633	0
020000002023	2.291606	0
004053124353	29.598627	3
100200020140	0.818395	0
002000002020	6.040640	0
002020010112	0.895288	0
010000220002	3.669980	0
020010000122	98.056853	0
010011	0.581396	3
200212300102	1.051698	2
212002000003	0.838259	2
100010040022	1.294722	0
221200110000	0.755623	2
200000140000	4.443752	0
220000101023	0.548434	0
200020120000	27.060004	0
022000001000	9.009098	0
000001220201	0.855073	0
100233200333	0.742595	3
020221300201	75.197636	0
112000212002	0.915334	3
020211	0.509693	2
200000021000	0.976099	0
000002300020	3.043094	0
000000100200	17.191241	0
000112000002	1.621778	0
020021000001	187.811609	0
332002333021	0.746054	1
024040304044	0.671971	1
202121	0.614161	1
332211333212	447.909223	0
000022010001	0.659874	0
201022001111	0.871307	0
012201000010	325.095491	0
010102120001	0.820976	3
000100110200	0.821996	0
350400353412	0.721840	3
020000110002	2.385902	0
330001333222	0.370853	3
021021100000	159.791899	0
002021040012	0.791185	0
330020333202	0.783952	2
102210	332.445171	0
201020000020	220.555672	0
002001041010	0.929092	0
010000221200	0.950378	0
100002112000	0.961137	0
100102000201	0.781950	0
022000000020	10.017391	0
022000211220	2.021166	0
200000101010	1.409621	0
330021	0.619425	3
022010000001	4.666174	0
000020102003	34.505980	0
332000333040	0.668670	3
000012200001	90.713212	0
102211	446.518295	0
204053204353	0.548118	2
210000000021	1.917201	0
201212300120	0.871078	2
002220000110	0.850917	2
330200333022	0.631162	3
241410442421	0.635483	1
202033041333	0.645827	2
004253104353	647.192414	0
010200110140	2.274515	0
200200102020	40.757393	0
200033200353	0.529649	2
000010040012	0.602752	0
221020101000	249.993019	0
020000220020	10.660228	0
104142004044	0.949841	3
200002000101	1.582949	0
120220	9.646155	2
102120000010	0.355570	3
022001001010	0.765544	2
002010040021	9.381093	0
001000002003	0.414895	0
002222300111	0.744049	1
000020002020	8.872603	0
002121110212	0.972312	2
100102	4.834917	0
002010300000	99.019385	0
200201010201	141.790955	0
000010200003	1.082423	0
021221210102	261.876441	0
024040114044	1.704817	1
000000012200	30.102424	0
210000000200	7.015836	0
111220	12.888800	2
120000212210	0.937299	0
000012020202	0.974399	0
004042024244	0.880046	2
021002300000	0.899708	2
000010102000	18.654401	0
024142	6.712796	2
000020320021	4.143741	0
000200000240	0.741415	0
020100002000	2.026752	0
001000042002	1.750621	0
112221	432.073841	0
200010340001	1.137847	3
210200210100	7.247152	0
010021000202	0.858437	0
142420442411	53.777747	1
332200	34.897209	0
000100022140	0.941537	0
000201000102	1.651904	0
012201000002	280.711291	0
210200010040	0.719351	0
112202001000	0.891416	2
020100021000	159.366214	0
212202211100	4.939518	2
022020	4.063581	2
102012000000	292.223307	0
000002300121	1.836748	0
010000010200	0.919479	0
201100	40.441578	0
002000021020	0.907145	0
200000000043	0.232089	0
024041	12.615779	2
020202210100	0.879597	2
022000100000	14.212820	0
221222	0.728206	1
020021300221	100.516682	0
001000200022	0.930028	0
201200000003	0.605192	0
000002000020	2.240455	0
200033002333	0.076463	2
200000021003	2.597160	0
120012	19.468733	0
200200201000	54.772965	0
350401	65.032635	0
221200111000	0.833328	2
002002002010	8.402321	0
221200110003	0.764159	2
012202000203	0.946439	2
022000001003	20.849291	0
120200211000	0.847550	3
124040014044	1065.613817	0
100222000101	0.835457	1
020100102000	2.347767	0
212002000000	13.705738	2
001002110000	0.942222	3
000012340000	1.545704	0
210002001000	150.957161	0
010020220000	12.858905	0
240410542410	0.842046	1
010001020240	0.862912	0
010200200020	35.332703	0
141420442412	6.457044	1
004240214044	1.259592	1
000000320202	1.934317	0
000012002001	4.061218	0
200102040111	956.104031	0
011012	0.660196	3
212010041000	0.953225	0
212202010203	0.836009	2
020001110140	0.875342	0
010000000200	4.693309	0
102220002000	1.188739	2
002000020201	97.799769	0
002000340010	43.948945	0
200102300201	0.894360	0
002010040020	16.601397	0
010100220040	0.641812	0
000021020002	39.413398	0
202000201010	0.849430	0
040412440402	0.750905	2
100033020353	0.771878	3
001020002021	4.558116	0
000221000000	292.044886	0
000002022100	4.533173	0
110002	0.350599	2
220033122333	0.178009	1
100020222000	2.006882	0
001002340000	0.833325	3
222233	0.938102	1
020122340121	560.934239	0
200033110333	0.784681	2
000000210200	32.171397	0
100122042003	0.977409	3
200102000102	79.016079	0
000011220112	0.887206	3
352400543402	4.584019	0
210020001000	80.096714	0
200210300022	0.924780	2
200210000122	3.929294	2
000021010102	0.945332	0
200000000210	2.491350	0
200212300121	1.074978	2
001002002000	0.927771	0
210000000020	8.628135	0
040421440400	120.894094	0
001002020202	0.913276	0
002002020200	56.025799	0
211000000010	747.065909	0
020102120000	44.244407	0
000202000120	0.897281	0
121120002020	729.760297	0
010220210000	75.839605	0
000010042002	1.627486	0
010233100333	4026.240245	3
120000212203	0.880744	0
001200100000	9.537838	0
000002001010	1.182683	0
100000200003	0.535859	0
200002002000	0.903339	0
020100010002	0.857661	0
200010	2.022832	0
332002333020	2.731089	1
014240004044	0.290027	1
100000002012	25.807598	0
002000020010	29.605417	0
001000002010	0.344370	0
021021000000	412.232948	0
211000	67.754011	0
002000002012	3.796159	0
200000220043	0.880193	0
020100020002	275.347642	0
020201010220	1.295324	0
200000000040	0.272282	0
102000042010	316.802757	0
101101	0.960313	3
120020122000	126.918326	0
010122020201	0.836100	2
021002000020	0.887944	2
330002353021	0.909099	2
002011040002	0.919528	0
002000201010	1.735372	0
210200010140	0.963807	0
000200020020	20.498221	0
200000120003	2.606558	0
200000121000	1.026931	0
001002000040	0.614828	0
100010002000	0.951985	0
000100000242	0.767180	0
240411	0.827793	1
210033222333	0.477149	3
000202000110	0.588218	0
120000212200	1.930731	0
330200333001	4.266620	3
000000300242	0.634239	0
000120002110	0.940999	0
124140	549.771674	0
002012001112	1.889986	0
200212000101	24.361539	2
004142024044	0.866478	2
102002042000	13.582904	0
200120000000	0.694339	2
350401353420	103.755013	3
122112	187.228045	0
002120000000	0.847677	2
330200333200	0.739548	3
204040024044	0.910179	2
002002010200	26.823768	0
020000212200	0.895943	0
002210000100	459.180020	0
220221	6.956360	2
100000000021	40.305439	0
122000100003	241.686831	0
020010000003	0.883697	0
022001000012	4.153293	2
224040	0.808663	1
100200010102	0.948861	0
330002333021	0.861314	2
021000202003	0.913579	3
000000002022	6.325605	0
112212	256.995633	0
020220110000	1.251749	2
000000202002	2.801978	0
002010340021	118.268932	0
201021000012	80.222136	0
212001201000	0.778464	3
002120	0.381881	2
122020102010	82.140429	0
352410543420	2985.260450	0
020000010201	177.402387	0
221101100240	0.833177	3
002202010100	1.437632	2
001020002011	1.422505	0
000000022201	3.617809	0
330022353000	0.773130	1
020122300101	0.982114	0
200000220020	1.172878	0
120122000111	602.507612	0
022001300000	0.595703	2
100111	0.935986	3
212200	114.134011	0
002200211000	1.931181	0
000202010140	0.681365	0
002200002000	30.989275	0
101010002022	0.850249	2
020133	0.810396	2
020012000001	18.720392	0
010022000001	0.745460	2
004241	207.901086	0
000010000122	1.281577	0
002000200020	1.713708	0
000002001111	0.912896	0
200100000021	1.310588	3
020020100010	1.239158	0
120200210140	0.666853	0
022201010002	1.369923	2
021020110000	180.020604	0
220133	0.729144	1
000002210001	3.060173	0
100220202010	1.984224	2
000212000102	0.599538	0
010220000021	7.274664	0
200200020200	7.278625	0
020101110200	0.905455	0
002012001020	63.939402	0
122202	10.077602	2
200010020020	0.945304	0
010001000202	0.772127	0
210202	30.022867	0
010000200043	0.671179	0
202000211000	0.825926	0
020001000040	0.195961	0
022010000020	19.084115	0
000000042003	7.752853	0
021121210200	298.202677	0
020100210040	1.118995	0
112002221203	0.966431	2
041421440420	437.616133	0
000001200140	1.345652	0
102000000002	227.106842	0
002000300012	12.458056	0
000200211000	1.103263	0
120120002100	501.319791	0
331212	0.978737	1
000002340020	0.803657	0
122020211112	210.233402	0
021000200010	0.965544	3
220133102333	0.840643	1
000100020102	0.865594	0
021000000140	0.879715	0
220000100020	0.615304	0
100000002020	1.925454	0
020200	8.989504	0
100000200200	1.947825	0
100020012000	1.383748	3
002010200000	19.957067	0
000020300221	1.879491	0
000020002210	0.829499	0
012200201000	452.910710	0
200102020200	76.984489	0
022010300000	4.212561	0
000201300040	23.243850	0
001001001012	0.860240	0
120020020000	175.667405	0
021000002003	0.775275	3
100200010100	1.788429	0
220200111000	0.638285	2
020233000333	0.915741	2
022033010333	1.121598	2
330001333020	0.572698	3
021002200000	0.889740	2
202100001000	0.750581	2
004142	0.589981	2
212010201020	0.849357	0
201021042000	151.315734	0
002002300002	26.125832	0
212002100203	0.979999	2
110000212020	0.927063	3
200100001000	0.751438	0
001002300000	0.841889	3
210002122003	29.765281	0
002111	0.705364	2
120120002000	421.579810	0
000200340000	4.402414	0
022100021000	24.547896	0
204040	0.804154	2
122233110333	930.252256	0
100200020000	0.891264	0
212022	0.606007	1
001001000022	0.478767	0
000000042011	2.189375	0
022001300002	0.810135	2
330220333022	0.885279	1
200033201333	0.726419	2
221000102000	0.455838	0
021200210000	0.792314	2
201000302021	93.691623	0
000210020000	0.610697	0
022033221333	13.221651	1
200010340020	0.481403	0
012120	0.516575	1
100000040021	39.724871	0
004241024044	289.430984	0
330001	0.675024	3
220000112203	0.585026	0
000102010141	20.727801	0
020101000201	0.855257	3
100212000100	0.599232	3
010200100200	1.914121	0
112202201100	0.867465	2
214141	0.976821	1
002022020111	0.855771	2
000000020142	74.188843	0
002220000010	0.999831	2
000200100120	4.273131	0
102000040011	73.077044	0
120033222333	0.389735	3
020100000201	83.543949	0
014042	0.506121	1
202101	0.505441	1
012011	0.458597	3
024140204044	10.021627	1
001021020022	11.587055	0
020000100200	1.033373	0
100010041022	0.811453	0
000022010101	0.806585	0
210200110200	26.560238	0
352420543411	0.889356	1
212001001020	0.883959	3
112002221003	1.117286	2
102012200001	388.507654	0
010100020200	0.555376	0
002021041010	0.589571	0
330102333200	0.878690	2
012221	252.451133	0
042400441423	4.457023	1
000000120040	158.951169	0
022001010200	2.098188	2
220010000000	0.804883	2
002102300201	0.977125	0
330222333101	0.329514	1
000010300022	0.774445	0
200012000102	15.693574	0
210000200043	0.839647	0
000220020200	12.393565	0
220000142000	0.364380	0
224153	0.991093	1
000010001020	2.303296	0
221100110100	0.878024	3
100010002002	0.981641	0
000000002023	38.272949	0
201001100000	2.225702	0
332211333012	1769.686703	0
002002201000	0.879421	0
200200300002	5.418028	0
002102300002	0.853943	0
001000102200	6.056522	0
001012002020	0.894545	0
100122042021	0.886669	3
241400442400	0.360903	2
022000000002	16.676559	0
101122042011	0.885889	3
102002201000	58.409324	0
001220202112	1.609072	0
121010202020	0.894177	2
020010010000	42.238985	0
210102020140	0.957143	0
330001353022	0.664239	3
002012040001	2.715047	0
020000022000	0.646261	0
004241014245	358.985161	0
040412440400	0.927459	2
000000220240	3.424630	0
042410441421	12.163946	1
332000353011	0.893580	3
000010041020	10.114585	0
002102010200	114.145213	0
102000000023	6.440344	0
001002340020	0.902457	3
022033210333	1.024906	1
332211	2988.584798	0
022100120000	24.667673	0
102000012000	18.316671	0
200222	0.687153	2
000102002211	8.729097	0
020100100140	5.248314	0
000022302221	1.221388	0
000000002040	0.304407	0
352400543400	51.451749	0
200010100001	0.951834	3
012002022010	0.899521	2
222000111203	0.847757	2
210201000200	503.323391	0
120102211200	372.362254	0
000000200102	18.790895	0
011021	52.887373	0
000020201003	3.668998	0
000020200000	18.800801	0
214242	0.998318	1
102120002010	0.624273	3
000000000102	5.086310	0
000122340021	0.822487	3
200020000000	7.442091	0
022000201003	34.791857	0
000002340010	0.854696	0
020100210002	3.907860	0
102002001003	54.904611	0
102000041012	108.827728	0
000200300222	1.747091	0
000021340000	25.486107	0
022010	41.038849	0
020100300200	0.959682	0
000001010200	0.743576	0
020221010022	40.651579	0
001020102023	207.389479	0
000100200200	1.550190	0
000200210020	2.895638	0
012220110010	0.951605	2
000200000040	2.314497	0
352400353410	14.152025	0
120021	96.474535	0
102233000333	2715.145555	0
010220010000	42.023756	0
010021000002	1.564957	0
104140214144	0.618323	3
000100020140	0.802707	0
001000040023	0.952591	0
021122000121	198.048135	0
124240	49.871530	2
210212	41.055713	0
024240	0.743555	2
000200220100	3.097743	0
022210010010	1.340368	2
221201100200	0.926663	3
001000001020	0.911627	0
001010002023	0.942029	3
124040114044	380.483416	0
122033220333	411.224222	0
000200100040	11.264471	0
002001041012	1.364637	0
221100120000	0.585060	0
000000120140	334.227226	0
042400441420	1.221001	1
024241014044	11.230882	1
221211	0.685229	1
200000020200	1.175187	0
330002333000	0.037745	2
120010010202	0.882823	0
000002020222	0.889685	0
002102300200	4.145086	0
012202000003	0.923006	2
012202001000	0.852521	2
101012042122	0.978475	2
000033210333	0.533187	3
040421442410	478.533312	0
330001333220	0.692487	3
000100200201	8.676777	0
012221001010	552.723890	0
014240114044	1.189662	1
200102300001	0.895509	0
000122300101	0.782649	3
330002353000	0.257427	2
010100220240	0.890579	0
040411	0.854728	2
200102010201	1.872240	0
002000020001	126.755808	0
002220300010	0.853668	2
002022320111	0.907965	2
102020102010	0.766625	3
001200	7.252921	0
020002100000	4.017849	0
041421441400	885.106587	0
120000202020	1.297251	0
000101200201	0.916732	3
124240204144	52.489190	1
020000112100	2.031847	0
024241	65.049951	2
002100000010	2.665941	0
010233010333	815.424094	3
121120000020	754.813752	0
002012000101	652.481258	0
102002040000	0.850782	0
012000221003	1.079431	0
000210320000	0.836229	0
010000002200	3.269413	0
022212	15.740978	2
000010200020	0.950250	0
112200212000	32.947558	0
120220000003	0.869016	2
330002333002	0.183543	2
330200333020	0.975966	3
200012000221	73.234731	0
020000010210	4.562161	0
210233100333	2091.908412	0
001002000000	0.312820	0
210002111000	523.693421	0
002002000002	52.587374	0
024142024044	2.690469	1
002002300102	93.938530	0
002002002001	18.269425	0
000001000042	0.851768	0
332000333002	0.388703	3
210033	1.476454	3
000100300202	0.623873	0
100020220000	5.951478	0
010202000040	0.805957	0
210000210040	0.832328	0
220201	0.405284	2
022010000000	26.554464	0
200010000240	267.435068	0
022000010210	58.330273	0
201010102020	0.749285	0
210100120200	0.934632	0
002000300112	2.382296	0
002000000012	8.536246	0
121101	38.192833	3
352410543401	1716.262746	0
000121000002	5.097919	0
022010001020	23.992300	0
041401	0.728093	3
020001000140	0.548578	0
100020040003	0.800085	0
104140224044	0.371887	3
000001200040	1.027731	0
010000110200	0.890663	0
211202	113.558711	0
332010333201	1342.105049	3
022012000010	14.571731	0
000021302012	1.167124	0
002100000201	46.644931	0
100010102002	0.921885	0
010000200040	0.469752	0
000100020040	2.888887	0
001000041023	0.971955	0
100000010240	6.328740	0
000112000202	1.527283	0
000010002021	1.581025	0
041421441410	939.691119	0
210033220333	0.683666	3
201000220000	0.873788	0
002000041002	1.340426	0
332010333022	2290.799733	3
010002202000	0.854001	0
004042304044	0.661051	2
000200001040	22.361929	0
000200000043	219.583884	0
000201010040	320.749525	0
014240204144	3.050812	1
200210000101	5.252740	2
211020	203.539170	0
001020002000	22.740931	0
002020020010	32.828118	0
000033200353	0.214847	3
000010001012	0.829740	0
020102210200	1181.633451	0
000001340002	0.798168	0
001000200010	0.856687	0
220010	0.387886	2
012120020212	0.953837	1
000200000222	0.853788	0
001002041010	0.704666	3
000200300100	2.176925	0
000001120200	0.932087	0
022011300212	3.354706	2
020000001000	7.166933	0
222011	0.414861	1
100020210000	0.886254	3
020002000003	0.810230	0
210002212000	59.314505	0
332202	8.935635	2
330210333002	0.563066	3
352410353421	1436.669882	0
000000200002	6.164577	0
200210102000	0.915345	2
330002333221	0.913331	2
000020201000	97.928743	0
000000222200	0.858623	0
010102120043	0.937452	3
040402441412	0.761393	2
001120020200	2.053460	0
222000111200	0.765874	2
100101000202	0.906402	3
020012200000	1.930578	0
220121	3.510729	2
010100120102	0.848651	3
000000302040	0.675052	0
210000001000	57.699754	0
210002121000	121.777789	0
020011002112	0.877296	2
020101120201	0.919589	3
020210210000	0.856751	2
022001300200	5.443235	2
332010333020	1825.666038	3
001200020000	2.909114	0
004241014144	807.284554	0
001002000101	1.345369	0
110000220000	0.879300	0
210002022003	32.134787	0
220010102000	0.816724	2
014240124044	11.934448	1
000020300220	0.727105	0
210200100140	3.971924	0
020202010102	0.878852	2
022010300001	9.824159	0
001020222023	63.746376	0
220200110010	0.834026	2
102002201003	141.684756	0
002020340010	1.158443	0
202000201220	10.744451	0
022020000000	1.207565	2
014241124044	965.476324	0
000000000121	5.874623	0
200211010212	20.072832	2
100212	0.298499	3
010001020040	0.740711	0
000020141000	184.807197	0
124053	132.961004	0
120033020333	0.812383	3
002002200000	9.425044	0
140433442333	0.793494	3
100000102020	1.065602	0
200020020000	4.167372	0
330022333200	0.690719	1
120233212333	0.689559	3
220000142003	0.437112	0
002010021000	11.944299	0
002000202020	0.705354	0
020211212212	0.867332	2
221100110000	1.274463	0
000010000022	4.261845	0
002102000201	42.154435	0
120212210100	0.858027	3
021201012000	0.791376	3
200212300100	3.232202	2
122100120003	629.185973	0
012033220333	0.882708	3
352410353401	2765.988180	0
220222	0.905688	1
330212333140	0.738846	3
122020100013	249.774173	0
000120300022	0.749783	3
120020202000	68.401844	0
142410442411	980.690871	0
002000021003	17.301557	0
200000340000	19.316048	0
010200202000	160.125586	0
112211	755.227066	0
000220100000	20.330061	0
120102212200	480.234302	0
020000021000	0.996770	0
021220	10.156000	2
002021300000	1.549928	0
202010001012	0.489144	0
010000210201	0.907405	0
100122000003	0.972182	3
104040024044	50.408074	0
022100020010	184.812151	0
021100002000	0.874408	0
000000210040	4.321128	0
222000111220	0.925712	2
024253114353	0.819505	1
200010002000	0.514454	0
000101000222	0.828700	0
020000300002	1.018419	0
140411	0.958927	3
022010000202	54.310134	0
240400441420	0.919507	2
110220	6.800628	2
002202000120	0.821939	1
020100000100	20.786758	0
330201333002	468.450567	3
224140	0.747553	1
120000010200	224.894053	0
041410442423	0.853791	1
020001302200	1.873624	0
220000120243	0.968551	0
010200020041	20.187505	0
201101	0.662623	3
042410441422	160.506992	1
020112020000	215.922417	0
021001000020	0.886590	3
000233210353	0.930633	3
020100020200	52.943360	0
004040114245	0.892008	0
220033022333	0.859325	1
000000100102	9.350408	0
002020041011	4.727336	0
020022000101	1.204587	2
000002100043	1.260010	0
142410440401	899.696225	0
334042333044	0.660564	1
102221	74.119928	0
000220300101	20.034161	0
021201010202	0.853077	3
010000220020	2.095170	0
020033001333	0.341377	2
010220000001	26.562481	0
000102100200	83.167039	0
000012020001	8.814484	0
011102	0.985807	3
002000222020	0.913769	0
120133	0.896161	3
102200200000	170.032942	0
100200200140	0.834222	0
020021300011	267.435884	0
002220002010	0.923040	2
122010100000	766.972057	0
220100020000	1.140101	0
211001	30.328909	0
112002201010	24.141308	2
022021300010	0.849371	2
201120000020	82.607985	0
200210010240	2.656679	2
022033002333	5.716868	1
010233000333	575.651654	3
104240214044	0.927786	1
220033100353	0.408171	1
202000201200	2.705801	0
010033202333	0.666899	3
000100100200	1.850582	0
200102110200	172.466146	0
010012002000	9.647179	0
020100320202	345.177708	0
210210000022	22.870998	0
101000102022	0.924669	3
331200	0.897981	2
001012302022	0.988208	3
000122020001	0.905179	0
041400540402	0.846749	2
020221010000	77.408790	0
100020002001	0.818235	0
042400540400	0.377365	2
200033020353	0.864663	2
000002021000	2.245257	0
000002020003	1.068672	0
011011	0.975608	3
014240004244	17.065628	1
202000111000	0.759277	0
022001300210	1.471324	2
001021041020	707.827031	0
000210300102	1.106740	0
001020040011	42.515143	0
000210300000	9.320368	0
200000041023	0.664913	0
020200210210	0.951378	0
021002100000	1.467592	2
021020300001	0.811663	0
100010200000	0.756367	0
221100100000	0.910740	0
201020220020	215.739596	0
004240004144	1.155540	1
352401	142.308729	0
004240304044	0.676201	1
002210000101	199.842044	0
002010100000	99.356966	0
110021	0.886649	3
000220000202	12.532389	0
100033002333	0.337303	3
210211000022	20.530087	0
002000000240	1.208425	0
214240014244	0.974637	1
042400440421	1.177292	1
204053	0.686769	2
104240004045	1.968886	2
330000	0.633865	0
100100000020	0.880257	0
100002000200	0.802344	0
102033040333	2527.132751	3
122020002010	36.164186	0
001000201003	0.795396	0
001000200000	1.458206	0
200010020240	29.946560	0
042410441412	2.014165	1
202211000122	2.142681	2
012000002020	1.082747	0
000000020141	20.497459	0
040410440422	0.789421	2
022001300001	0.847054	2
022033120333	0.545326	2
122233210333	423.909187	0
000102001200	86.473685	0
201000302000	88.488256	0
012221002010	564.027957	0
120020010000	335.798523	0
000202110140	0.824076	0
021001	0.701063	3
000212300122	1.697655	0
021200110000	0.890163	2
104140204044	0.664010	3
330020333001	0.320304	2
112233001333	4135.733513	0
200001000012	3.024330	0
000002300210	0.853115	0
001002020000	0.711107	0
020020010000	6.189371	0
012220002010	0.899416	2
200210300220	1.553241	2
040421441412	1516.462208	0
000222012111	0.932948	2
001022000121	0.809710	0
000000220040	6.611565	0
220100120003	0.792663	3
100011	0.800715	3
010202020040	0.810528	0
330200333040	0.484507	3
101000002220	0.907504	0
010220000020	14.584667	0
100020102011	0.964456	3
000000300200	3.453226	0
000020002002	1.241834	0
330022333011	0.491234	1
001000222003	0.845154	0
100020200000	1.744643	0
000020020220	0.902446	0
021020002023	272.103800	0
000122010101	0.827219	3
042410441401	0.784096	1
200210000102	2.635718	2
020000220200	1.222142	0
020001110200	0.824489	0
000000040220	5.315810	0
201002002111	376.233940	0
102002201020	11.480384	0
022100211222	3.356959	0
202010001020	0.593429	0
014142024044	0.857496	1
330200333202	0.721153	3
330022	0.504846	1
010000202002	0.884773	0
000102000021	7.558234	0
020100120140	8.674623	0
000022302201	0.866583	0
000010002022	1.532840	0
202212011112	1.774608	2
001111	0.960599	1
002200000100	25.821544	0
102033041333	3052.550660	3
201000302001	47.623605	0
101020000020	1.202101	0
020021000011	235.095061	0
000210010102	0.923869	0
100200200040	0.718942	0
002201000102	182.624753	0
220010000020	0.890957	2
000100220010	0.921418	0
000200020010	0.955741	0
000010320022	0.836718	0
004240014144	1.195461	1
041400441412	0.644457	2
020022000001	0.754963	2
202122	0.592787	1
120000220200	55.699712	0
352410353422	973.421151	0
000000100002	18.438056	0
201022002011	96.755145	0
211000222000	1.300429	0
330002333222	0.438825	2
200001040000	0.465146	0
202033211333	0.838910	2
001020002023	103.382470	0
041400440422	0.620191	2
120120220000	59.899812	0
042400440420	0.530765	1
000100220200	0.731346	0
142420542411	21.688503	1
024042	0.844392	2
020001002200	0.893183	0
011200000000	6.611336	0
000110220002	0.942318	0
221221	141.049732	0
142420440411	59.354563	1
124041	191.483875	0
212221	339.481996	0
221120121020	214.756927	0
000001210140	3.698163	0
201020302010	257.951521	0
000120002212	0.954170	0
240400440420	0.846293	2
020020300000	1.161631	0
201120002112	68.405812	0
021102000000	71.337426	0
100002210040	0.858606	0
040421	179.182449	0
012220200010	0.945087	2
040421440422	553.748981	0
200110020000	0.891155	3
020000010040	1.373003	0
042410442401	1.763152	1
210000220020	1.229422	0
024240114044	0.791034	1
000020320201	49.128092	0
200200000110	8.980974	0
000000210140	1.301511	0
000020002110	7.826336	0
000200020201	18.203450	0
000020302010	2.197734	0
352400543420	34.075712	0
120100200000	186.696996	0
221020102020	278.131204	0
142410	1165.775643	0
000000221000	4.309053	0
020101320200	1.395219	0
000002000040	0.120148	0
101000002022	0.795199	0
022000001001	8.418395	0
122020100010	219.013782	0
100101	0.392776	3
020001000200	0.784522	0
012212	37.633054	0
000100300020	0.778928	0
020100300040	0.962548	0
000011002212	0.743746	3
000000000200	1.854457	0
020021000000	73.543395	0
021000022003	0.904163	3
101000002012	0.903085	3
000000200220	0.883298	0
001021041012	1043.152080	0
002033041333	0.318351	3
010200000022	3.180030	0
012200221000	248.592397	0
202010041000	0.641789	0
332000333210	0.752275	3
010102120000	0.834911	3
011002	0.349535	3
040421440412	1306.724325	0
200210000220	1.752943	2
010221000000	295.676558	0
220100120000	0.955593	0
000000220140	17.660872	0
201020100020	159.456852	0
204040204044	0.724530	2
221000	1.333441	0
211002102003	11281.779899	0
020000010002	6.861705	0
352400543410	50.569090	0
101020040000	0.934308	0
212000221000	0.683957	0
200000012000	0.743811	0
210200010200	1.903584	0
020000300200	1.756710	0
041421440400	149.018176	0
201000002000	20.434302	0
200010020000	0.748516	0
120002	30.393140	0
104141	0.884348	3
004253004353	58.707432	0
000022020021	0.705993	0
042410440412	0.551237	1
200120200000	0.899727	2
020200010140	1.730969	0
040400442423	23.822996	0
102020202010	0.739602	0
200002001000	1.274074	0
100002300200	0.903933	0
100020200010	0.915795	0
014040024144	1.222107	2
000100300002	0.566388	0
000100000102	0.693278	0
000233100333	3.284891	3
002002000110	9.688982	0
004240004245	14.463135	1
200012320001	0.950364	0
010100220140	0.500891	3
120200210200	0.846034	0
001000102003	0.887647	0
012201000200	163.153929	0
000220210000	13.459393	0
220000100200	0.807040	0
330021333202	0.568477	3
200200010102	1.315579	0
004040014245	0.732888	0
000000002211	1.820933	0
120020220000	97.115701	0
330002333212	0.658579	2
120020112000	243.400995	0
000220300202	20.118368	0
010200010020	4.566179	0
010100000200	0.933485	0
211010	52.467052	0
042400441403	2.524007	1
020211210122	0.895229	2
200012000112	14.074562	0
010001000102	0.857909	0
210002000200	1.575934	0
112002201003	1.116866	2
210010	8.494199	0
012000000000	1.052180	0
020100110140	6.243190	0
200010340000	0.561781	0
142400440400	214.178477	0
221001300001	0.944038	3
200212010120	1.361457	2
200000100203	18.236785	0
120100220040	188.119371	0
020000110200	10.452886	0
010000000102	0.814057	0
201120202020	108.615464	0
024253014353	0.789145	1
332000333200	0.681595	3
000122020101	0.898006	0
331000333202	0.895842	2
020221010100	98.697314	0
200000000020	1.899354	0
104153	0.980670	3
100210000042	0.860182	3
121012	4.769156	2
101020102020	0.906791	3
102002201010	41.324143	0
332211353002	664.806363	0
210210000122	11.761053	0
220000120043	0.572384	0
330201333020	65.086566	3
020100100040	7.570657	0
202200201000	0.778060	1
212202100203	0.964793	2
220020110000	0.856790	2
221220112020	37.827278	2
101002102000	0.897209	2
201111	0.966951	1
041410542420	0.983205	1
000000100012	15.713385	0
200010002022	0.905747	0
021221000200	429.787306	0
204240	0.834570	2
212233101333	1774.169020	0
004241214044	269.805512	0
210210000000	37.543724	0
100220012000	8.502957	2
002210200000	149.340819	0
120020101003	29.084790	0
000121110202	0.967631	3
012000201000	0.478360	0
012220001000	3.637190	2
000022000111	1.027994	0
330020333000	0.054992	2
210012000020	20.889320	0
002200300012	1.708435	0
100210000102	0.919193	3
020020000001	3.461933	0
221200	0.359853	2
220100110040	0.783921	0
200020002011	2.884839	0
041401441402	0.838315	3
000002100002	1.253815	0
102000002020	98.936812	0
104240004144	5.451731	1
201020102010	7.582760	0
200210300240	0.632491	2
040400442412	0.623152	0
022200	1.236881	2
331122	0.998942	1
212202	10.159762	2
350400353420	1.032264	3
202200211000	1.743050	1
020010000020	7.961211	0
024041104044	3.275503	1
330022333000	0.417417	1
000012020122	1.318744	0
020010100000	1.200528	0
222010101000	0.830781	2
220012000001	2.010434	2
122033002333	290.885825	0
000000300211	2.176754	0
014040	0.751871	2
000102300040	0.870817	0
100012200001	2.730390	0
120000010140	125.361387	0
122010	392.765011	0
200000300040	0.695267	0
002033211333	0.792701	3
201020002023	266.522118	0
020000000203	0.855061	0
242410	0.726330	1
012220200000	11.295132	2
201000002022	85.711692	0
042410442411	38.466203	1
000033120333	1.333825	3
200101	0.385662	2
112210	241.803171	0
332001333012	0.832479	3
100220100000	16.855497	2
102122042011	0.638662	3
002001020200	1.189655	0
001000121000	2.030877	0
000000340022	3.443856	0
012210	125.201566	0
330000353021	1.396217	3
200200020020	37.532331	0
001002000122	0.857737	0
001020000012	1.487787	0
122121	264.205854	0
020200011003	0.869932	0
020200010000	0.733047	0
124042	56.458953	2
350420353401	0.750171	1
212222	0.746800	1
020001300002	1.748397	0
000200002002	10.206011	0
010000202200	7.267431	0
102033122333	885.377988	3
010000000020	8.563008	0
021201010220	0.905691	3
120100200140	1034.998312	0
332001	0.692684	3
004041024044	72.692079	0
020220010011	0.943948	2
022000300001	14.290844	0
000211000122	0.936945	0
000020300120	0.804478	0
120102212203	2108.737837	0
002000021000	17.077929	0
000021042012	593.319861	0
020100120000	8.965747	0
112033	359.208261	3
012210020000	254.551862	0
000001000210	0.852332	0
221102120000	7.783108	0
000120000022	0.661602	0
100010020000	0.820904	0
041400440402	0.405031	2
200022	1.376921	2
000200201020	52.652803	0
024140004144	1.136505	1
002102000001	5.788258	0
001220010023	996.872183	0
001020202112	17.477846	0
000000210043	0.863436	0
000010	10.107670	0
112233010333	852.041911	0
010220000010	151.622188	0
000201012200	291.154099	0
020033000353	0.474348	2
000120010000	0.871917	3
042412440400	0.918605	1
014040124144	0.868958	2
210002101003	342.567861	0
000022320221	0.742109	0
000102010200	1.146118	0
121200212202	0.890977	2
000011	1.160795	0
200000300002	1.038619	0
200000000102	19.816819	0
001020001003	15.101083	0
332220	2.985851	2
022021000201	50.001132	2
002021012212	0.942219	3
020020000100	35.245908	0
010220202003	3.690436	0
010002300200	0.916137	3
000112200241	8.007851	0
201000200003	0.764118	0
200101000200	0.835221	2
110020202000	0.900410	2
220033101333	0.255335	1
001200002020	4.937090	0
000210300022	1.209692	0
120020000010	65.568783	0
200102000200	52.374310	0
350402543400	0.704629	2
011000000002	0.904438	0
000200110040	1.802715	0
041410442420	0.578775	1
102010002002	733.593870	0
100000220040	2.970880	0
210002100200	60.975831	0
220200100003	0.686170	2
000220000101	11.227221	0
004040124244	5.516187	0
200000040001	0.658423	0
040412440410	0.957208	2
000011200000	0.938646	0
122021	49.319235	0
120210200000	0.669076	3
201000141003	0.956974	0
212021041010	0.913521	3
201000140000	1.607055	0
022001000201	20.228579	2
000012000112	1.038765	0
210012	61.162722	0
021120020020	188.845279	0
102202001003	0.813432	2
331201	0.986959	3
000000222003	0.839704	0
020010	13.293819	0
330000353200	0.704073	3
210122	3.120132	2
020102020201	163.437247	0
102000002010	423.526389	0
000000020012	10.985086	0
002000201002	2.908232	0
020100120043	0.853407	0
140410440402	0.769321	3
002000000102	19.666737	0
022002000000	31.319354	0
020211010212	0.694121	2
020100110100	1.436504	0
332211333122	1182.819926	0
010111	0.960993	1
001020202020	148.554209	0
212000000000	0.824721	0
212000001003	0.294674	0
332001333210	0.883188	3
042421440402	81.872520	1
001122000201	0.849500	0
000102220203	236.639860	0
010020000022	1.592604	0
021002010200	0.878600	1
214041	0.738915	3
012021000011	0.772553	3
120100200040	847.597137	0
100002040000	0.662359	0
002000010002	3.238310	0
000010320000	1.218114	0
022000000200	6.684538	0
210220	94.802051	0
000000302000	18.000323	0
002010200020	3.139845	0
020021300000	105.200666	0
021000001020	0.889916	0
222020	0.639923	1
042411	6.190417	2
002020300010	0.418112	0
200112000201	241.623917	0
001001002022	0.855423	0
201102	84.113256	0
121200212000	0.729900	2
000100000021	5.017274	0
120000000200	118.816004	0
001000	7.357457	0
022002100000	0.901851	0
020000020043	10.905205	0
120222	0.668858	1
201000002003	0.640295	0
220033141333	0.470791	1
041402441420	0.873442	1
120233010333	0.513746	3
330200333012	0.807490	3
000201010201	284.714829	0
201020002020	155.388009	0
021200212000	0.911345	2
120100010100	1023.583616	0
120200210100	1.071765	0
100102200240	0.917705	0
022211010002	1.286189	2
001200001020	1.284974	0
142410442401	499.350792	0
040400442420	4.715901	0
120033220333	0.439711	3
002000041021	1.710942	0
001020000043	99.871553	0
022000010001	159.550368	0
000102000040	0.459916	0
021001000202	0.834895	3
022001000200	12.732094	2
000002010043	5.076365	0
000010020202	0.773911	0
220000120023	0.785450	0
201002200000	6.114098	0
001220000100	8.489949	0
330022333100	0.805813	1
022012000001	227.093329	0
020021300211	255.217479	0
102000040002	27.905476	0
002021000022	0.738047	0
000000112000	1.243052	0
332012333012	822.813309	0
020021110000	25.656280	0
001021000020	105.399696	0
200112	160.910849	0
012021000212	0.847293	3
000100000201	1.480342	0
200012020001	54.945175	0
010000000021	5.034600	0
334242	0.958122	1
014140124244	0.580949	1
210020002010	1.816461	0
012002042000	14.001885	2
112002201000	8.518108	2
012001200002	0.928421	3
102000201200	3.286323	0
102220010010	1.289875	2
001010001220	0.916674	3
000000020210	2.110558	0
020020300001	0.833776	0
000002101000	15.463262	0
200000001001	58.344052	0
001022040111	0.917614	0
000020200001	2.324825	0
000002002001	5.700708	0
332012	886.107542	0
330000333002	0.027689	3
210102221100	24.559373	0
000020110000	17.536589	0
100220220000	6.057839	2
330020353001	0.765427	2
000001200001	10.486311	0
200010040000	0.416718	0
020021000101	45.840297	0
042400440402	2.022421	1
210033202333	0.573775	3
200100000201	0.662519	3
102222	0.581141	1
022021000212	2.699792	2
022210000000	1.867869	2
040420441401	0.865134	1
212233100333	4471.717693	0
200000000023	1.231380	0
020100100043	0.839355	0
330201333120	63.761532	3
220000110002	0.883769	0
010120020202	0.947643	2
002202300102	0.803599	1
200010200000	0.780606	0
104240004044	4.058914	1
351420353400	0.906033	1
000212000100	0.322176	0
000212300000	1.728262	0
021020002020	148.432002	0
000100000120	0.925584	0
210102220203	1441.703038	0
220011	0.416732	1
202033	0.580940	2
000010302022	1.368856	0
020200000102	0.881496	0
332002333221	1.064535	1
040410441402	0.898203	2
010000000012	1.800082	0
020000010020	16.635118	0
200221000100	377.121268	0
020201210200	0.761248	0
000000020220	6.315180	0
220210	0.434918	1
000000000222	0.474523	0
010102220040	0.891653	0
022001300201	1.837461	2
201000141000	3.058292	0
220102110203	190.816588	0
002102000022	3.058574	0
200000040011	0.725222	0
330202333012	0.680319	2
012002202000	1.221351	2
022011000211	20.947689	2
002000110200	5.628735	0
024040214044	35.424261	1
000021040020	22.392349	0
221201111200	0.822512	3
221001	0.201210	3
121002212010	0.929437	2
002000041011	9.460787	0
010000001022	0.918866	0
330022333001	0.073891	1
000011200202	1.288182	0
021001012000	0.917769	3
000100020241	98.045909	0
000002001100	1.328886	0
020020001003	42.929588	0
020020000000	7.007879	0
010201020040	482.138304	0
022120020010	1.848478	2
000102000002	1.007499	0
020000001002	8.353656	0
352421	3.637102	0
000002200000	8.758917	0
001021202012	8.050451	0
201020002010	140.975891	0
012002002020	0.770593	1
212033000333	0.474155	3
200000041021	0.870391	0
120000010002	83.141980	0
000022020221	0.705824	0
022000022003	10.598996	0
200010141000	0.977757	0
020120210000	43.951927	0
102020041010	0.573884	0
004240104144	0.927021	1
020000102020	1.633512	0
120000202010	1.023034	0
330020333011	1.033550	2
004140204144	0.620918	2
000201110140	50.717236	0
001000020000	0.927873	0
330010333020	0.590514	3
000200200020	15.346297	0
041420441403	0.909968	1
024140004044	1.679913	1
022000221000	24.684757	0
002010200010	3.446537	0
000000300122	0.634279	0
001020300021	0.747778	0
352410543421	1831.649429	0
000000002020	26.095470	0
000000020222	0.807799	0
010211	50.223212	0
210000200040	0.684037	0
022200211010	0.959038	1
001010200020	0.794315	0
201000102002	1.317403	0
002021300110	0.877816	3
022233110333	0.871697	2
101233	0.995855	1
012002000200	1.562334	2
332011333222	465.561688	3
202000140000	0.952337	0
221000110000	0.935250	0
112220	5.580947	2
002002300020	12.807074	0
200200021000	7.689300	0
110000212002	0.913519	3
330001333002	0.393347	3
000000201011	0.938865	0
014042014244	0.668892	1
102000000020	29.734013	0
200012100000	11.511946	0
024053224345	3.259398	1
020120020220	415.030407	0
010000020043	0.913822	0
041420441410	0.978148	1
020100020010	85.919269	0
042401440420	1.291043	1
002000040012	0.895777	0
102010002001	207.253167	0
021000100000	1.377586	0
201000100003	0.878897	0
201002101040	1268.901654	0
100220002100	2.597536	2
222222	0.995986	1
220000122200	0.821098	0
332002333201	0.506718	2
000022200001	1.848234	0
110211	73.039839	3
000020100000	33.396966	0
220002100000	0.882050	2
012121120212	0.879552	1
201122002211	349.581991	0
024140024044	6.137998	1
102211000102	556.575456	0
002121010212	0.786543	2
000200000201	24.135900	0
001001201020	0.947924	3
010200000040	18.352586	0
102000001010	703.488484	0
201121	163.427136	0
020110020002	8.291448	0
330210333202	0.922198	3
332021353000	0.922855	3
000000340200	0.678676	0
201210000020	1.309006	2
000000020011	1.654332	0
010133	0.992510	1
022000201000	32.504866	0
020002300000	0.780296	0
000220002010	85.749770	0
211201	242.311332	0
000000201003	0.499686	0
000002200040	0.881057	0
020102000102	180.642570	0
041400441422	0.728212	2
011201	31.506640	0
110220010000	14.103252	2
000200201003	3.727167	0
001020102020	108.266615	0
104142	0.655925	3
000000302012	283.940382	0
002010201012	1.208453	0
122020220013	191.187407	0
200010101020	0.954410	0
120000000040	110.324267	0
002001000002	2.171700	0
200000010040	0.664699	0
200000140011	10.769869	0
200201000100	109.698306	0
020110020000	1.998620	0
102000102000	204.028935	0
000200100102	42.595641	0
002211000102	251.602789	0
022010300010	32.959562	0
000000200021	26.608216	0
000200300040	1.068136	0
000102002200	23.568516	0
201000100011	1.363153	0
100000020200	1.222095	0
330211333202	788.266480	3
210210020100	61.540256	0
000102020002	1.941175	0
022120000010	1.201785	2
000001200200	22.996437	0
102021	8.485012	0
020000000220	2.801375	0
122011	394.162724	0
000020000202	0.766860	0
000021200000	39.104997	0
000000000240	3.478656	0
020122320221	1117.418812	0
352402	0.893498	2
100000010200	13.006255	0
140420442411	1.399446	1
000001000102	0.619224	0
330200	9.287703	0
100101200200	0.875296	3
020000210210	0.971621	0
000210010022	1.377186	0
020000001010	0.841632	0
002010002010	8.823760	0
200020000110	2.765449	0
020020	9.008820	0
100012000000	0.881926	0
010000222020	0.901751	0
010201000002	96.075651	0
220000100023	0.765537	0
210202211100	1.037597	0
221022	11.523396	2
200012000202	29.256488	0
200000020040	0.682090	0
002002340000	1.028301	0
000000210002	6.741472	0
220200111003	0.673649	2
200000010240	0.908042	0
000010040021	0.509495	0
000000020203	15.881616	0
000220002111	29.053782	0
000120000200	0.494428	0
020021300020	53.544148	0
020021	79.532274	0
100020100011	0.966739	3
000202122100	1.157229	0
024053204345	43.898954	1
200012340021	0.785021	0
020000012203	2.370418	0
002000000040	0.314539	0
000002310200	0.901561	0
000200210140	0.780166	0
200020000100	11.719962	0
122220110010	6.591404	2
021000000003	0.653449	3
021000001000	0.773092	0
042411440402	0.916158	1
101000202010	0.702818	3
200200300020	59.252149	0
210200100002	148.591373	0
100211	0.565813	3
200010040020	0.652682	0
000022002211	0.745945	0
100000102200	26.446675	0
002120300012	0.820283	2
022012300001	17.153955	0
000001010222	0.904053	0
200000102020	1.189729	0
020001000020	5.002053	0
002000002003	0.802478	0
221000102003	0.533440	3
020200011000	0.761969	0
001012040020	0.797508	0
022001000002	11.019121	2
332022333001	0.803787	1
100100000221	1.364278	0
024053214345	41.603921	1
021122000101	227.963633	0
024040124144	0.625687	1
124240214144	36.216752	1
000200100100	24.200448	0
104240014044	2.182635	1
100000002023	6.386272	0
002000040022	0.921029	0
001222000121	0.800041	2
001000122000	6.629498	0
100020100003	3.756021	3
122020100000	19.436456	0
000012200002	30.337864	0
000012000022	0.757896	0
001001040020	0.654168	0
022033100333	0.350607	2
004253214353	75.159673	0
000000020211	0.907192	0
110000200200	0.900871	0
000012001102	1.235741	0
220120102000	0.871154	1
000000220102	25.196265	0
102020201010	0.868667	0
112002221000	3.953839	2
000020020000	43.163602	0
000000021002	1.658976	0
331210	0.998460	1
124140224144	416.801302	0
012002001220	0.751300	1
020100100020	2.506686	0
200101020200	0.920071	2
350410353422	0.864524	3
021100	17.854441	0
002002001010	18.336971	0
332210333001	464.947932	0
000020120000	118.837173	0
000102300022	0.933120	0
121020202020	64.192238	0
200233222333	1.839329	1
210012020040	0.923003	0
004141	0.872468	2
330002333020	0.481200	2
021001200000	0.928558	3
011000000022	0.897418	0
202010	0.671640	0
210000201040	4.549647	0
100200201000	0.869032	3
100000200040	0.705055	0
002001300002	8.743184	0
000002041010	0.845468	0
002112	222.813275	0
010220210100	1.189183	0
122033100353	572.352395	0
102122000211	0.711096	3
012002101003	0.913272	2
350420543401	1.267509	1
210000000140	0.895126	0
202102001000	1.303754	2
110220010003	2.127396	2
332022	0.687116	1
000000302222	1.276529	0
004140	0.706257	2
332012333021	983.407916	0
110202	0.516631	2
122033000333	196.249980	0
122033100333	1537.838464	0
000020300100	1.137073	0
100000210200	16.998224	0
001000040021	3.476558	0
002000001000	6.590289	0
101122002021	0.529360	3
012210000000	58.559295	0
001000001002	1.960587	0
221200112000	0.652174	2
022011000212	49.083377	2
042412440420	1.388521	1
220000122003	0.242635	0
200012300121	243.404617	0
010200000140	10.569831	0
020102010240	1.175013	0
102020002011	0.510144	0
001001002200	0.914079	0
002000102003	3.461777	0
021020000200	6.675471	0
012202020100	1.479812	2
010102120040	0.659926	3
001001200020	0.923324	0
140410	0.610884	3
014041224044	0.802907	3
002000000122	6.040391	0
011212	0.913526	3
002012002001	6.010618	0
101201	0.494322	3
000210000112	0.903974	3
000210002000	5.117100	0
000211002212	0.680882	3
020112320122	1451.046200	0
000010040020	1.212854	0
200112000101	128.022507	0
000033201333	0.304221	3
122120002010	221.385100	0
000212010100	0.712724	0
000220302010	130.722958	0
000220002110	25.212544	0
210001020200	1.341736	0
104240024144	0.822677	1
000202022100	1.822765	0
020100020222	39.603462	0
004053024345	0.832487	3
012122	0.505574	1
202210001112	0.896226	2
200200020000	24.636219	0
124241	71.701156	0
212021	0.394690	3
210000020200	2.571615	0
330001333102	0.879513	3
124240014044	50.915039	1
200210302000	0.933115	2
124140214044	548.049618	0
000002120040	1.103620	0
000000300121	1.098582	0
212002001000	3.356682	2
221001100000	0.286009	3
102010042020	289.963616	0
022010000022	65.897134	0
221000102010	0.849926	3
020102000201	18.674932	0
021010000020	0.840586	2
002000202023	0.939122	0
202212001102	0.849662	2
000011040020	0.904039	0
020000000120	82.344286	0
020000300020	1.242832	0
014040214044	0.485113	2
000101010221	0.900712	3
121220212210	0.879700	1
142420440413	22.947392	1
211002202000	47.072334	0
000000020002	8.145572	0
210012000000	41.029664	0
022201010202	2.556952	2
201000102200	1.302237	0
331222	0.868635	1
010212120100	0.906052	3
020102320002	313.072856	0
024140004045	0.817136	1
021220110000	1.881986	2
102020200010	0.809132	0
001000001023	1.398267	0
210000221000	1.375349	0
000012300022	1.420371	0
210000201000	3.311582	0
352411	1219.039407	0
210000010200	0.961300	0
002102000200	69.914877	0
200033121333	0.885014	2
122002	103.931368	0
100100220140	0.623521	0
351420	0.963801	2
142433440333	3147.643265	0
221001110140	0.945504	3
021100020200	35.125887	0
001000340020	0.587307	0
124240214044	67.716685	1
120010000000	0.908021	0
122033101333	505.562895	0
104240014144	1.902738	1
210001201000	0.879680	0
000100220140	1.191016	0
124153	3.695250	0
201020041001	41.751070	0
200200001010	25.157354	0
024140124044	4.024483	1
102122200011	0.784483	3
002000002000	14.300921	0
100020020003	9.718916	0
100000020002	2.392614	0
221221111000	157.705446	0
010102120141	0.743138	3
201212000122	0.835269	2
000210000122	0.728391	0
330000333210	0.679319	3
000033020353	0.236406	3
020200010002	0.909751	0
120112	304.630846	0
214240014044	0.830445	1
000200010040	2.048278	0
021000001003	0.880785	3
000202010122	0.885700	0
001000040012	0.876904	0
020200212200	0.915617	0
200200000020	83.932489	0
000102110201	0.921336	0
002121212212	0.816730	2
100002042000	0.900550	0
020002000002	55.577307	0
200000002010	0.792091	0
002000300040	0.672876	0
000020100001	7.003668	0
011020002020	0.850404	0
014053204345	0.358212	3
102033102333	1810.061122	3
100122041003	0.970447	3
201200110000	1.302680	0
200012100001	15.958138	0
002010000100	3.787606	0
000201100040	41.112596	0
002010002012	1.730314	0
200112000000	41.534943	0
024053124353	0.647647	1
001000202000	0.411056	0
200021000010	123.202636	0
112012	162.729231	0
000220002011	57.442673	0
021000002100	1.382103	0
224240	0.966117	1
000102020101	6.155193	0
020000000012	3.006734	0
100000042010	0.797639	0
000002041020	0.756624	0
021021300200	531.999395	0
121002002000	1.317006	2
120012200000	2.689837	0
024040104244	1.177698	1
000000201010	0.628422	0
210210	73.388731	0
120101000200	186.735429	0
210000010000	1.318990	0
000002000110	1.405712	0
040400542400	0.710602	0
000002002002	2.742296	0
020122020221	649.639158	0
120000210200	71.896402	0
242411	0.987325	1
012002220020	0.910627	1
102010002000	357.422904	0
000012001112	0.871148	0
120233202333	0.817089	3
000001200002	11.025436	0
121020202010	1.321724	0
000000342000	584.182302	0
000000001240	2.255894	0
020000202003	1.153248	0
022021000211	19.139287	2
001010200021	0.865273	3
200210010140	44.466644	2
020102000001	13.204250	0
100122000201	0.637980	3
001210001220	0.963354	2
000000320022	7.583493	0
020020010201	2.651932	0
012001000000	1.282840	3
210202000101	1.295409	0
212200211000	3.004376	0
100120102200	0.898736	3
200010100021	0.940071	3
331000	0.843121	2
020001110100	0.958839	0
200200022000	13.797335	0
012002000010	5.715476	2
021021000122	126.205469	0
010102020000	0.732381	0
111021	5.188420	3
100133	0.997471	3
100012000020	0.851501	0
200000121040	20.312321	0
122120000010	193.448140	0
000200001140	8.183534	0
040420442411	2.983877	1
200210300202	1.342166	2
112002201020	0.897986	1
000102220100	0.658398	0
111020	0.584149	2
220000111100	0.885082	0
330020333102	0.584213	2
024040114045	1.071173	1
110220222000	7.771750	2
202201	6.291577	2
122202210003	0.802162	2
014040204244	0.736021	2
020200002000	0.903166	0
021221	211.351929	0
000200040020	11.379085	0
020200010102	0.857430	0
000120041020	0.822732	0
102020000011	0.637844	0
330000333241	0.860733	3
000202010000	1.073390	0
220000120003	0.188725	0
200120040000	14.765864	2
220000121000	0.701129	0
000020020101	20.067400	0
140410442420	0.809628	3
012033201333	0.740855	3
201200010000	54.011605	0
221020101023	276.546686	0
020201010240	0.593844	0
100100002000	0.752065	0
220200102003	0.720161	2
001000300200	0.690739	0
041420442423	347.789398	1
330122333001	0.886513	1
110220012003	2.195640	2
202210	10.870388	2
110101	0.963578	1
200010300021	0.945636	3
120000010040	386.140308	0
022011001212	2.853857	2
350420353420	0.417123	1
000001042002	2.738051	0
102010000022	160.123710	0
330002333220	0.694491	2
014240024044	3.047028	1
212220211010	10.012821	2
000020300040	0.677106	0
041410440422	0.582285	1
020100000003	0.815122	0
222000121020	0.810382	2
102212000141	842.796442	0
001200000000	4.926672	0
010210020002	0.757223	0
002020000011	1.075660	0
012002001020	0.812471	1
100000020100	31.584645	0
000002001200	0.813488	0
010202000102	0.873467	0
022021300112	2.969402	2
021101	0.725876	3
120220210000	11.679491	2
021200211010	0.959109	2
000202000122	0.646981	0
120000210000	182.590827	0
121000002000	1.802363	0
332100	0.907494	2
020122020021	687.553547	0
000020300002	0.788541	0
000001000222	0.613951	0
330212333121	0.876641	3
001000342010	0.986252	0
010012000020	0.924055	0
000200112000	3.265999	0
332212333041	3978.476212	0
020102000100	60.251116	0
201010101020	0.678733	0
222000111020	0.877858	2
200012001000	1.378598	0
200010000043	0.904867	3
020112320102	360.072669	0
004040024144	53.703883	0
140400442400	0.902296	0
010000002000	1.084555	0
004140214244	0.741199	2
001001042020	0.908867	0
022100000001	211.143508	0
201121002212	144.070995	0
202000041000	0.483129	0
212010041020	0.769426	0
000100200010	0.918421	0
002010001220	163.323550	0
001002	3.002311	0
201000000021	28.937653	0
211002002000	122.317893	0
121020202000	106.296631	0
020000220003	0.279618	0
200020202000	6.267346	0
200100010000	0.898216	0
120000000100	132.561288	0
100100200100	0.872649	0
001021000000	280.142276	0
020200210200	0.749012	0
100002000002	0.823297	0
332200333000	17.941529	0
001020002010	0.995242	0
000021300002	1.134809	0
000021000102	6.656767	0
000002010000	10.262858	0
124240214045	64.196201	2
014140004244	0.865816	1
220000100043	0.409115	0
024040124045	0.464034	1
022021000112	15.047512	2
000002320001	1.729613	0
001000020102	68.202795	0
020100000022	106.104019	0
020200010202	0.916183	0
221000121003	0.824166	3
212002211010	1.868152	2
210001	1.987092	0
000200001102	12.925113	0
000002040111	5.741985	0
210001201200	0.913453	0
102002100000	18.090355	0
204040004044	0.283536	2
142400442410	474.354679	0
000000102010	25.912101	0
200010000020	0.435795	0
002201000200	358.671895	0
201000142010	4.981470	0
020010002000	0.849561	0
102033201333	282.023384	3
110000201002	0.934286	3
021100022200	0.947979	0
201010	2.035201	0
121220212010	0.930936	2
200000000201	158.708049	0
200210000140	59.979530	2
102000100010	335.720366	0
210002141003	2514.476133	0
210002140000	1024.854274	0
002010020020	91.964584	0
000000221010	0.834465	0
112002202000	4.450312	2
210000	22.077464	0
102202200003	0.838630	2
104041	2.303985	0
200000002000	0.525624	0
120102	253.037624	0
334241334044	3083.986826	0
102000100000	122.553986	0
022021300012	4.254357	2
120233211333	0.860112	3
100220	6.507444	2
021112340121	588.718788	0
020200110100	1.261352	0
200200212000	51.554700	0
010201000240	824.229535	0
200233201333	0.624371	1
000000011020	52.159797	0
201002001000	177.049783	0
001220000002	26.663405	0
110000200022	0.875126	0
002002010001	9.375369	0
100220000010	1.626098	2
000100200003	0.733716	0
332221	637.695283	0
002100300000	0.873146	0
222033101353	0.786590	1
220102122200	210.702301	0
000200020041	43.515506	0
120122002103	1009.762417	0
002211	105.146241	0
020000040000	0.321868	0
002011201212	0.915183	0
020201000102	0.905489	0
000012100020	2.973646	0
010200012000	0.935941	0
010002120000	0.563253	3
200010100002	0.911546	0
041420442420	50.027734	1
001000000200	1.955111	0
201201000000	6.440274	0
110220012000	17.263870	2
020102	99.403177	0
222102	25.292911	2
020100340002	452.083894	0
000002020100	2.876639	0
002000101003	1.050905	0
200100020100	0.866008	3
000120040020	1.027897	0
000000022011	0.900677	0
001122	4.074163	0
020220010100	0.922793	2
000022300121	0.696159	0
041420540420	0.777135	1
220000120000	0.253525	0
221201112200	0.824384	3
000200202000	1.557539	0
000010300002	0.708354	0
000022000221	0.370850	0
211011	3.022173	3
012121122212	0.925767	1
200000110000	0.914564	0
002000241000	1.865464	0
000010000201	0.894182	0
101020042020	0.765324	0
200000201023	1.057453	0
122120001010	322.496365	0
010002002000	9.594540	0
000102020000	2.320310	0
200200210003	34.530580	0
211120	292.882185	0
202211001212	1.191115	2
000122000211	0.793674	0
202033021333	0.872064	2
041400542410	0.950483	2
200210002200	2.188565	2
100033202333	0.492008	3
002010000001	89.581775	0
000201210240	158.026162	0
000212300022	1.059703	0
000000300201	6.682662	0
200200022003	6.859110	0
020000100100	18.417635	0
000000220020	2.375493	0
200020001001	1.327115	0
000000002220	3.610859	0
002002020101	100.084953	0
211110	24.370310	3
201000100002	1.888390	0
212033021333	0.786222	3
100210200100	0.926447	3
020102000101	152.902752	0
200210010040	29.855920	2
112200200000	445.689479	0
020133000333	0.813767	2
332020333002	0.805221	2
200000042020	0.750785	0
202001000000	0.891087	2
100033042333	0.641667	3
001020042023	1.438205	0
001010021020	0.971773	3
200012300041	1157.610315	0
210002141000	722.972639	0
012002040020	0.948833	1
020001020000	1.026222	0
210002020003	139.026338	0
002000100000	134.142409	0
001000100002	1.836296	0
330202333110	0.802707	2
020000100003	0.473808	0
210000222000	0.649283	0
122033001333	246.187900	0
221020100000	43.861859	0
220120100000	0.810493	2
330010	0.772080	3
100200202003	3.400229	0
020000110040	10.912454	0
122212010101	387.776414	0
330220333201	4.220536	1
221000110043	0.957530	3
010002020003	2.309766	0
022122020111	31.578018	2
004240004244	35.215291	1
002020201011	0.954200	0
001011	0.598460	2
100000102000	0.573257	0
004140204244	0.774640	2
200120040001	65.149544	2
002002100010	14.836114	0
210102220200	266.072717	0
000221300201	372.648146	0
210100020240	0.919194	0
330121	0.999616	1
104240014045	1.960527	2
200000100020	1.825017	0
002200200003	2.979250	0
020201110240	0.535262	0
020001000220	5.794314	0
000002000021	1.093049	0
352410	1135.287747	0
000021000002	101.231412	0
020002210000	2.693982	0
002002210003	2.482206	0
001001000002	0.475271	0
100022000000	0.819119	2
020120010202	4.385250	0
000010220040	0.925474	0
212002100000	18.196846	2
001021001000	1652.005404	0
020100000010	157.656546	0
124142	531.943850	0
100001	3.192433	0
000000020003	3.381306	0
101020002000	1.257330	0
002010202000	1.341067	0
020000300040	0.717397	0
002010000220	209.186997	0
041420442410	2.609142	1
210000121200	0.956697	0
010000002003	0.687823	0
140400442403	0.859297	0
002000012000	2.667659	0
022011000102	5.102850	2
100000	9.767296	0
021001002200	0.778011	3
000010220002	1.251544	0
011000200000	0.771576	0
201000042020	0.882011	0
000000222010	1.193690	0
201010100020	0.846713	0
004040224044	1.165764	0
000000042200	0.915691	0
000102200100	16.066138	0
220100100001	0.880317	3
120000022000	1.863051	0
020102211200	453.010426	0
201020001003	1.336364	0
112200212100	0.880538	0
202000221003	0.710491	0
214140	0.661019	1
000020301000	0.904990	0
010102120240	0.683441	3
202000000003	0.504298	0
020020002010	1.299214	0
014240114144	1.615996	1
221020120023	558.884190	0
000002001002	0.844421	0
000200020240	0.862171	0
001012001022	0.888705	3
001210	0.445414	2
021010200020	0.939044	2
120010202020	0.966117	0
120000110000	195.214922	0
211233	501.803498	0
000222300001	0.699955	2
210200102003	167.238762	0
000020110200	0.881909	0
002000001020	4.241968	0
000200320000	0.760479	0
200000100000	0.602334	0
200000101003	1.093289	0
022202	0.625942	2
200100000001	1.155893	3
000001000221	0.816712	0
120000102002	85.778979	0
001020220023	62.731029	0
201000000001	10.475447	0
120020102003	127.623648	0
330012333002	0.774374	3
010002000240	0.667856	0
002010001022	49.281184	0
100002000001	0.929491	0
012002040000	13.936112	2
020102010101	10.244672	0
010200100040	9.714552	0
200012300000	58.052931	0
334140	0.943312	1
120000200001	26.635048	0
020021100002	47.451538	0
020020300201	0.925006	0
201200001000	75.921966	0
220100121040	0.954248	0
022000112000	23.961193	0
022100000002	68.229645	0
200000320100	5.805904	0
212010041021	0.932647	3
000200000021	16.423953	0
001002320100	0.897137	3
024140304244	0.963338	1
022000300100	10.283988	0
020000120003	1.256781	0
121020102000	130.236854	0
012021000012	0.772210	3
001001201000	0.953920	3
210002200020	5.457040	0
200201000002	87.115051	0
200000000240	0.878504	0
100200202010	0.925905	3
000233110333	2.741007	3
000000202010	0.956936	0
002010000012	0.657534	0
111121	0.976887	1
210000000001	31.925128	0
011220	30.310981	0
021021300100	1343.689633	0
221201110140	0.637945	3
000022000020	0.796958	0
211212	146.538612	0
040400541420	22.111336	0
200233211333	25.699281	1
000000001021	204.716227	0
120200212100	0.948178	0
102000002003	119.749683	0
000020020002	4.264544	0
000000200040	2.380564	0
000101000221	0.837471	3
201020001023	227.758382	0
020000002200	1.914089	0
200000000202	1.658965	0
020021020001	167.008539	0
122100220003	28.904322	0
332002333001	0.492333	2
014040114244	0.754254	2
000201010002	144.124635	0
202210001000	0.656965	2
010200010240	0.731978	0
002012041021	48.822902	0
100010002012	0.838028	0
001002000202	0.699981	0
002012000002	308.081528	0
000200010001	123.274911	0
121020	99.394210	0
001012000000	0.949358	0
330020333222	0.490001	2
201020000000	45.621997	0
221100120043	0.862634	3
100012102112	0.902933	0
200000040100	0.985414	0
200000210040	0.838791	0
002000200100	1.277178	0
000120200000	3.211755	0
222033111333	0.707357	1
000220000000	10.529544	0
102000042002	178.729536	0
000020300200	0.988556	0
121121212202	863.459643	0
010200200100	20.733509	0
010200300100	0.885068	0
000000202103	0.892683	0
020021300122	111.463346	0
002233201333	6.741956	0
000010200002	1.912410	0
000120002210	1.346671	0
200212000120	4.446547	2
010020201000	67.299869	0
200100000100	0.613174	3
021020002012	48.979507	0
002010042020	2.662415	0
012102220200	1.870709	2
020021000200	117.300404	0
120000200010	1.978287	0
200020000002	1.327318	0
120100222000	0.846516	0
000002300000	0.796690	0
100002202000	0.886184	0
200000001000	1.702689	0
000022000010	0.886665	0
010200120000	209.997764	0
001000042003	0.661491	0
120000200100	72.017314	0
330020333101	0.740312	2
201000202000	0.743242	0
011220020000	18.144938	0
014041124244	0.894769	3
102120040010	0.519657	3
020000200010	0.805472	0
332000333022	0.822871	3
020012000112	84.959927	0
002010340000	588.016735	0
001001020200	0.916554	0
330010353002	0.871063	3
100200202020	0.937414	0
024141004244	0.865121	1
001001002002	0.773919	0
100200000200	0.852112	0
000012302021	0.981567	0
202012001010	1.751127	0
110000200002	0.881222	0
024041024044	2.110026	1
000100220003	0.915609	0
221201110102	0.835390	3
000022	1.493910	0
100202	0.332780	2
210000000100	1.692508	0
000220000221	42.632426	0
040420440402	99.759961	1
332000333110	0.833661	3
200210000002	1.244900	2
201000142000	4.935255	0
000020300011	0.787538	0
200012302201	6.058444	0
200210022200	1.141083	1
010100220202	0.904414	0
000020022010	32.655130	0
102010041020	1222.778985	0
020201211102	1.514117	0
001012041122	0.935582	3
022001000100	4.427941	2
020200210000	0.486877	0
001012040122	0.954339	0
330000333120	0.584828	3
330101	0.991685	1
002000001010	16.195512	0
121112002122	964.655889	0
201010140021	0.915754	3
220000102000	0.169047	0
332002333100	0.615069	2
212002211003	1.028653	2
102010000021	390.395908	0
000200100002	5.321382	0
200010202000	0.775762	0
124040204044	844.802031	0
010001020002	0.865248	0
010002022000	1.927460	0
212020201010	0.881541	2
022000211003	87.464720	0
000220000012	42.737457	0
102000002022	14.400746	0
000101020200	0.631521	0
000000320040	55.331248	0
200122000101	1.617956	2
000100200002	3.540208	0
000200000002	1.923554	0
200200120003	23.827093	0
001201000222	0.949727	0
000220001000	40.592482	0
110122	0.579509	1
022000300000	5.862324	0
020102200100	7.251357	0
020202000100	0.758945	2
020102110241	0.950941	0
020220010211	0.889410	1
140400442420	2.324138	0
000010020200	3.086933	0
200000141011	6.753018	0
111222	0.730322	1
001122040021	0.820142	0
021000210200	0.854648	0
000010002002	4.500449	0
100100000240	1.049460	0
212000201020	0.766254	0
211000201022	1.751149	0
020200210001	0.951225	0
002000101010	20.346151	0
101200	0.581873	2
200200300200	5.573792	0
000100010240	0.602760	0
201010140020	0.937868	0
020200012000	0.706871	0
000221010000	534.480353	0
202210000000	0.919742	2
332002333101	0.734191	2
000020020102	2.662709	0
020102300140	0.983296	0
002002200010	0.914898	0
000000340002	3.231180	0
102010041021	1354.349856	0
002020000001	0.891550	0
002021000210	1.244505	0
210000210200	1.209090	0
102010000002	203.358990	0
000002000022	0.682022	0
221020121003	0.979839	0
004040024045	32.213631	0
021200010100	0.870504	2
021022	3.045498	2
352420543410	0.857196	1
221010	0.382664	2
000020010200	2.020518	0
000001210040	49.254343	0
332000353000	1.077693	3
001002042000	0.728669	0
000010020122	26.643043	0
200000141003	1.280472	0
212000002003	0.923004	0
222000141000	0.532244	2
100210	0.409519	3
101212	0.671700	1
212200211010	0.937563	0
000020110002	2.059292	0
140420442401	0.903920	1
020002110000	2.187793	0
002210020100	320.308269	0
020020102000	2.473352	0
122200	110.120123	0
010120020102	0.881277	2
212002200000	6.571647	2
100122201001	0.873721	3
001020220020	80.575697	0
000220000121	9.478090	0
000002200101	2.775409	0
221100110140	0.897023	3
120020102000	143.361972	0
101122202011	0.862850	3
000022002111	0.856845	0
200000100003	1.099472	0
200211000140	56.818554	2
000200020000	21.809002	0
212202100003	0.865400	2
100010002020	0.739273	0
024041004045	0.904895	1
000210	6.711544	0
010002210000	0.853318	0
000200	22.934327	0
001220000001	18.814087	0
002021010012	0.957772	3
020102100000	80.197778	0
000202020120	0.905728	0
200000101040	19.556447	0
200002300001	0.885845	0
000220300012	16.341570	0
000220000112	35.823641	0
200210300222	0.828225	2
100000221000	0.840167	0
012000020000	2.133762	0
200212000112	5.085885	2
332002333000	0.346581	2
000110200020	0.885566	0
000022001201	0.878422	0
330020333122	0.422731	2
002012041020	23.440919	0
020200210100	1.316038	0
000200310100	1.303619	0
102122001011	0.657895	3
200012300202	4.006014	0
002112300201	354.785508	0
200211000212	4.615938	2
202001001010	0.900229	2
000101000220	0.918118	0
012002020010	2.490980	2
012002200003	0.739911	2
041421442410	289.935905	0
000233010333	0.303237	3
040420441400	2.161366	1
000012000000	5.235817	0
200100020200	0.919884	0
330102333000	0.848377	2
000012002112	6.285474	0
002002300200	23.827589	0
121120002000	101.024599	0
210000120200	1.303690	0
002100020000	2.712798	0
020011000002	0.841417	2
202200001001	0.808454	2
040400442410	0.195940	0
000020010102	1.633359	0
002000000201	35.067891	0
000012200112	1.874605	0
000102300202	0.649550	0
000020011000	48.136973	0
112200202000	142.159278	0
220110100000	0.788462	3
020002110101	0.958959	0
010200120003	9.155575	0
000002000012	1.952978	0
021020200000	307.864279	0
100100000202	0.685463	0
221020121023	244.142437	0
200000001003	1.914316	0
001001000220	0.904137	0
200000100001	4.027351	0
200000120043	0.912523	0
200200201020	19.420107	0
020021300200	57.746307	0
212010201000	1.016427	0
000120010200	0.928060	3
000220000020	20.527241	0
000010200102	4.664502	0
002002300011	11.227416	0
200212300120	0.992320	2
010200200000	95.730736	0
102000042011	95.574013	0
120122040103	1763.417971	0
332020333102	0.727011	2
210001211200	0.823614	0
024240114045	0.704798	1
100220010003	2.138732	2
120020221000	150.525881	0
000202010101	0.782070	0
201000122003	0.912493	0
000000221200	1.728779	0
000102110241	0.971084	0
000000001202	0.803350	0
000020000200	0.515000	0
021021	198.349148	0
000233010353	1.580448	3
002010001000	25.997193	0
120120000010	232.451620	0
000000040112	4.261544	0
010222210121	0.901698	2
100000202010	0.714776	0
124040224244	686.121394	0
001021300222	1.158041	0
000000240000	0.224041	0
000012020200	1.130683	0
021002001000	1.770557	2
210000200200	11.449973	0
101122002012	0.945059	3
002012000112	1.861363	0
200000022003	0.689195	0
100020042010	0.920573	0
020010000021	13.749889	0
332002353000	1.003937	2
002012001010	4.434926	0
330200333101	2.213902	3
021110	0.863186	3
001000042000	1.322490	0
001000000022	0.699830	0
021020000043	266.974504	0
201020001012	1.941804	0
210033020333	0.809864	3
221122	34.267469	0
020202010100	0.828538	2
001020000023	128.769010	0
020102010003	0.984176	0
010000210200	0.498679	0
002102	39.548274	0
021000001010	0.882694	3
000002041000	0.786589	0
102210000000	423.852432	0
020000110000	11.837263	0
201000142003	0.887797	0
002012000020	335.343644	0
221001100040	0.488905	3
210100220000	0.871185	0
220020102000	0.813757	1
221201110040	0.356016	3
022000122003	24.164238	0
000101220240	0.911036	0
000120020000	0.802251	0
020200012010	0.916490	0
100200200240	0.902402	0
212012001000	4.802259	0
010001220000	0.767481	0
330020333200	0.337947	2
022201310000	0.881643	2
220000102003	0.127577	0
002120000110	0.885507	2
001212	0.471223	2
000122002211	0.804874	0
200210	4.725588	2
112101	0.948325	1
014142024045	0.959347	1
022033021333	0.909692	2
120033002333	0.733288	3
002020300012	0.571552	0
201002101000	92.032122	0
000000040020	41.365294	0
122211210102	396.575332	0
000222000121	0.425446	2
012002010000	3.189302	2
000222300021	0.724705	2
000020020020	2.499825	0
101000002023	0.985109	3
241410442420	0.671176	1
100212000002	1.176417	3
100000202001	0.941390	0
201120040001	127.864256	0
000202320100	0.899864	0
000000202001	1.075656	0
200000000220	3.408650	0
020012000141	94.559515	0
220200112003	0.429798	2
120000201020	11.469506	0
210000140002	14.050567	0
000133200333	0.724356	2
001220002010	1.867857	0
332000333000	0.245580	3
010200020140	5.271890	0
000221000102	60.418544	0
100000000022	2.684703	0
201000022000	5.768461	0
210000000010	25.641218	0
202000	5.807689	0
142400442400	1086.967244	0
012000002000	0.781920	0
001020100000	27.833312	0
100100020200	0.846636	0
020000112200	2.873032	0
100122102003	0.940761	3
000222000001	0.845585	2
100010000012	0.923741	0
332002333010	1.494083	2
000000100240	10.159565	0
002020300201	0.883048	0
002000010010	2.441631	0
000100000241	2.455696	0
200000221000	0.889908	0
000020000021	0.688832	0
002021000012	0.667421	0
000211000212	0.586244	3
001033	0.707526	2
001002020100	0.895883	0
041420442400	2.308673	1
200211000112	1.638673	2
000220110000	8.079771	0
220000102200	0.795230	0
001000002100	0.919366	0
200233221333	2.838404	1
002002100200	47.066325	0
120120001000	909.333848	0
014240214244	1.173213	1
011220200020	18.607444	0
200212000041	88.481701	2
000000202013	0.896602	0
022102320110	264.238208	0
000100022100	0.919530	0
100002300000	0.877745	0
102002200003	90.029909	0
000021300200	2.184053	0
041421442400	797.941086	0
001020040120	104.883511	0
210200010000	25.481418	0
112002021003	1.376203	2
221100120100	1.058300	3
102000002000	459.618910	0
024040104045	0.347435	1
020001020240	1.061954	0
242401	0.969402	1
101000002002	0.790511	0
010212000112	0.786130	3
220000020003	0.733809	0
200100000010	1.710576	0
200100202003	0.733314	3
210020200000	34.063589	0
000012020100	185.495771	0
200210300120	1.214711	2
200210000020	0.966921	2
002220100010	0.939848	2
212002120003	0.847584	2
241400442402	0.816331	2
020021320001	22.045001	0
200200000203	2.157740	0
200201010200	122.782440	0
020002000102	7.885795	0
000220300000	27.165531	0
004042114244	0.762192	2
120020211000	41.803921	0
000020202010	1.166419	0
000000120043	124.628202	0
200102000000	4.568088	0
000222300120	0.809026	2
000000301002	0.792301	0
102010000020	292.563180	0
221001100240	0.766365	3
200210000222	7.250698	2
240400442410	0.418144	2
000202020100	0.409942	0
200002100000	2.404162	0
201020221020	158.935702	0
200102000001	7.847382	0
000000340020	20.446456	0
002033221333	0.721081	3
002000300010	7.123634	0
200210000021	1.771158	2
014240104045	0.771792	2
012000020003	9.903217	0
002200000202	15.531263	0
201021001020	672.491102	0
040420440421	0.971216	1
000002010001	1.331988	0
000000001023	624.646280	0
102220000010	1.717040	2
102000002001	187.305393	0
332021	0.698696	3
102100102000	0.892076	0
020102020100	130.115870	0
200200000021	89.812389	0
002201000202	248.302803	0
000211	4.960472	0
020101120240	1.203950	0
000100020002	1.119312	0
021120120000	252.235448	0
350420	2.939859	2
010102120101	0.767287	3
200200002000	46.168194	0
000012300000	5.503498	0
210100221000	0.784281	0
212000211210	0.940564	3
221001100140	0.849202	3
002012300020	152.158647	0
000020001011	10.405376	0
022201	6.012760	2
011020000000	1.694262	0
102122040111	0.421300	3
000000101200	3.700179	0
010001000240	0.820532	0
022000100100	8.009075	0
001002200040	284.946201	0
201020000010	14.717291	0
002000220020	0.876258	0
020001302000	0.843562	0
000200210102	5.961368	0
024140104244	5.999556	1
000001220202	0.877919	0
001000201010	0.861039	0
200000101020	8.722478	0
020100020000	80.460233	0
002011000002	0.888260	0
200000210003	0.833282	0
202011001212	0.884121	2
000120302012	0.968600	3
010000120002	0.866412	0
220000222003	0.542473	0
102033202333	1528.947348	3
100000042012	32.243811	0
100000210040	0.830387	0
004053224353	0.706417	3
011222	0.388816	3
002000300201	47.392710	0
220033222333	0.552753	1
000000241000	0.615777	0
000000240003	0.346744	0
210000201200	13.221797	0
001020100001	2.450252	0
120210212020	0.960904	3
000000210240	9.993429	0
121112	780.754415	0
221020121020	240.774038	0
000000202000	0.191520	0
040420441411	4.650850	1
000000202022	0.925719	0
002010300002	41.053264	0
112112	493.914244	0
020000002100	1.334789	0
100220010000	2.712769	2
102100	4.084165	0
000233001333	1.235534	3
200200110000	6.076578	0
200102300000	0.920272	0
101000202000	0.565989	0
000000001002	10.760375	0
000000210202	6.393028	0
012033001333	0.692410	3
102010040000	315.800638	0
220033112333	0.620730	1
020011000112	0.882125	2
020000200000	1.479042	0
000200300002	2.991759	0
002002000021	19.587762	0
002002020202	23.669115	0
101020	1.498850	0
202010001002	0.833199	0
002002002000	12.996880	0
210000000022	20.659024	0
012002020003	0.677075	2
012002021000	2.073517	2
001022300200	0.841752	3
002200100000	27.485696	0
000002300022	0.795032	0
010000000240	2.607448	0
021121020202	279.493898	0
000001220240	0.902176	0
012033	2.050369	3
100000202003	0.603610	0
041401442402	0.832708	3
020033102333	0.809186	2
020102000140	2.151703	0
201200001020	17.156178	0
200211000120	1.335921	2
000020100011	2.918040	0
210200120000	207.593851	0
002000002010	9.752423	0
212200101020	175.398359	0
001000002012	0.888200	0
102033042333	1499.192421	3
100000200100	0.893288	0
020001200000	0.793811	0
332002333022	1.170073	1
041401540402	0.913767	3
001000001012	0.809993	0
211020221020	339.081730	0
200010020040	0.801138	0
100220000020	2.328452	2
021020100043	148.528031	0
202020001011	0.863306	2
012120120112	0.918495	1
020100320001	129.715476	0
222000141003	0.628788	2
000002300122	0.877981	0
000220001100	5.874204	0
020120000020	121.754385	0
022020002010	0.900901	1
100200010000	0.963645	0
200000141000	55.089076	0
001001022000	0.887878	0
002020010012	0.878783	0
200200000011	9.086668	0
101020042011	0.863429	0
000100100240	1.325642	0
001210300002	0.956547	2
202000111200	28.449957	0
010000000202	0.899882	0
101220002000	1.454012	2
000200020003	20.400200	0
000010000220	0.876072	0
002020300210	0.765327	0
020100110240	1.340717	0
142400442403	988.279979	0
210000102020	0.926248	0
010233221333	197.838089	3
221000101000	0.751886	0
110020201000	0.893945	2
122000200000	100.633626	0
122000201003	334.294171	0
000001020100	1.577536	0
220200112000	0.502463	2
020012000041	109.467347	0
101010042022	0.859460	2
010200220040	12.199305	0
212202100000	0.948967	2
000020100200	3.358131	0
000012200141	19.237059	0
002010001001	2.602294	0
200210001020	0.916029	2
002011000022	2.472616	0
200000011020	1.325782	0
100000042002	2.317215	0
000200000011	2.835279	0
021020300000	0.884530	0
202000001002	0.864103	0
000001300222	0.648746	0
020100000002	126.006970	0
020001300240	1.124602	0
214140024144	0.851141	1
202211	4.296231	2
122210210000	183.344420	0
040400441423	743.497421	0
212002141000	11.244878	2
211020201020	471.916274	0
200010000040	1.346090	0
120000200140	238.562148	0
220001000040	0.649637	2
002000000212	6.995857	0
121100	60.479780	0
100002020000	1.311214	0
000000302202	3.892633	0
120102202000	0.954134	0
140402	0.852626	2
000020340000	4.333451	0
020000220000	0.536634	0
000000000023	56.745055	0
202000041003	0.720211	0
000000020100	273.684657	0
001222	0.326618	2
202000101003	0.596037	0
202000100000	0.698311	0
000101020202	0.886574	0
022002	13.553456	0
000000000212	0.830843	0
330212333002	0.491146	3
002001000212	0.814136	0
330210333120	0.894163	3
000000200240	4.402854	0
200000300010	15.294012	0
352400543412	112.493723	0
211102	226.650342	0
200012000021	53.711625	0
000010100020	1.281903	0
010000200001	0.856860	0
010100	0.315945	0
021021001002	174.040204	0
001002000200	0.776020	0
330220333222	42.334372	1
000012000201	0.893516	0
200102221100	1.153705	0
330002333202	0.121814	2
014240204044	0.744970	1
000200000003	54.162711	0
222233111333	0.771492	1
002001300220	6.967131	0
330100333200	0.670959	2
000010042010	0.883092	0
200210001000	0.892741	2
200021000001	21.353828	0
011111	0.999339	1
022121	8.267853	2
001212300100	0.889370	2
022000102010	69.079795	0
200020101000	12.156854	0
000002320122	1.888499	0
021020020020	325.080137	0
210112	211.050662	0
011110	0.991333	3
332210333040	747.938581	0
001020101000	8.501220	0
001122002021	0.796031	0
201020011020	534.095074	0
000120000211	0.938827	0
001020002001	3.345948	0
002000010202	1.285796	0
201012101021	0.923781	0
024142014044	0.869217	1
112002202003	0.854611	2
100010202020	0.920322	0
012200210000	37.074142	0
200210300140	1.742418	2
010001002000	0.873618	0
020110	7.003110	0
000002102003	36.789416	0
201020021020	20.288858	0
020101100240	0.978332	0
200020300001	0.826154	0
000022300041	0.451636	0
330000333221	8.158027	3
021120100000	149.459857	0
201000041020	0.727718	0
000200300010	1.607717	0
020120100000	17.227887	0
000200000110	1.877989	0
110002200000	0.910613	2
020122340101	725.931590	0
330200353102	0.652119	3
220000110040	0.886225	0
010000222000	0.718139	0
002022	0.270814	2
002021001002	0.718714	0
220200010000	0.876443	2
014241124244	99.576008	0
200010040011	0.816400	3
100200300100	0.925806	0
120000020003	0.831108	0
000000001201	1.870918	0
000001020001	6.485758	0
330122	0.653009	1
001000000021	0.851455	0
100002102000	1.330501	0
200033042333	0.242235	2
000010042020	3.564529	0
220000001020	0.867239	0
201010002022	2.121273	0
014053224345	0.634451	3
000020040001	11.725500	0
001020000211	0.909845	0
202000001000	0.202590	0
352412	714.870103	0
000000100020	52.196168	0
020100100240	3.286060	0
020200002003	0.895870	0
004040204144	0.652234	0
221101110200	0.820291	3
010000200100	0.805509	0
021033000333	0.853348	1
041401442412	0.862786	3
020233210333	0.579491	2
002033201333	0.401238	3
000000021040	13.121238	0
221221110000	78.752467	0
040401442400	0.668241	0
101000042020	0.750479	0
001221000200	183.885214	0
000022010000	0.896442	0
000020000012	3.463626	0
020000001200	1.255171	0
100102200000	0.923891	0
000011022112	0.798502	3
200210100000	2.093407	2
010200220003	46.445189	0
332202333100	0.741414	2
000220300222	8.145816	0
000000200110	17.533073	0
210002210000	90.756589	0
010210010002	0.884894	0
001200300000	0.852128	0
020200010220	100.825898	0
000033202353	0.832072	3
021001002000	0.613376	3
020001300202	0.861540	0
000100010202	0.781076	0
014140	0.841372	1
000200000022	1.344603	0
000102010040	0.761228	0
020102212200	292.204784	0
000001200202	41.124710	0
100002	5.431034	0
210200000100	65.004628	0
224142	0.998051	1
020100120240	4.690394	0
000002301200	0.888919	0
004042304244	0.241186	2
200010000002	0.664654	0
002020300011	0.818149	0
001012340121	0.948631	3
201012000021	1.910778	0
202010001001	0.877364	3
200133	0.711127	1
012200211000	33.850046	0
200012000020	83.444656	0
200010340022	1.282002	0
200212020102	0.869528	1
012000000010	0.795332	0
000002320240	0.898855	0
014040214244	0.689016	2
000220020102	9.377317	0
100200202000	0.658317	0
040400540412	0.760801	0
000000202011	1.196824	0
202202	0.737150	2
100120000201	0.934987	3
000002020122	0.884922	0
000012300222	0.633605	0
002000100003	38.390632	0
042400540420	0.795636	2
002002000022	33.768141	0
021222	0.609741	1
002212020102	75.473852	0
002212000102	126.295131	0
040412442402	0.799612	2
100020000001	0.697312	0
101122042111	0.752001	3
014241214044	727.046347	0
000002220200	35.197455	0
002200200000	25.154496	0
001001000222	0.852585	0
112220212110	1.264227	2
000210300202	1.169846	0
020200200003	0.821806	0
004241024244	295.909847	0
122000102000	366.341509	0
004240304244	43.953470	1
220111	0.663222	1
200212300001	0.763972	2
001002300200	0.685315	3
102000140020	53.851707	0
220100122020	0.909768	0
020000000240	7.663440	0
210002120003	154.776718	0
002210000010	82.977952	0
000020000210	4.195070	0
002001300212	1.211677	0
010210020102	0.846315	0
212033201333	0.585746	3
020000000040	8.711449	0
022000020003	16.272393	0
002010300220	147.140483	0
000000002202	1.946652	0
000202300001	0.818450	0
002001001210	0.959124	0
000202000101	0.684519	0
000000000020	33.960631	0
004040	2.440637	0
002000300212	8.013075	0
100200000001	1.744373	0
000221	177.033892	0
202000000000	0.727744	0
000102200000	11.256880	0
330200333111	0.948036	3
121100202002	1.397924	0
000033022333	0.281517	3
021020000000	115.046704	0
101012	0.480350	2
000002020010	0.798723	0
102020042000	0.605398	0
201200001003	1.119656	0
102000022000	187.920584	0
142420442401	11.276436	1
010002200003	4.518442	0
010002201000	1.839827	3
000120000210	0.902725	0
330200333121	1.316688	3
240400442400	0.172946	2
010101120202	0.916528	2
120000010100	100.325071	0
210200000000	181.508732	0
042410540402	0.899223	2
002012002112	10.289748	0
000002300200	0.237441	0
000200300022	7.055897	0
020000340000	0.745028	0
200021000012	21.813953	0
100020202000	0.662196	0
201000340010	2.182632	0
001020202012	5.786055	0
002000020100	87.963633	0
000100200000	1.189492	0
200120001000	1.087931	2
041400442420	0.532096	2
002000220010	1.357796	0
102120002210	0.858815	3
000200300220	7.018537	0
000201300022	45.116394	0
000201000122	4.209644	0
012200020000	276.870945	0
200012300012	114.107500	0
000122000200	0.840575	0
201020102011	0.940635	0
021102010200	97.427126	0
200033101333	0.546929	2
100102210140	0.844961	0
000000002102	20.297454	0
001021002000	353.415513	0
200000200010	1.100615	0
000000	27.252408	0
000000240020	6.873158	0
002100041000	0.885291	0
102100202000	0.885279	0
101000042023	0.992106	3
124040204244	315.521517	0
000100020001	28.336489	0
200110000200	0.881073	3
202011021112	0.871678	2
330220333100	0.523312	2
001033200333	0.741672	2
000010000002	0.485689	0
000110000020	0.925873	0
200012340001	0.737951	0
000102002001	2.984650	0
020001110040	0.746870	0
002000300202	8.397309	0
020233211333	0.813028	2
101010	0.560450	2
000000101020	42.094695	0
000000320001	41.213354	0
201222012111	41.770181	2
000202300100	0.239974	0
200000201020	0.670336	0
101122042121	0.995898	3
022000201010	1.188276	0
000000000201	19.340921	0
014040124244	0.785575	2
100122040021	0.884184	3
112000202000	1.585824	0
120200200000	1.207413	0
002002000012	32.173913	0
042400540410	0.612293	2
100200000100	0.596671	0
000200300110	0.853828	0
000200020122	1.753288	0
000010300222	0.699269	0
220000111040	0.960107	0
201200100003	0.873290	0
200212010102	1.546300	2
042400442410	53.737037	1
101020002022	0.881544	0
220000140000	0.603427	0
